"Component","Full GSS (1971-2024)","Restricted GSS (1994-2014)"
"Period",0.139630346081024,0.682414215080199
"Cohort",2.34642044484599,0.0618016742656737
"Residual",97.513949209073,99.2557841106541
