"period_4yr","srh_young","srh_old","gradient","n_total"
"1991",3.44643089861413,2.56666338194718,0.879767516666947,1991
"1995",3.20156892716114,2.64777813691462,0.553790790246521,5231
"1999",3.18805690211671,2.36704251256615,0.82101438955055,4159
"2003",3.16267105229836,2.64369910895867,0.518971943339682,4855
"2007",3.2073606045966,2.36348913920748,0.843871465389126,2623
"2011",3.08151618418304,2.59603081198238,0.485485372200661,3004
