"parameter","mean","sd","n_eff","Rhat"
"(Intercept)",3.17244506853338,0.103683703666425,4497,1.0005165141256
"age",-0.00370596415166831,0.00217641867919181,4464,1.0004634877347
"scale(age_squared)",-0.104079144617092,0.0373231891766426,4392,1.00056856399908
"lnWt",0.0621771535064844,0.0119150625935203,20919,0.999867445974803
"sigma",0.808397133100952,0.00382121532097536,17996,0.999985609925268
"Sigma[cohort_4yr:(Intercept),(Intercept)]",0.00040687499488055,0.000512906934528617,2997,1.00003713770863
"Sigma[period_4yr:(Intercept),(Intercept)]",0.00449271453510426,0.00604383823377831,3200,1.00004209028787
"mean_PPD",3.00034752109078,0.00769174416307875,11712,1.00028959601567
"log-posterior",-26428.3221641287,5.76374219422839,2527,1.00088108303197
