"Component","Full GSS (1971-2024)","Restricted GSS (1994-2024)"
"Period",0.139630346081024,0.480721958733113
"Cohort",2.34642044484599,2.09341430190402
"Residual",97.513949209073,97.4258637393629
