"parameter","mean","sd","n_eff","Rhat"
"(Intercept)",3.8963601906295,0.106985284304047,2641,1.00338999744853
"age",-0.0208033016547221,0.00219836536279446,3278,1.00254971981458
"scale(age_squared)",0.216683761788021,0.0334631080534083,5029,1.00170920477312
"lnWt",0.0352293587600227,0.00774944607517148,15717,0.999695897811229
"sigma",0.795546893719716,0.00298326245113472,12424,1.00003208263368
"Sigma[cohort_4yr:(Intercept),(Intercept)]",0.0135975766029283,0.00532298679597872,2505,1.00087154656837
"Sigma[period_4yr:(Intercept),(Intercept)]",0.00312248447554694,0.00289230706538884,2680,1.00007921549261
"mean_PPD",2.95328327708209,0.00598347975062875,11861,1.00010370803146
"log-posterior",-42319.3290090783,6.40226935274569,2324,1.00038257998931
