survey,year,coefficient,se,t_value,p_value,ci_lower,ci_upper,n_unweighted
NHANES,2001.5,-0.006936,0.001029,-6.740544,9e-6,-0.009143,-0.004729,5136
NHANES,2003.5,-0.009891,0.001153,-8.575703,1e-6,-0.012365,-0.007417,4845
NHANES,2005.5,-0.006261,0.001047,-5.982582,3.4e-5,-0.008506,-0.004016,4878
NHANES,2007.5,-0.008287,7.92e-4,-10.460448,0,-0.009976,-0.006598,5503
NHANES,2009.5,-0.003355,0.001067,-3.144434,0.006682,-0.00563,-0.001081,5617
NHANES,2011.5,-0.006531,9.98e-4,-6.542977,7e-6,-0.008647,-0.004415,4990
NHANES,2013.5,-0.004633,0.001179,-3.930773,0.001508,-0.007161,-0.002105,5443
NHANES,2015.5,-0.003048,0.001328,-2.295491,0.037671,-0.005896,-2e-4,5214
NHANES,2017.5,-0.003141,0.001632,-1.92481,0.074817,-0.006642,3.59e-4,5135
