survey,year,r_squared,n_unweighted
NHANES,1999.5,0.047427,4969
NHANES,2001.5,0.026073,5590
NHANES,2003.5,0.039617,5300
NHANES,2005.5,0.022079,5329
NHANES,2007.5,0.031053,5993
NHANES,2009.5,0.020985,6358
NHANES,2011.5,0.021441,5614
NHANES,2013.5,0.012815,5919
NHANES,2015.5,0.006621,5726
NHANES,2017.5,0.012718,5527
NHANES,2018.5,0.010273,8956
NHANES,2022,0.02829,6335
