"component","variance","pct_of_total","sd","model"
"Cohort",0.0152623757380227,2.28833532358987,0.123540988089066,"Spline (df=6)"
"Period",0.000752798809774039,0.1128694600062,0.0274371793334162,"Spline (df=6)"
"Residual",0.65094895351013,97.5987952164039,0.806814076172528,"Spline (df=6)"
"Cohort",0.0156795812204456,2.34642044484599,0.125218134551053,"Quadratic"
"Period",0.000933057567336376,0.139630346081024,0.0305459910190581,"Quadratic"
"Residual",0.651621447515311,97.513949209073,0.807230727558925,"Quadratic"
