"Component","Full GSS (1971-2024)","Restricted GSS (2004-2024)"
"Period",0.139630346081024,0.433568615737233
"Cohort",2.34642044484599,1.54225492897789
"Residual",97.513949209073,98.0241764552849
