"period_4yr","srh_young","srh_old","gradient","n_total"
"2003",3.16267105229836,2.64369910895867,0.518971943339682,4855
"2007",3.2073606045966,2.36348913920748,0.843871465389126,2623
"2011",3.08151618418304,2.59603081198238,0.485485372200661,3004
"2015",3.15146332748591,2.67732437872603,0.474138948759883,3444
"2019",3.08936264801329,2.60044557924126,0.488917068772028,7029
"2023",2.98241079687368,2.42675474177629,0.555656055097389,3166
