"parameter","mean","sd","n_eff","Rhat"
"(Intercept)",3.93350918937175,0.157426109770573,3473,1.00035642129037
"age",-0.0216136407189226,0.00325209691014333,3392,1.00038246836476
"scale(age_squared)",0.263196246609166,0.0525620401249138,3819,1.00038516089081
"lnWt",0.0281850318092809,0.00848301368463901,17701,0.99974606444409
"sigma",0.796056131505589,0.00365772620366251,15120,1.0000453810777
"Sigma[cohort_4yr:(Intercept),(Intercept)]",0.00997051265684765,0.00483015242586706,2404,1.00096256709599
"Sigma[period_4yr:(Intercept),(Intercept)]",0.00280297458584551,0.004403838668602,3673,1.00006024792823
"mean_PPD",2.91042822840459,0.00725502433515827,11996,1.0001058467772
"log-posterior",-28778.2442110409,6.19947401791347,2022,1.00160623434462
