"component","variance","pct_of_total"
"period_4yr",0.000960985567794497,0.143770366891977
"cohort_4yr",0.0154208607892891,2.30707191425824
"Residual",0.652035149835563,97.5491577188498
"Total",0.668416996192647,100
