"component","variance","pct_of_total","sd","prior"
"cohort_4yr",0.0156795812204456,2.34642044484599,0.125218134551053,"Default: decov(1,1,1,1)"
"period_4yr",0.000933057567336376,0.139630346081024,0.0305459910190581,"Default: decov(1,1,1,1)"
"Residual",0.651621447515311,97.513949209073,0.807230727558925,"Default: decov(1,1,1,1)"
"cohort_4yr",0.0156835790152002,2.34719229781504,0.12523409685545,"Concentrated: decov(2,1,1,1)"
"period_4yr",0.000930734406137479,0.139292990922548,0.0305079400507061,"Concentrated: decov(2,1,1,1)"
"Residual",0.651570352564475,97.5135147112624,0.807199078644466,"Concentrated: decov(2,1,1,1)"
"cohort_4yr",0.015596534618266,2.33452841877358,0.124886086567984,"Diffuse: decov(0.5,1,1,1)"
"period_4yr",0.000919616636990034,0.137650524682316,0.0303251815656565,"Diffuse: decov(0.5,1,1,1)"
"Residual",0.651564583716454,97.5278210565441,0.807195505262792,"Diffuse: decov(0.5,1,1,1)"
