survey,term,covariate,covariate_label,level,reference,age_group,year,coefficient,se,ci_lower,ci_upper,n_unweighted
BRFSS,sexFemale,sex,Sex,Female,Male,18-29,1993,-0.098395,0.020249,-0.138084,-0.058705,20069
BRFSS,race_includehispBlack,race_includehisp,Race/Ethnicity,Black,White,18-29,1993,-0.191433,0.03286,-0.255841,-0.127024,20069
BRFSS,race_includehispAIAN,race_includehisp,Race/Ethnicity,AIAN,White,18-29,1993,-0.302202,0.0849,-0.468614,-0.135791,20069
BRFSS,race_includehispAsian,race_includehisp,Race/Ethnicity,Asian,White,18-29,1993,-0.219142,0.055001,-0.326949,-0.111335,20069
BRFSS,race_includehispHispanic,race_includehisp,Race/Ethnicity,Hispanic,White,18-29,1993,-0.210647,0.042086,-0.29314,-0.128155,20069
BRFSS,race_includehispOther,race_includehisp,Race/Ethnicity,Other,White,18-29,1993,-0.159029,0.101549,-0.358074,0.040015,20069
BRFSS,educ_3catHS_SomeColl,educ_3cat,Education,HS_SomeColl,LT_HS,18-29,1993,0.350363,0.04244,0.267176,0.43355,20069
BRFSS,educ_3catBA_plus,educ_3cat,Education,BA_plus,LT_HS,18-29,1993,0.628744,0.044168,0.54217,0.715318,20069
BRFSS,sexFemale,sex,Sex,Female,Male,18-29,1994,-0.069509,0.019703,-0.108128,-0.030889,19925
BRFSS,race_includehispBlack,race_includehisp,Race/Ethnicity,Black,White,18-29,1994,-0.139683,0.030862,-0.200174,-0.079191,19925
BRFSS,race_includehispAIAN,race_includehisp,Race/Ethnicity,AIAN,White,18-29,1994,-0.340324,0.091445,-0.519565,-0.161084,19925
BRFSS,race_includehispAsian,race_includehisp,Race/Ethnicity,Asian,White,18-29,1994,-0.125037,0.056546,-0.235871,-0.014203,19925
BRFSS,race_includehispHispanic,race_includehisp,Race/Ethnicity,Hispanic,White,18-29,1994,-0.28924,0.037861,-0.363451,-0.215029,19925
BRFSS,race_includehispOther,race_includehisp,Race/Ethnicity,Other,White,18-29,1994,-0.148698,0.169779,-0.481479,0.184084,19925
BRFSS,educ_3catHS_SomeColl,educ_3cat,Education,HS_SomeColl,LT_HS,18-29,1994,0.319741,0.034999,0.251139,0.388342,19925
BRFSS,educ_3catBA_plus,educ_3cat,Education,BA_plus,LT_HS,18-29,1994,0.647305,0.03729,0.574214,0.720395,19925
BRFSS,sexFemale,sex,Sex,Female,Male,18-29,1995,-0.054835,0.02115,-0.096291,-0.013379,20792
BRFSS,race_includehispBlack,race_includehisp,Race/Ethnicity,Black,White,18-29,1995,-0.096204,0.031547,-0.158038,-0.034369,20792
BRFSS,race_includehispAIAN,race_includehisp,Race/Ethnicity,AIAN,White,18-29,1995,-0.346012,0.085165,-0.512941,-0.179083,20792
BRFSS,race_includehispAsian,race_includehisp,Race/Ethnicity,Asian,White,18-29,1995,-0.160254,0.063178,-0.284088,-0.03642,20792
BRFSS,race_includehispHispanic,race_includehisp,Race/Ethnicity,Hispanic,White,18-29,1995,-0.292656,0.039444,-0.36997,-0.215341,20792
BRFSS,race_includehispOther,race_includehisp,Race/Ethnicity,Other,White,18-29,1995,0.056341,0.103722,-0.146962,0.259643,20792
BRFSS,educ_3catHS_SomeColl,educ_3cat,Education,HS_SomeColl,LT_HS,18-29,1995,0.272857,0.038339,0.197709,0.348006,20792
BRFSS,educ_3catBA_plus,educ_3cat,Education,BA_plus,LT_HS,18-29,1995,0.577217,0.040827,0.497193,0.657242,20792
BRFSS,sexFemale,sex,Sex,Female,Male,18-29,1996,-0.077673,0.018801,-0.114525,-0.040821,22207
BRFSS,race_includehispBlack,race_includehisp,Race/Ethnicity,Black,White,18-29,1996,-0.142584,0.031222,-0.203782,-0.081387,22207
BRFSS,race_includehispAIAN,race_includehisp,Race/Ethnicity,AIAN,White,18-29,1996,-0.026333,0.095776,-0.21406,0.161395,22207
BRFSS,race_includehispAsian,race_includehisp,Race/Ethnicity,Asian,White,18-29,1996,-0.267854,0.055384,-0.376412,-0.159297,22207
BRFSS,race_includehispHispanic,race_includehisp,Race/Ethnicity,Hispanic,White,18-29,1996,-0.280562,0.03309,-0.345421,-0.215702,22207
BRFSS,race_includehispOther,race_includehisp,Race/Ethnicity,Other,White,18-29,1996,-0.05792,0.126748,-0.306356,0.190515,22207
BRFSS,educ_3catHS_SomeColl,educ_3cat,Education,HS_SomeColl,LT_HS,18-29,1996,0.331494,0.035595,0.261725,0.401262,22207
BRFSS,educ_3catBA_plus,educ_3cat,Education,BA_plus,LT_HS,18-29,1996,0.589211,0.03754,0.51563,0.662791,22207
BRFSS,sexFemale,sex,Sex,Female,Male,18-29,1997,-0.079506,0.018277,-0.115331,-0.043681,23795
BRFSS,race_includehispBlack,race_includehisp,Race/Ethnicity,Black,White,18-29,1997,-0.084695,0.029063,-0.14166,-0.027731,23795
BRFSS,race_includehispAIAN,race_includehisp,Race/Ethnicity,AIAN,White,18-29,1997,0.025305,0.091965,-0.154952,0.205561,23795
BRFSS,race_includehispAsian,race_includehisp,Race/Ethnicity,Asian,White,18-29,1997,-0.132601,0.054522,-0.239467,-0.025734,23795
BRFSS,race_includehispHispanic,race_includehisp,Race/Ethnicity,Hispanic,White,18-29,1997,-0.26101,0.031469,-0.322691,-0.199329,23795
BRFSS,race_includehispOther,race_includehisp,Race/Ethnicity,Other,White,18-29,1997,-0.158408,0.091148,-0.337064,0.020249,23795
BRFSS,educ_3catHS_SomeColl,educ_3cat,Education,HS_SomeColl,LT_HS,18-29,1997,0.407562,0.036921,0.335195,0.47993,23795
BRFSS,educ_3catBA_plus,educ_3cat,Education,BA_plus,LT_HS,18-29,1997,0.658552,0.038809,0.582484,0.73462,23795
BRFSS,sexFemale,sex,Sex,Female,Male,18-29,1998,-0.088922,0.01803,-0.124262,-0.053581,26199
BRFSS,race_includehispBlack,race_includehisp,Race/Ethnicity,Black,White,18-29,1998,-0.094681,0.027773,-0.149117,-0.040246,26199
BRFSS,race_includehispAIAN,race_includehisp,Race/Ethnicity,AIAN,White,18-29,1998,-0.289952,0.105515,-0.496768,-0.083137,26199
BRFSS,race_includehispAsian,race_includehisp,Race/Ethnicity,Asian,White,18-29,1998,-0.075246,0.051492,-0.176173,0.025681,26199
BRFSS,race_includehispHispanic,race_includehisp,Race/Ethnicity,Hispanic,White,18-29,1998,-0.26693,0.029773,-0.325287,-0.208573,26199
BRFSS,race_includehispOther,race_includehisp,Race/Ethnicity,Other,White,18-29,1998,-0.093541,0.113451,-0.315911,0.128828,26199
BRFSS,educ_3catHS_SomeColl,educ_3cat,Education,HS_SomeColl,LT_HS,18-29,1998,0.369374,0.03268,0.305319,0.433429,26199
BRFSS,educ_3catBA_plus,educ_3cat,Education,BA_plus,LT_HS,18-29,1998,0.644358,0.036014,0.573768,0.714947,26199
BRFSS,sexFemale,sex,Sex,Female,Male,18-29,1999,-0.089993,0.018449,-0.126154,-0.053832,28124
BRFSS,race_includehispBlack,race_includehisp,Race/Ethnicity,Black,White,18-29,1999,-0.192271,0.029628,-0.250344,-0.134198,28124
BRFSS,race_includehispAIAN,race_includehisp,Race/Ethnicity,AIAN,White,18-29,1999,-0.211953,0.060165,-0.329879,-0.094026,28124
BRFSS,race_includehispAsian,race_includehisp,Race/Ethnicity,Asian,White,18-29,1999,-0.173104,0.060673,-0.292026,-0.054182,28124
BRFSS,race_includehispHispanic,race_includehisp,Race/Ethnicity,Hispanic,White,18-29,1999,-0.251623,0.029655,-0.309748,-0.193498,28124
BRFSS,race_includehispOther,race_includehisp,Race/Ethnicity,Other,White,18-29,1999,-0.09855,0.088391,-0.271802,0.074701,28124
BRFSS,educ_3catHS_SomeColl,educ_3cat,Education,HS_SomeColl,LT_HS,18-29,1999,0.363009,0.035149,0.294114,0.431903,28124
BRFSS,educ_3catBA_plus,educ_3cat,Education,BA_plus,LT_HS,18-29,1999,0.657449,0.036638,0.585636,0.729262,28124
BRFSS,sexFemale,sex,Sex,Female,Male,18-29,2000,-0.084946,0.017603,-0.119448,-0.050444,31831
BRFSS,race_includehispBlack,race_includehisp,Race/Ethnicity,Black,White,18-29,2000,-0.106591,0.028684,-0.162814,-0.050368,31831
BRFSS,race_includehispAIAN,race_includehisp,Race/Ethnicity,AIAN,White,18-29,2000,-0.164188,0.071681,-0.304685,-0.02369,31831
BRFSS,race_includehispAsian,race_includehisp,Race/Ethnicity,Asian,White,18-29,2000,-0.142945,0.048798,-0.238592,-0.047299,31831
BRFSS,race_includehispHispanic,race_includehisp,Race/Ethnicity,Hispanic,White,18-29,2000,-0.288836,0.028484,-0.344666,-0.233006,31831
BRFSS,race_includehispOther,race_includehisp,Race/Ethnicity,Other,White,18-29,2000,-0.236055,0.074142,-0.381377,-0.090734,31831
BRFSS,educ_3catHS_SomeColl,educ_3cat,Education,HS_SomeColl,LT_HS,18-29,2000,0.379122,0.033213,0.314023,0.444222,31831
BRFSS,educ_3catBA_plus,educ_3cat,Education,BA_plus,LT_HS,18-29,2000,0.662564,0.035242,0.593487,0.73164,31831
BRFSS,sexFemale,sex,Sex,Female,Male,18-29,2001,-0.08749,0.048068,-0.181727,0.006747,4512
BRFSS,race_includehispBlack,race_includehisp,Race/Ethnicity,Black,White,18-29,2001,-0.295358,0.220553,-0.72775,0.137034,4512
BRFSS,race_includehispAsian,race_includehisp,Race/Ethnicity,Asian,White,18-29,2001,0.945104,0.139444,0.671725,1.218483,4512
BRFSS,race_includehispHispanic,race_includehisp,Race/Ethnicity,Hispanic,White,18-29,2001,0.024937,0.131818,-0.23349,0.283364,4512
BRFSS,race_includehispOther,race_includehisp,Race/Ethnicity,Other,White,18-29,2001,1.857614,0.143569,1.576148,2.13908,4512
BRFSS,educ_3catHS_SomeColl,educ_3cat,Education,HS_SomeColl,LT_HS,18-29,2001,0.489756,0.059856,0.372408,0.607104,4512
BRFSS,educ_3catBA_plus,educ_3cat,Education,BA_plus,LT_HS,18-29,2001,0.80044,0.078654,0.64624,0.95464,4512
BRFSS,sexFemale,sex,Sex,Female,Male,18-29,2002,-0.089122,0.018219,-0.124831,-0.053412,36713
BRFSS,educ_3catHS_SomeColl,educ_3cat,Education,HS_SomeColl,LT_HS,18-29,2002,0.38638,0.03358,0.320562,0.452197,36713
BRFSS,educ_3catBA_plus,educ_3cat,Education,BA_plus,LT_HS,18-29,2002,0.69043,0.034867,0.62209,0.75876999999999994,36713
BRFSS,sexFemale,sex,Sex,Female,Male,18-29,2003,-0.086739,0.018004,-0.122027,-0.05145,36438
BRFSS,educ_3catHS_SomeColl,educ_3cat,Education,HS_SomeColl,LT_HS,18-29,2003,0.40729,0.033351,0.341921,0.472659,36438
BRFSS,educ_3catBA_plus,educ_3cat,Education,BA_plus,LT_HS,18-29,2003,0.735523,0.035337,0.666261,0.804784,36438
BRFSS,sexFemale,sex,Sex,Female,Male,18-29,2004,-0.059722,0.019065,-0.097089,-0.022355,38723
BRFSS,educ_3catHS_SomeColl,educ_3cat,Education,HS_SomeColl,LT_HS,18-29,2004,0.48041,0.034804,0.412192,0.548627,38723
BRFSS,educ_3catBA_plus,educ_3cat,Education,BA_plus,LT_HS,18-29,2004,0.800219,0.035852,0.729948,0.870491,38723
BRFSS,sexFemale,sex,Sex,Female,Male,18-29,2005,-0.069499,0.018412,-0.105586,-0.033411,38726
BRFSS,educ_3catHS_SomeColl,educ_3cat,Education,HS_SomeColl,LT_HS,18-29,2005,0.449668,0.030346,0.39019,0.509147,38726
BRFSS,educ_3catBA_plus,educ_3cat,Education,BA_plus,LT_HS,18-29,2005,0.781734,0.032024,0.718967,0.844502,38726
BRFSS,sexFemale,sex,Sex,Female,Male,18-29,2006,-0.114535,0.021893,-0.157447,-0.071623,33516
BRFSS,educ_3catHS_SomeColl,educ_3cat,Education,HS_SomeColl,LT_HS,18-29,2006,0.399827,0.037033,0.327241,0.472413,33516
BRFSS,educ_3catBA_plus,educ_3cat,Education,BA_plus,LT_HS,18-29,2006,0.71896,0.039264,0.642001,0.795918,33516
BRFSS,sexFemale,sex,Sex,Female,Male,18-29,2007,-0.051536,0.021289,-0.093263,-0.009809,34816
BRFSS,educ_3catHS_SomeColl,educ_3cat,Education,HS_SomeColl,LT_HS,18-29,2007,0.447598,0.036935,0.375204,0.519993,34816
BRFSS,educ_3catBA_plus,educ_3cat,Education,BA_plus,LT_HS,18-29,2007,0.742231,0.04046,0.662928,0.821535,34816
BRFSS,sexFemale,sex,Sex,Female,Male,18-29,2008,-0.072593,0.020371,-0.11252,-0.032665,30360
BRFSS,educ_3catHS_SomeColl,educ_3cat,Education,HS_SomeColl,LT_HS,18-29,2008,0.313536,0.035823,0.243322,0.38375,30360
BRFSS,educ_3catBA_plus,educ_3cat,Education,BA_plus,LT_HS,18-29,2008,0.637177,0.037718,0.563249,0.711106,30360
BRFSS,sexFemale,sex,Sex,Female,Male,18-29,2009,-0.110248,0.020824,-0.151063,-0.069433,28256
BRFSS,educ_3catHS_SomeColl,educ_3cat,Education,HS_SomeColl,LT_HS,18-29,2009,0.296698,0.037112,0.223957,0.369439,28256
BRFSS,educ_3catBA_plus,educ_3cat,Education,BA_plus,LT_HS,18-29,2009,0.592541,0.039612,0.514899,0.67018200000000006,28256
BRFSS,sexFemale,sex,Sex,Female,Male,18-29,2010,-0.110882,0.019701,-0.149497,-0.072266,26039
BRFSS,educ_3catHS_SomeColl,educ_3cat,Education,HS_SomeColl,LT_HS,18-29,2010,0.281495,0.034561,0.213754,0.349236,26039
BRFSS,educ_3catBA_plus,educ_3cat,Education,BA_plus,LT_HS,18-29,2010,0.579059,0.037048,0.506443,0.651675,26039
BRFSS,sexFemale,sex,Sex,Female,Male,18-29,2011,-0.106246,0.015727,-0.137072,-0.075421,44489
BRFSS,race_includehispBlack,race_includehisp,Race/Ethnicity,Black,White,18-29,2011,-0.182401,0.025752,-0.232874,-0.131927,44489
BRFSS,race_includehispAIAN,race_includehisp,Race/Ethnicity,AIAN,White,18-29,2011,-0.169779,0.075393,-0.31755,-0.022007,44489
BRFSS,race_includehispAsian,race_includehisp,Race/Ethnicity,Asian,White,18-29,2011,-0.05272,0.04176,-0.134569,0.02913,44489
BRFSS,race_includehispHispanic,race_includehisp,Race/Ethnicity,Hispanic,White,18-29,2011,-0.23289,0.021893,-0.275801,-0.189979,44489
BRFSS,race_includehispOther,race_includehisp,Race/Ethnicity,Other,White,18-29,2011,-0.101404,0.042585,-0.184872,-0.017936,44489
BRFSS,educ_3catHS_SomeColl,educ_3cat,Education,HS_SomeColl,LT_HS,18-29,2011,0.30255,0.026426,0.250754,0.354346,44489
BRFSS,educ_3catBA_plus,educ_3cat,Education,BA_plus,LT_HS,18-29,2011,0.559708,0.028295,0.50425,0.615166,44489
BRFSS,sexFemale,sex,Sex,Female,Male,18-29,2012,-0.123843,0.015954,-0.155112,-0.092574,46198
BRFSS,race_includehispBlack,race_includehisp,Race/Ethnicity,Black,White,18-29,2012,-0.10653,0.027314,-0.16006600000000001,-0.052994,46198
BRFSS,race_includehispAIAN,race_includehisp,Race/Ethnicity,AIAN,White,18-29,2012,-0.153918,0.077829,-0.306465,-0.001372,46198
BRFSS,race_includehispAsian,race_includehisp,Race/Ethnicity,Asian,White,18-29,2012,-0.097296,0.041162,-0.177975,-0.016618,46198
BRFSS,race_includehispHispanic,race_includehisp,Race/Ethnicity,Hispanic,White,18-29,2012,-0.225597,0.022326,-0.269357,-0.181838,46198
BRFSS,race_includehispOther,race_includehisp,Race/Ethnicity,Other,White,18-29,2012,-0.115943,0.038593,-0.191586,-0.040301,46198
BRFSS,educ_3catHS_SomeColl,educ_3cat,Education,HS_SomeColl,LT_HS,18-29,2012,0.377036,0.031948,0.314418,0.439654,46198
BRFSS,educ_3catBA_plus,educ_3cat,Education,BA_plus,LT_HS,18-29,2012,0.631765,0.033518,0.56607,0.69746,46198
BRFSS,sexFemale,sex,Sex,Female,Male,18-29,2013,-0.120229,0.01546,-0.150531,-0.089927000000000007,42397
BRFSS,race_includehispBlack,race_includehisp,Race/Ethnicity,Black,White,18-29,2013,-0.087352,0.023367,-0.133151,-0.041552,42397
BRFSS,race_includehispAIAN,race_includehisp,Race/Ethnicity,AIAN,White,18-29,2013,-0.06344,0.052321,-0.16599,0.03911,42397
BRFSS,race_includehispAsian,race_includehisp,Race/Ethnicity,Asian,White,18-29,2013,-0.077031,0.038498,-0.152489,-0.001574,42397
BRFSS,race_includehispHispanic,race_includehisp,Race/Ethnicity,Hispanic,White,18-29,2013,-0.184352,0.143829,-0.46626,0.097555,42397
BRFSS,race_includehispOther,race_includehisp,Race/Ethnicity,Other,White,18-29,2013,-0.15215,0.0401,-0.230747,-0.073553,42397
BRFSS,educ_3catHS_SomeColl,educ_3cat,Education,HS_SomeColl,LT_HS,18-29,2013,0.273217,0.03253,0.209457,0.336976,42397
BRFSS,educ_3catBA_plus,educ_3cat,Education,BA_plus,LT_HS,18-29,2013,0.527513,0.033656,0.461548,0.593479,42397
BRFSS,sexFemale,sex,Sex,Female,Male,18-29,2014,-0.111291,0.016347,-0.143331,-0.079251,36991
BRFSS,race_includehispBlack,race_includehisp,Race/Ethnicity,Black,White,18-29,2014,-0.130934,0.026042,-0.181978,-0.07989,36991
BRFSS,race_includehispAIAN,race_includehisp,Race/Ethnicity,AIAN,White,18-29,2014,-0.182093,0.058583,-0.296917,-0.067269,36991
BRFSS,race_includehispAsian,race_includehisp,Race/Ethnicity,Asian,White,18-29,2014,-0.108343,0.036667,-0.180213,-0.036474,36991
BRFSS,race_includehispOther,race_includehisp,Race/Ethnicity,Other,White,18-29,2014,-0.060319,0.034632,-0.128199,0.00756,36991
BRFSS,educ_3catHS_SomeColl,educ_3cat,Education,HS_SomeColl,LT_HS,18-29,2014,0.267427,0.036359,0.196164,0.338691,36991
BRFSS,educ_3catBA_plus,educ_3cat,Education,BA_plus,LT_HS,18-29,2014,0.531377,0.037484,0.457907,0.604847,36991
BRFSS,sexFemale,sex,Sex,Female,Male,18-29,2015,-0.126128,0.017028,-0.159504,-0.092752,33624
BRFSS,race_includehispBlack,race_includehisp,Race/Ethnicity,Black,White,18-29,2015,-0.105659,0.026006,-0.156631,-0.054687,33624
BRFSS,race_includehispAIAN,race_includehisp,Race/Ethnicity,AIAN,White,18-29,2015,-0.041711,0.035678,-0.111641,0.028219,33624
BRFSS,race_includehispAsian,race_includehisp,Race/Ethnicity,Asian,White,18-29,2015,-0.200088,0.062166,-0.321936,-0.078239,33624
BRFSS,race_includehispOther,race_includehisp,Race/Ethnicity,Other,White,18-29,2015,0.04518,0.091571,-0.134303,0.224662,33624
BRFSS,educ_3catHS_SomeColl,educ_3cat,Education,HS_SomeColl,LT_HS,18-29,2015,0.21028,0.039188,0.13347,0.28709,33624
BRFSS,educ_3catBA_plus,educ_3cat,Education,BA_plus,LT_HS,18-29,2015,0.467156,0.040016,0.388724,0.545589,33624
BRFSS,sexFemale,sex,Sex,Female,Male,18-29,2016,-0.084197,0.015598,-0.114769,-0.053625,38940
BRFSS,race_includehispBlack,race_includehisp,Race/Ethnicity,Black,White,18-29,2016,-0.100765,0.024558,-0.148899,-0.05263,38940
BRFSS,race_includehispAIAN,race_includehisp,Race/Ethnicity,AIAN,White,18-29,2016,-0.032652,0.028327,-0.088173,0.02287,38940
BRFSS,race_includehispAsian,race_includehisp,Race/Ethnicity,Asian,White,18-29,2016,-0.211673,0.055679,-0.320805,-0.102542,38940
BRFSS,race_includehispOther,race_includehisp,Race/Ethnicity,Other,White,18-29,2016,0.120897,0.103788,-0.082531,0.324325,38940
BRFSS,educ_3catHS_SomeColl,educ_3cat,Education,HS_SomeColl,LT_HS,18-29,2016,0.303464,0.037768,0.229438,0.377489,38940
BRFSS,educ_3catBA_plus,educ_3cat,Education,BA_plus,LT_HS,18-29,2016,0.535453,0.038313,0.460358,0.610548,38940
BRFSS,sexFemale,sex,Sex,Female,Male,18-29,2017,-0.094014,0.017518,-0.128351,-0.059678,40627
BRFSS,race_includehispBlack,race_includehisp,Race/Ethnicity,Black,White,18-29,2017,-0.071369,0.02532,-0.120997,-0.021741,40627
BRFSS,race_includehispAIAN,race_includehisp,Race/Ethnicity,AIAN,White,18-29,2017,-0.105655,0.064866,-0.232793,0.021484,40627
BRFSS,race_includehispAsian,race_includehisp,Race/Ethnicity,Asian,White,18-29,2017,-0.051665,0.039437,-0.128964,0.025633,40627
BRFSS,race_includehispOther,race_includehisp,Race/Ethnicity,Other,White,18-29,2017,-0.081789,0.03651,-0.15335,-0.010228,40627
BRFSS,educ_3catHS_SomeColl,educ_3cat,Education,HS_SomeColl,LT_HS,18-29,2017,0.30659,0.048144,0.212227,0.400954,40627
BRFSS,educ_3catBA_plus,educ_3cat,Education,BA_plus,LT_HS,18-29,2017,0.570721,0.049407,0.473883,0.667559,40627
BRFSS,sexFemale,sex,Sex,Female,Male,18-29,2018,-0.111234,0.016363,-0.143307,-0.079162,39496
BRFSS,race_includehispBlack,race_includehisp,Race/Ethnicity,Black,White,18-29,2018,-0.018694,0.024094,-0.065919,0.028531,39496
BRFSS,race_includehispAIAN,race_includehisp,Race/Ethnicity,AIAN,White,18-29,2018,-0.163957,0.07126,-0.303627,-0.024286,39496
BRFSS,race_includehispAsian,race_includehisp,Race/Ethnicity,Asian,White,18-29,2018,-0.08029,0.036772,-0.152364,-0.008215,39496
BRFSS,race_includehispOther,race_includehisp,Race/Ethnicity,Other,White,18-29,2018,-0.085677,0.035318,-0.154902,-0.016452,39496
BRFSS,educ_3catHS_SomeColl,educ_3cat,Education,HS_SomeColl,LT_HS,18-29,2018,0.264804,0.040094,0.186219,0.343389,39496
BRFSS,educ_3catBA_plus,educ_3cat,Education,BA_plus,LT_HS,18-29,2018,0.495982,0.041101,0.415422,0.576541,39496
BRFSS,sexFemale,sex,Sex,Female,Male,18-29,2019,-0.090817,0.016615,-0.123382,-0.058252,37518
BRFSS,race_includehispBlack,race_includehisp,Race/Ethnicity,Black,White,18-29,2019,-0.033835,0.025935,-0.084669,0.017,37518
BRFSS,race_includehispAIAN,race_includehisp,Race/Ethnicity,AIAN,White,18-29,2019,-0.208485,0.069835,-0.345363,-0.071607,37518
BRFSS,race_includehispAsian,race_includehisp,Race/Ethnicity,Asian,White,18-29,2019,-0.016633,0.033739,-0.082763,0.049497,37518
BRFSS,race_includehispOther,race_includehisp,Race/Ethnicity,Other,White,18-29,2019,-0.113029,0.035938,-0.183468,-0.042589,37518
BRFSS,educ_3catHS_SomeColl,educ_3cat,Education,HS_SomeColl,LT_HS,18-29,2019,0.229081,0.037405,0.155766,0.302396,37518
BRFSS,educ_3catBA_plus,educ_3cat,Education,BA_plus,LT_HS,18-29,2019,0.436214,0.038617,0.360524,0.511904,37518
BRFSS,sexFemale,sex,Sex,Female,Male,18-29,2020,-0.101027,0.018018,-0.136343,-0.065711,38835
BRFSS,race_includehispBlack,race_includehisp,Race/Ethnicity,Black,White,18-29,2020,-0.08876,0.029227,-0.146045,-0.031476,38835
BRFSS,race_includehispAIAN,race_includehisp,Race/Ethnicity,AIAN,White,18-29,2020,-0.250273,0.070393,-0.388245,-0.112301,38835
BRFSS,race_includehispAsian,race_includehisp,Race/Ethnicity,Asian,White,18-29,2020,0.004947,0.036917,-0.067412,0.077306,38835
BRFSS,race_includehispOther,race_includehisp,Race/Ethnicity,Other,White,18-29,2020,-0.027603,0.041297,-0.108546,0.05334,38835
BRFSS,educ_3catHS_SomeColl,educ_3cat,Education,HS_SomeColl,LT_HS,18-29,2020,0.127375,0.040933,0.047145,0.207604,38835
BRFSS,educ_3catBA_plus,educ_3cat,Education,BA_plus,LT_HS,18-29,2020,0.316047,0.041868,0.233986,0.398109,38835
BRFSS,sexFemale,sex,Sex,Female,Male,18-29,2021,-0.098545,0.017526,-0.132895,-0.064194,37810
BRFSS,race_includehispBlack,race_includehisp,Race/Ethnicity,Black,White,18-29,2021,-0.06795,0.026635,-0.120155,-0.015745,37810
BRFSS,race_includehispAIAN,race_includehisp,Race/Ethnicity,AIAN,White,18-29,2021,-0.172276,0.06344,-0.296621,-0.047931,37810
BRFSS,race_includehispAsian,race_includehisp,Race/Ethnicity,Asian,White,18-29,2021,-0.02627,0.038529,-0.101788,0.049249,37810
BRFSS,race_includehispOther,race_includehisp,Race/Ethnicity,Other,White,18-29,2021,-0.013333,0.036472,-0.084819,0.058153,37810
BRFSS,educ_3catHS_SomeColl,educ_3cat,Education,HS_SomeColl,LT_HS,18-29,2021,0.21448,0.045038,0.126204,0.302756,37810
BRFSS,educ_3catBA_plus,educ_3cat,Education,BA_plus,LT_HS,18-29,2021,0.403757,0.046079,0.313441,0.494073,37810
BRFSS,sexFemale,sex,Sex,Female,Male,18-29,2022,-0.09955,0.017221,-0.133303,-0.065798,39415
BRFSS,race_includehispBlack,race_includehisp,Race/Ethnicity,Black,White,18-29,2022,-0.04533,0.026084,-0.096455,0.005795,39415
BRFSS,race_includehispAIAN,race_includehisp,Race/Ethnicity,AIAN,White,18-29,2022,-0.024905,0.072631,-0.167264,0.117454,39415
BRFSS,race_includehispAsian,race_includehisp,Race/Ethnicity,Asian,White,18-29,2022,0.020869,0.030274,-0.038469,0.080208,39415
BRFSS,race_includehispOther,race_includehisp,Race/Ethnicity,Other,White,18-29,2022,-0.022895,0.041261,-0.103767,0.057977,39415
BRFSS,educ_3catHS_SomeColl,educ_3cat,Education,HS_SomeColl,LT_HS,18-29,2022,0.236784,0.046519,0.145605,0.327963,39415
BRFSS,educ_3catBA_plus,educ_3cat,Education,BA_plus,LT_HS,18-29,2022,0.415225,0.04717,0.322771,0.507679,39415
BRFSS,sexFemale,sex,Sex,Female,Male,18-29,2023,-0.119059,0.018573,-0.155463,-0.082656,37730
BRFSS,race_includehispBlack,race_includehisp,Race/Ethnicity,Black,White,18-29,2023,-0.07278,0.029519,-0.130638,-0.014922,37730
BRFSS,race_includehispAIAN,race_includehisp,Race/Ethnicity,AIAN,White,18-29,2023,-0.051236,0.065881,-0.180364,0.077891,37730
BRFSS,race_includehispAsian,race_includehisp,Race/Ethnicity,Asian,White,18-29,2023,0.029615,0.031577,-0.032276,0.091507,37730
BRFSS,race_includehispOther,race_includehisp,Race/Ethnicity,Other,White,18-29,2023,-0.156753,0.045835,-0.24659,-0.066915,37730
BRFSS,educ_3catHS_SomeColl,educ_3cat,Education,HS_SomeColl,LT_HS,18-29,2023,0.204083,0.049584,0.106896,0.301269,37730
BRFSS,educ_3catBA_plus,educ_3cat,Education,BA_plus,LT_HS,18-29,2023,0.430507,0.049797,0.332904,0.52811,37730
BRFSS,sexFemale,sex,Sex,Female,Male,18-29,2024,-0.113642,0.017306,-0.147562,-0.079722,41072
BRFSS,race_includehispBlack,race_includehisp,Race/Ethnicity,Black,White,18-29,2024,-0.028189,0.025202,-0.077586,0.021208,41072
BRFSS,race_includehispAIAN,race_includehisp,Race/Ethnicity,AIAN,White,18-29,2024,-0.139232,0.075504,-0.287221,0.008757,41072
BRFSS,race_includehispAsian,race_includehisp,Race/Ethnicity,Asian,White,18-29,2024,9.89e-4,0.034325,-0.066289,0.068267,41072
BRFSS,race_includehispOther,race_includehisp,Race/Ethnicity,Other,White,18-29,2024,-0.143422,0.037166,-0.216269,-0.070575,41072
BRFSS,educ_3catHS_SomeColl,educ_3cat,Education,HS_SomeColl,LT_HS,18-29,2024,0.217291,0.047444,0.1243,0.310282,41072
BRFSS,educ_3catBA_plus,educ_3cat,Education,BA_plus,LT_HS,18-29,2024,0.436427,0.049028,0.34033,0.532524,41072
BRFSS,sexFemale,sex,Sex,Female,Male,18-29,2025,-0.210633,0.067161,-0.342342,-0.078925,2104
BRFSS,race_includehispBlack,race_includehisp,Race/Ethnicity,Black,White,18-29,2025,-0.009502,0.100942,-0.207459,0.188456,2104
BRFSS,race_includehispAIAN,race_includehisp,Race/Ethnicity,AIAN,White,18-29,2025,-0.307457,0.247715,-0.793249,0.178335,2104
BRFSS,race_includehispAsian,race_includehisp,Race/Ethnicity,Asian,White,18-29,2025,-0.04163,0.087948,-0.214105,0.130845,2104
BRFSS,race_includehispOther,race_includehisp,Race/Ethnicity,Other,White,18-29,2025,0.157887,0.094431,-0.027301,0.343075,2104
BRFSS,educ_3catHS_SomeColl,educ_3cat,Education,HS_SomeColl,LT_HS,18-29,2025,0.496231,0.181977,0.139358,0.853105,2104
BRFSS,educ_3catBA_plus,educ_3cat,Education,BA_plus,LT_HS,18-29,2025,0.701077,0.18423,0.339784,1.06237,2104
BRFSS,sexFemale,sex,Sex,Female,Male,30-39,1993,-0.002071,0.017215,-0.035813,0.031671,24256
BRFSS,race_includehispBlack,race_includehisp,Race/Ethnicity,Black,White,30-39,1993,-0.227191,0.029904,-0.285804,-0.168577,24256
BRFSS,race_includehispAIAN,race_includehisp,Race/Ethnicity,AIAN,White,30-39,1993,-0.207017,0.100909,-0.404805,-0.009228,24256
BRFSS,race_includehispAsian,race_includehisp,Race/Ethnicity,Asian,White,30-39,1993,-0.258137,0.068702,-0.392797,-0.123476,24256
BRFSS,race_includehispHispanic,race_includehisp,Race/Ethnicity,Hispanic,White,30-39,1993,-0.296099,0.038426,-0.371415,-0.220783,24256
BRFSS,race_includehispOther,race_includehisp,Race/Ethnicity,Other,White,30-39,1993,-0.080707,0.103779,-0.284121,0.122706,24256
BRFSS,educ_3catHS_SomeColl,educ_3cat,Education,HS_SomeColl,LT_HS,30-39,1993,0.486023,0.043261,0.40123,0.570817,24256
BRFSS,educ_3catBA_plus,educ_3cat,Education,BA_plus,LT_HS,30-39,1993,0.847534,0.044138,0.76102,0.934048,24256
BRFSS,sexFemale,sex,Sex,Female,Male,30-39,1994,0.003906,0.017813,-0.031008,0.03882,24648
BRFSS,race_includehispBlack,race_includehisp,Race/Ethnicity,Black,White,30-39,1994,-0.190721,0.030085,-0.24969,-0.131751,24648
BRFSS,race_includehispAIAN,race_includehisp,Race/Ethnicity,AIAN,White,30-39,1994,-0.12882,0.094081,-0.313225,0.055585,24648
BRFSS,race_includehispAsian,race_includehisp,Race/Ethnicity,Asian,White,30-39,1994,-0.202386,0.068761,-0.337162,-0.067611,24648
BRFSS,race_includehispHispanic,race_includehisp,Race/Ethnicity,Hispanic,White,30-39,1994,-0.310168,0.037904,-0.384462,-0.235873,24648
BRFSS,race_includehispOther,race_includehisp,Race/Ethnicity,Other,White,30-39,1994,-0.104599,0.086335,-0.27382,0.064623,24648
BRFSS,educ_3catHS_SomeColl,educ_3cat,Education,HS_SomeColl,LT_HS,30-39,1994,0.410617,0.036598,0.338882,0.482352,24648
BRFSS,educ_3catBA_plus,educ_3cat,Education,BA_plus,LT_HS,30-39,1994,0.749634,0.037925,0.675298,0.82397,24648
BRFSS,sexFemale,sex,Sex,Female,Male,30-39,1995,-0.044766,0.018832,-0.081677,-0.007854,26370
BRFSS,race_includehispBlack,race_includehisp,Race/Ethnicity,Black,White,30-39,1995,-0.188869,0.030043,-0.247754,-0.129983,26370
BRFSS,race_includehispAIAN,race_includehisp,Race/Ethnicity,AIAN,White,30-39,1995,-0.080684,0.088889,-0.254912,0.093543,26370
BRFSS,race_includehispAsian,race_includehisp,Race/Ethnicity,Asian,White,30-39,1995,-0.346663,0.060599,-0.46544,-0.227886,26370
BRFSS,race_includehispHispanic,race_includehisp,Race/Ethnicity,Hispanic,White,30-39,1995,-0.218643,0.039086,-0.295255,-0.142032,26370
BRFSS,race_includehispOther,race_includehisp,Race/Ethnicity,Other,White,30-39,1995,-0.116857,0.111784,-0.33596,0.102247,26370
BRFSS,educ_3catHS_SomeColl,educ_3cat,Education,HS_SomeColl,LT_HS,30-39,1995,0.392417,0.035898,0.322054,0.46278,26370
BRFSS,educ_3catBA_plus,educ_3cat,Education,BA_plus,LT_HS,30-39,1995,0.761637,0.037942,0.687268,0.836006,26370
BRFSS,sexFemale,sex,Sex,Female,Male,30-39,1996,-0.012752,0.017003,-0.046078,0.020574,28049
BRFSS,race_includehispBlack,race_includehisp,Race/Ethnicity,Black,White,30-39,1996,-0.11127,0.027797,-0.165754,-0.056787,28049
BRFSS,race_includehispAIAN,race_includehisp,Race/Ethnicity,AIAN,White,30-39,1996,-0.200797,0.117845,-0.431779,0.030184,28049
BRFSS,race_includehispAsian,race_includehisp,Race/Ethnicity,Asian,White,30-39,1996,-0.204274,0.063777,-0.32928,-0.079267,28049
BRFSS,race_includehispHispanic,race_includehisp,Race/Ethnicity,Hispanic,White,30-39,1996,-0.235122,0.033348,-0.300484,-0.169759,28049
BRFSS,race_includehispOther,race_includehisp,Race/Ethnicity,Other,White,30-39,1996,-0.053311,0.090289,-0.230282,0.123659,28049
BRFSS,educ_3catHS_SomeColl,educ_3cat,Education,HS_SomeColl,LT_HS,30-39,1996,0.528604,0.036338,0.45738,0.599829,28049
BRFSS,educ_3catBA_plus,educ_3cat,Education,BA_plus,LT_HS,30-39,1996,0.851639,0.03708,0.778961,0.924318,28049
BRFSS,sexFemale,sex,Sex,Female,Male,30-39,1997,-0.03476,0.016731,-0.067554,-0.001965,29709
BRFSS,race_includehispBlack,race_includehisp,Race/Ethnicity,Black,White,30-39,1997,-0.201902,0.029827,-0.260364,-0.143441,29709
BRFSS,race_includehispAIAN,race_includehisp,Race/Ethnicity,AIAN,White,30-39,1997,-0.398435,0.103658,-0.60161,-0.195261,29709
BRFSS,race_includehispAsian,race_includehisp,Race/Ethnicity,Asian,White,30-39,1997,-0.121416,0.058953,-0.236966,-0.005866,29709
BRFSS,race_includehispHispanic,race_includehisp,Race/Ethnicity,Hispanic,White,30-39,1997,-0.299612,0.03095,-0.360275,-0.238948,29709
BRFSS,race_includehispOther,race_includehisp,Race/Ethnicity,Other,White,30-39,1997,-0.135182,0.105677,-0.342314,0.071949,29709
BRFSS,educ_3catHS_SomeColl,educ_3cat,Education,HS_SomeColl,LT_HS,30-39,1997,0.550803,0.037625,0.477057,0.624549,29709
BRFSS,educ_3catBA_plus,educ_3cat,Education,BA_plus,LT_HS,30-39,1997,0.89096,0.038713,0.81508100000000006,0.966839,29709
BRFSS,sexFemale,sex,Sex,Female,Male,30-39,1998,-0.024727,0.01699,-0.058028,0.008575,31914
BRFSS,race_includehispBlack,race_includehisp,Race/Ethnicity,Black,White,30-39,1998,-0.151501,0.029112,-0.208562,-0.094439,31914
BRFSS,race_includehispAIAN,race_includehisp,Race/Ethnicity,AIAN,White,30-39,1998,-0.16371,0.100269,-0.360241,0.032821,31914
BRFSS,race_includehispAsian,race_includehisp,Race/Ethnicity,Asian,White,30-39,1998,-0.19229,0.0625,-0.314792,-0.069787,31914
BRFSS,race_includehispHispanic,race_includehisp,Race/Ethnicity,Hispanic,White,30-39,1998,-0.219676,0.031157,-0.280744,-0.158607,31914
BRFSS,race_includehispOther,race_includehisp,Race/Ethnicity,Other,White,30-39,1998,-0.133469,0.158033,-0.44322,0.176283,31914
BRFSS,educ_3catHS_SomeColl,educ_3cat,Education,HS_SomeColl,LT_HS,30-39,1998,0.556634,0.039229,0.479744,0.633524,31914
BRFSS,educ_3catBA_plus,educ_3cat,Education,BA_plus,LT_HS,30-39,1998,0.86871,0.040066,0.790179,0.947241,31914
BRFSS,sexFemale,sex,Sex,Female,Male,30-39,1999,-0.018092,0.016958,-0.051331,0.015146,33192
BRFSS,race_includehispBlack,race_includehisp,Race/Ethnicity,Black,White,30-39,1999,-0.199253,0.028386,-0.254891,-0.143615,33192
BRFSS,race_includehispAIAN,race_includehisp,Race/Ethnicity,AIAN,White,30-39,1999,-0.27131,0.0983,-0.463981,-0.078639,33192
BRFSS,race_includehispAsian,race_includehisp,Race/Ethnicity,Asian,White,30-39,1999,-0.178921,0.047591,-0.2722,-0.085642,33192
BRFSS,race_includehispHispanic,race_includehisp,Race/Ethnicity,Hispanic,White,30-39,1999,-0.296842,0.030397,-0.356422,-0.237262,33192
BRFSS,race_includehispOther,race_includehisp,Race/Ethnicity,Other,White,30-39,1999,-0.173186,0.107995,-0.38486,0.038488,33192
BRFSS,educ_3catHS_SomeColl,educ_3cat,Education,HS_SomeColl,LT_HS,30-39,1999,0.594964,0.038345,0.519807,0.670121,33192
BRFSS,educ_3catBA_plus,educ_3cat,Education,BA_plus,LT_HS,30-39,1999,0.917315,0.038811,0.841244,0.993386,33192
BRFSS,sexFemale,sex,Sex,Female,Male,30-39,2000,-0.024077,0.016028,-0.055492,0.007337,37425
BRFSS,race_includehispBlack,race_includehisp,Race/Ethnicity,Black,White,30-39,2000,-0.113529,0.02488,-0.162295,-0.064764,37425
BRFSS,race_includehispAIAN,race_includehisp,Race/Ethnicity,AIAN,White,30-39,2000,-0.18468,0.087358,-0.355904,-0.013455,37425
BRFSS,race_includehispAsian,race_includehisp,Race/Ethnicity,Asian,White,30-39,2000,-0.079267,0.05076,-0.178758,0.020223,37425
BRFSS,race_includehispHispanic,race_includehisp,Race/Ethnicity,Hispanic,White,30-39,2000,-0.301756,0.029471,-0.359519,-0.243993,37425
BRFSS,race_includehispOther,race_includehisp,Race/Ethnicity,Other,White,30-39,2000,-0.292814,0.098964,-0.486787,-0.098842,37425
BRFSS,educ_3catHS_SomeColl,educ_3cat,Education,HS_SomeColl,LT_HS,30-39,2000,0.579907,0.035068,0.511173,0.648641,37425
BRFSS,educ_3catBA_plus,educ_3cat,Education,BA_plus,LT_HS,30-39,2000,0.934951,0.035113,0.866128,1.003774,37425
BRFSS,sexFemale,sex,Sex,Female,Male,30-39,2001,-0.169264,0.054708,-0.276519,-0.062009,4538
BRFSS,race_includehispBlack,race_includehisp,Race/Ethnicity,Black,White,30-39,2001,-0.292506,0.272322,-0.82639,0.241378,4538
BRFSS,race_includehispAIAN,race_includehisp,Race/Ethnicity,AIAN,White,30-39,2001,-0.771042,0.100924,-0.968903,-0.573181,4538
BRFSS,race_includehispAsian,race_includehisp,Race/Ethnicity,Asian,White,30-39,2001,0.77135,0.119146,0.537767,1.004934,4538
BRFSS,race_includehispHispanic,race_includehisp,Race/Ethnicity,Hispanic,White,30-39,2001,-0.316582,0.099133,-0.510932,-0.122232,4538
BRFSS,race_includehispOther,race_includehisp,Race/Ethnicity,Other,White,30-39,2001,0.228958,0.100924,0.031097,0.426819,4538
BRFSS,educ_3catHS_SomeColl,educ_3cat,Education,HS_SomeColl,LT_HS,30-39,2001,0.721072,0.067815,0.588121,0.854023,4538
BRFSS,educ_3catBA_plus,educ_3cat,Education,BA_plus,LT_HS,30-39,2001,1.08541,0.07603,0.936354,1.234465,4538
BRFSS,sexFemale,sex,Sex,Female,Male,30-39,2002,-0.033379,0.015624,-0.064003,-0.002756,45665
BRFSS,educ_3catHS_SomeColl,educ_3cat,Education,HS_SomeColl,LT_HS,30-39,2002,0.636301,0.034372,0.568931,0.703671,45665
BRFSS,educ_3catBA_plus,educ_3cat,Education,BA_plus,LT_HS,30-39,2002,1.009901,0.034396,0.942484,1.077318,45665
BRFSS,sexFemale,sex,Sex,Female,Male,30-39,2003,-0.005076,0.015612,-0.035676,0.025524,46313
BRFSS,educ_3catHS_SomeColl,educ_3cat,Education,HS_SomeColl,LT_HS,30-39,2003,0.629931,0.034881,0.561563,0.698299,46313
BRFSS,educ_3catBA_plus,educ_3cat,Education,BA_plus,LT_HS,30-39,2003,1.024112,0.034787,0.95593,1.092294,46313
BRFSS,sexFemale,sex,Sex,Female,Male,30-39,2004,-0.029842,0.015346,-0.059921,2.37e-4,50980
BRFSS,educ_3catHS_SomeColl,educ_3cat,Education,HS_SomeColl,LT_HS,30-39,2004,0.609738,0.033175,0.544714,0.674761,50980
BRFSS,educ_3catBA_plus,educ_3cat,Education,BA_plus,LT_HS,30-39,2004,1.008209,0.033238,0.943062,1.073355,50980
BRFSS,sexFemale,sex,Sex,Female,Male,30-39,2005,-0.017624,0.015099,-0.047218,0.01197,55651
BRFSS,educ_3catHS_SomeColl,educ_3cat,Education,HS_SomeColl,LT_HS,30-39,2005,0.614445,0.03341,0.548961,0.679928,55651
BRFSS,educ_3catBA_plus,educ_3cat,Education,BA_plus,LT_HS,30-39,2005,1.054086,0.032962,0.98948,1.118692,55651
BRFSS,sexFemale,sex,Sex,Female,Male,30-39,2006,-0.01557,0.016597,-0.048101,0.01696,51111
BRFSS,educ_3catHS_SomeColl,educ_3cat,Education,HS_SomeColl,LT_HS,30-39,2006,0.61948,0.040483,0.540132,0.698827,51111
BRFSS,educ_3catBA_plus,educ_3cat,Education,BA_plus,LT_HS,30-39,2006,1.039798,0.040314,0.960782,1.118813,51111
BRFSS,sexFemale,sex,Sex,Female,Male,30-39,2007,-0.024065,0.016747,-0.056888,0.008759,57190
BRFSS,educ_3catHS_SomeColl,educ_3cat,Education,HS_SomeColl,LT_HS,30-39,2007,0.538938,0.03721,0.466007,0.611869,57190
BRFSS,educ_3catBA_plus,educ_3cat,Education,BA_plus,LT_HS,30-39,2007,0.963665,0.037164,0.890823,1.036507,57190
BRFSS,sexFemale,sex,Sex,Female,Male,30-39,2008,-0.01491,0.015161000000000001,-0.044626,0.014806,51707
BRFSS,educ_3catHS_SomeColl,educ_3cat,Education,HS_SomeColl,LT_HS,30-39,2008,0.50922,0.033003,0.444534,0.573905,51707
BRFSS,educ_3catBA_plus,educ_3cat,Education,BA_plus,LT_HS,30-39,2008,0.947092,0.032508,0.883376,1.010808,51707
BRFSS,sexFemale,sex,Sex,Female,Male,30-39,2009,-0.021937,0.01589,-0.053081,0.009207,49880
BRFSS,educ_3catHS_SomeColl,educ_3cat,Education,HS_SomeColl,LT_HS,30-39,2009,0.499269,0.034953,0.430761,0.567777,49880
BRFSS,educ_3catBA_plus,educ_3cat,Education,BA_plus,LT_HS,30-39,2009,0.917303,0.034731,0.84923,0.985377,49880
BRFSS,sexFemale,sex,Sex,Female,Male,30-39,2010,-0.013674,0.015129,-0.043326,0.015979,47802
BRFSS,educ_3catHS_SomeColl,educ_3cat,Education,HS_SomeColl,LT_HS,30-39,2010,0.517249,0.033576,0.451439,0.583058,47802
BRFSS,educ_3catBA_plus,educ_3cat,Education,BA_plus,LT_HS,30-39,2010,0.973165,0.033067,0.908354,1.037977,47802
BRFSS,sexFemale,sex,Sex,Female,Male,30-39,2011,-0.04004,0.015334,-0.070096,-0.009985,56875
BRFSS,race_includehispBlack,race_includehisp,Race/Ethnicity,Black,White,30-39,2011,-0.087657,0.027816,-0.142177,-0.033137,56875
BRFSS,race_includehispAIAN,race_includehisp,Race/Ethnicity,AIAN,White,30-39,2011,-0.188802,0.070957,-0.327879,-0.049725,56875
BRFSS,race_includehispAsian,race_includehisp,Race/Ethnicity,Asian,White,30-39,2011,-0.01199,0.03964,-0.089684,0.065705,56875
BRFSS,race_includehispHispanic,race_includehisp,Race/Ethnicity,Hispanic,White,30-39,2011,-0.245835,0.023099,-0.291108,-0.200562,56875
BRFSS,race_includehispOther,race_includehisp,Race/Ethnicity,Other,White,30-39,2011,-0.162261,0.047296,-0.254961,-0.069561,56875
BRFSS,educ_3catHS_SomeColl,educ_3cat,Education,HS_SomeColl,LT_HS,30-39,2011,0.365723,0.028126,0.310595,0.420851,56875
BRFSS,educ_3catBA_plus,educ_3cat,Education,BA_plus,LT_HS,30-39,2011,0.774891,0.028712,0.718614,0.831167,56875
BRFSS,sexFemale,sex,Sex,Female,Male,30-39,2012,-0.057611,0.015929,-0.088831,-0.02639,53580
BRFSS,race_includehispBlack,race_includehisp,Race/Ethnicity,Black,White,30-39,2012,-0.102085,0.027512000000000002,-0.156008,-0.048161,53580
BRFSS,race_includehispAIAN,race_includehisp,Race/Ethnicity,AIAN,White,30-39,2012,-0.22026,0.062403,-0.342569,-0.09795,53580
BRFSS,race_includehispAsian,race_includehisp,Race/Ethnicity,Asian,White,30-39,2012,-0.101355,0.038281,-0.176386,-0.026324,53580
BRFSS,race_includehispHispanic,race_includehisp,Race/Ethnicity,Hispanic,White,30-39,2012,-0.195689,0.024767,-0.244233,-0.147145,53580
BRFSS,race_includehispOther,race_includehisp,Race/Ethnicity,Other,White,30-39,2012,-0.183093,0.051437,-0.28391,-0.082276,53580
BRFSS,educ_3catHS_SomeColl,educ_3cat,Education,HS_SomeColl,LT_HS,30-39,2012,0.551375,0.031226,0.490172,0.612578,53580
BRFSS,educ_3catBA_plus,educ_3cat,Education,BA_plus,LT_HS,30-39,2012,0.934752,0.031015,0.873961,0.995542,53580
BRFSS,sexFemale,sex,Sex,Female,Male,30-39,2013,-0.053357,0.015938,-0.084595,-0.022118,47353
BRFSS,race_includehispBlack,race_includehisp,Race/Ethnicity,Black,White,30-39,2013,-0.144925,0.025126,-0.194174,-0.095677,47353
BRFSS,race_includehispAIAN,race_includehisp,Race/Ethnicity,AIAN,White,30-39,2013,-0.199202,0.064664,-0.325944,-0.072459,47353
BRFSS,race_includehispAsian,race_includehisp,Race/Ethnicity,Asian,White,30-39,2013,-0.074181,0.038376,-0.149399,0.001036,47353
BRFSS,race_includehispHispanic,race_includehisp,Race/Ethnicity,Hispanic,White,30-39,2013,0.388127,0.414426,-0.424154,1.200408,47353
BRFSS,race_includehispOther,race_includehisp,Race/Ethnicity,Other,White,30-39,2013,-0.113451,0.049973,-0.2114,-0.015503,47353
BRFSS,educ_3catHS_SomeColl,educ_3cat,Education,HS_SomeColl,LT_HS,30-39,2013,0.458273,0.039186,0.381469,0.535078,47353
BRFSS,educ_3catBA_plus,educ_3cat,Education,BA_plus,LT_HS,30-39,2013,0.850709,0.038927,0.774412,0.927006,47353
BRFSS,sexFemale,sex,Sex,Female,Male,30-39,2014,-0.052425,0.016981,-0.085709,-0.019142,42220
BRFSS,race_includehispBlack,race_includehisp,Race/Ethnicity,Black,White,30-39,2014,-0.103905,0.027351,-0.157514,-0.050296,42220
BRFSS,race_includehispAIAN,race_includehisp,Race/Ethnicity,AIAN,White,30-39,2014,-0.172737,0.066139,-0.302371,-0.043103,42220
BRFSS,race_includehispAsian,race_includehisp,Race/Ethnicity,Asian,White,30-39,2014,-0.083203,0.038783,-0.159218,-0.007188,42220
BRFSS,race_includehispOther,race_includehisp,Race/Ethnicity,Other,White,30-39,2014,-0.142983,0.044902,-0.230992,-0.054973,42220
BRFSS,educ_3catHS_SomeColl,educ_3cat,Education,HS_SomeColl,LT_HS,30-39,2014,0.453088,0.041196,0.372342,0.533833,42220
BRFSS,educ_3catBA_plus,educ_3cat,Education,BA_plus,LT_HS,30-39,2014,0.847882,0.040785,0.767943,0.927821,42220
BRFSS,sexFemale,sex,Sex,Female,Male,30-39,2015,-0.053473,0.017004,-0.086802,-0.020144,37445
BRFSS,race_includehispBlack,race_includehisp,Race/Ethnicity,Black,White,30-39,2015,-0.064114,0.026833,-0.116707,-0.011521,37445
BRFSS,race_includehispAIAN,race_includehisp,Race/Ethnicity,AIAN,White,30-39,2015,-0.068074,0.036425,-0.139469,0.00332,37445
BRFSS,race_includehispAsian,race_includehisp,Race/Ethnicity,Asian,White,30-39,2015,-0.171223,0.066949,-0.302445,-0.04,37445
BRFSS,race_includehispOther,race_includehisp,Race/Ethnicity,Other,White,30-39,2015,0.048685,0.110189,-0.167289,0.264659,37445
BRFSS,educ_3catHS_SomeColl,educ_3cat,Education,HS_SomeColl,LT_HS,30-39,2015,0.29727,0.05038,0.198523,0.396017,37445
BRFSS,educ_3catBA_plus,educ_3cat,Education,BA_plus,LT_HS,30-39,2015,0.678242,0.050199,0.579852,0.776633,37445
BRFSS,sexFemale,sex,Sex,Female,Male,30-39,2016,-0.044559,0.016525,-0.076948,-0.012169,42283
BRFSS,race_includehispBlack,race_includehisp,Race/Ethnicity,Black,White,30-39,2016,-0.123598,0.025717,-0.174003,-0.073193,42283
BRFSS,race_includehispAIAN,race_includehisp,Race/Ethnicity,AIAN,White,30-39,2016,-0.00957,0.036403,-0.080921,0.06178,42283
BRFSS,race_includehispAsian,race_includehisp,Race/Ethnicity,Asian,White,30-39,2016,-0.274866,0.054357,-0.381407,-0.168326,42283
BRFSS,race_includehispOther,race_includehisp,Race/Ethnicity,Other,White,30-39,2016,-0.094631,0.094934,-0.280704,0.091443,42283
BRFSS,educ_3catHS_SomeColl,educ_3cat,Education,HS_SomeColl,LT_HS,30-39,2016,0.481164,0.043789,0.395336,0.566992,42283
BRFSS,educ_3catBA_plus,educ_3cat,Education,BA_plus,LT_HS,30-39,2016,0.824407,0.043739,0.738677,0.910137,42283
BRFSS,sexFemale,sex,Sex,Female,Male,30-39,2017,-0.053128,0.017604,-0.087631,-0.018625,43399
BRFSS,race_includehispBlack,race_includehisp,Race/Ethnicity,Black,White,30-39,2017,-0.070882,0.026504,-0.12283,-0.018933,43399
BRFSS,race_includehispAIAN,race_includehisp,Race/Ethnicity,AIAN,White,30-39,2017,-0.200204,0.071811,-0.340955,-0.059453,43399
BRFSS,race_includehispAsian,race_includehisp,Race/Ethnicity,Asian,White,30-39,2017,-0.134828,0.042388,-0.217909,-0.051748,43399
BRFSS,race_includehispOther,race_includehisp,Race/Ethnicity,Other,White,30-39,2017,-0.070953,0.042717,-0.154679,0.012773,43399
BRFSS,educ_3catHS_SomeColl,educ_3cat,Education,HS_SomeColl,LT_HS,30-39,2017,0.486346,0.045821,0.396537,0.576155,43399
BRFSS,educ_3catBA_plus,educ_3cat,Education,BA_plus,LT_HS,30-39,2017,0.890765,0.045328,0.801922,0.979608,43399
BRFSS,sexFemale,sex,Sex,Female,Male,30-39,2018,-0.07064,0.016678,-0.103329,-0.037951,41901
BRFSS,race_includehispBlack,race_includehisp,Race/Ethnicity,Black,White,30-39,2018,-0.055819,0.025356,-0.105518,-0.006121,41901
BRFSS,race_includehispAIAN,race_includehisp,Race/Ethnicity,AIAN,White,30-39,2018,-0.345685,0.073492,-0.48973,-0.20164,41901
BRFSS,race_includehispAsian,race_includehisp,Race/Ethnicity,Asian,White,30-39,2018,-0.079624,0.03649,-0.151146,-0.008103,41901
BRFSS,race_includehispOther,race_includehisp,Race/Ethnicity,Other,White,30-39,2018,-0.077907,0.037259,-0.150935,-0.004879,41901
BRFSS,educ_3catHS_SomeColl,educ_3cat,Education,HS_SomeColl,LT_HS,30-39,2018,0.381755,0.041534,0.300348,0.463163,41901
BRFSS,educ_3catBA_plus,educ_3cat,Education,BA_plus,LT_HS,30-39,2018,0.738965,0.040915,0.65877,0.819159,41901
BRFSS,sexFemale,sex,Sex,Female,Male,30-39,2019,-0.055693,0.017395,-0.089788,-0.021598,40054
BRFSS,race_includehispBlack,race_includehisp,Race/Ethnicity,Black,White,30-39,2019,-0.035813,0.029114,-0.092877,0.021251,40054
BRFSS,race_includehispAIAN,race_includehisp,Race/Ethnicity,AIAN,White,30-39,2019,-0.220866,0.054538,-0.327762,-0.11397,40054
BRFSS,race_includehispAsian,race_includehisp,Race/Ethnicity,Asian,White,30-39,2019,-0.079175,0.043994,-0.165404,0.007055,40054
BRFSS,race_includehispOther,race_includehisp,Race/Ethnicity,Other,White,30-39,2019,-0.053307,0.042557,-0.13672,0.030107,40054
BRFSS,educ_3catHS_SomeColl,educ_3cat,Education,HS_SomeColl,LT_HS,30-39,2019,0.350952,0.046751,0.259319,0.442585,40054
BRFSS,educ_3catBA_plus,educ_3cat,Education,BA_plus,LT_HS,30-39,2019,0.723482,0.046412,0.632514,0.81445,40054
BRFSS,sexFemale,sex,Sex,Female,Male,30-39,2020,-0.097818,0.018114,-0.133322,-0.062315,42078
BRFSS,race_includehispBlack,race_includehisp,Race/Ethnicity,Black,White,30-39,2020,-0.14099,0.030108,-0.200003,-0.081977,42078
BRFSS,race_includehispAIAN,race_includehisp,Race/Ethnicity,AIAN,White,30-39,2020,-0.213191,0.076362,-0.362863,-0.06352,42078
BRFSS,race_includehispAsian,race_includehisp,Race/Ethnicity,Asian,White,30-39,2020,-0.016986,0.040539,-0.096442,0.062471,42078
BRFSS,race_includehispOther,race_includehisp,Race/Ethnicity,Other,White,30-39,2020,-0.119546,0.03817,-0.19436,-0.044733,42078
BRFSS,educ_3catHS_SomeColl,educ_3cat,Education,HS_SomeColl,LT_HS,30-39,2020,0.315056,0.048469,0.220055,0.410058,42078
BRFSS,educ_3catBA_plus,educ_3cat,Education,BA_plus,LT_HS,30-39,2020,0.640081,0.048384,0.545247,0.734915,42078
BRFSS,sexFemale,sex,Sex,Female,Male,30-39,2021,-0.072887,0.018162,-0.108485,-0.03729,44375
BRFSS,race_includehispBlack,race_includehisp,Race/Ethnicity,Black,White,30-39,2021,-0.083325,0.027315,-0.136862,-0.029788,44375
BRFSS,race_includehispAIAN,race_includehisp,Race/Ethnicity,AIAN,White,30-39,2021,-0.151861,0.059407,-0.2683,-0.035423,44375
BRFSS,race_includehispAsian,race_includehisp,Race/Ethnicity,Asian,White,30-39,2021,-0.02903,0.046542,-0.120253,0.062193,44375
BRFSS,race_includehispOther,race_includehisp,Race/Ethnicity,Other,White,30-39,2021,-0.122495,0.039707,-0.200321,-0.04467,44375
BRFSS,educ_3catHS_SomeColl,educ_3cat,Education,HS_SomeColl,LT_HS,30-39,2021,0.25557,0.048071,0.16135,0.34979,44375
BRFSS,educ_3catBA_plus,educ_3cat,Education,BA_plus,LT_HS,30-39,2021,0.546396,0.047734,0.452837,0.639954,44375
BRFSS,sexFemale,sex,Sex,Female,Male,30-39,2022,-0.102406,0.017142,-0.136006,-0.068807,45493
BRFSS,race_includehispBlack,race_includehisp,Race/Ethnicity,Black,White,30-39,2022,-0.041702,0.029888,-0.100282,0.016879,45493
BRFSS,race_includehispAIAN,race_includehisp,Race/Ethnicity,AIAN,White,30-39,2022,-0.253198,0.058579,-0.368014,-0.138382,45493
BRFSS,race_includehispAsian,race_includehisp,Race/Ethnicity,Asian,White,30-39,2022,-0.032568,0.031279,-0.093875,0.028739,45493
BRFSS,race_includehispOther,race_includehisp,Race/Ethnicity,Other,White,30-39,2022,-0.155046,0.047002,-0.247171,-0.062921,45493
BRFSS,educ_3catHS_SomeColl,educ_3cat,Education,HS_SomeColl,LT_HS,30-39,2022,0.414563,0.059342,0.298252,0.530873,45493
BRFSS,educ_3catBA_plus,educ_3cat,Education,BA_plus,LT_HS,30-39,2022,0.695313,0.058667,0.580325,0.810301,45493
BRFSS,sexFemale,sex,Sex,Female,Male,30-39,2023,-0.086337,0.018511,-0.12262,-0.050055,42901
BRFSS,race_includehispBlack,race_includehisp,Race/Ethnicity,Black,White,30-39,2023,-0.034635,0.029202,-0.091872,0.022602,42901
BRFSS,race_includehispAIAN,race_includehisp,Race/Ethnicity,AIAN,White,30-39,2023,-0.241114,0.096102,-0.429476,-0.052751,42901
BRFSS,race_includehispAsian,race_includehisp,Race/Ethnicity,Asian,White,30-39,2023,-0.087526,0.040661,-0.167221,-0.00783,42901
BRFSS,race_includehispOther,race_includehisp,Race/Ethnicity,Other,White,30-39,2023,-0.073403,0.042732,-0.157158,0.010352,42901
BRFSS,educ_3catHS_SomeColl,educ_3cat,Education,HS_SomeColl,LT_HS,30-39,2023,0.349822,0.051166,0.249535,0.450109,42901
BRFSS,educ_3catBA_plus,educ_3cat,Education,BA_plus,LT_HS,30-39,2023,0.683734,0.050297,0.58515,0.782318,42901
BRFSS,sexFemale,sex,Sex,Female,Male,30-39,2024,-0.119099,0.018426,-0.155215,-0.082983,44533
BRFSS,race_includehispBlack,race_includehisp,Race/Ethnicity,Black,White,30-39,2024,-0.041882,0.027713,-0.096201,0.012437,44533
BRFSS,race_includehispAIAN,race_includehisp,Race/Ethnicity,AIAN,White,30-39,2024,-0.231231,0.09485,-0.417139,-0.045323,44533
BRFSS,race_includehispAsian,race_includehisp,Race/Ethnicity,Asian,White,30-39,2024,-0.04086,0.04381,-0.12673,0.045009,44533
BRFSS,race_includehispOther,race_includehisp,Race/Ethnicity,Other,White,30-39,2024,-0.097164,0.041184,-0.177884,-0.016443,44533
BRFSS,educ_3catHS_SomeColl,educ_3cat,Education,HS_SomeColl,LT_HS,30-39,2024,0.288228,0.051237,0.187803,0.388653,44533
BRFSS,educ_3catBA_plus,educ_3cat,Education,BA_plus,LT_HS,30-39,2024,0.638769,0.05081,0.539181,0.738356,44533
BRFSS,sexFemale,sex,Sex,Female,Male,30-39,2025,0.057393,0.078964,-0.097463,0.21225,2109
BRFSS,race_includehispBlack,race_includehisp,Race/Ethnicity,Black,White,30-39,2025,-0.105882,0.092637,-0.287553,0.075788,2109
BRFSS,race_includehispAIAN,race_includehisp,Race/Ethnicity,AIAN,White,30-39,2025,-0.405914,0.133553,-0.667824,-0.144003,2109
BRFSS,race_includehispAsian,race_includehisp,Race/Ethnicity,Asian,White,30-39,2025,-0.16719,0.159383,-0.479756,0.145376,2109
BRFSS,race_includehispOther,race_includehisp,Race/Ethnicity,Other,White,30-39,2025,-0.03623,0.161299,-0.352553,0.280092,2109
BRFSS,educ_3catHS_SomeColl,educ_3cat,Education,HS_SomeColl,LT_HS,30-39,2025,0.420518,0.199038,0.030186,0.810849,2109
BRFSS,educ_3catBA_plus,educ_3cat,Education,BA_plus,LT_HS,30-39,2025,0.741141,0.197693,0.353446,1.128836,2109
BRFSS,sexFemale,sex,Sex,Female,Male,40-49,1993,-0.007911,0.021281,-0.049623,0.0338,19095
BRFSS,race_includehispBlack,race_includehisp,Race/Ethnicity,Black,White,40-49,1993,-0.264016,0.0389,-0.340264,-0.187767,19095
BRFSS,race_includehispAIAN,race_includehisp,Race/Ethnicity,AIAN,White,40-49,1993,-0.274694,0.116789,-0.503611,-0.045777,19095
BRFSS,race_includehispAsian,race_includehisp,Race/Ethnicity,Asian,White,40-49,1993,-0.221225,0.074793,-0.367825,-0.074624,19095
BRFSS,race_includehispHispanic,race_includehisp,Race/Ethnicity,Hispanic,White,40-49,1993,-0.22514,0.053983,-0.330951,-0.119329,19095
BRFSS,race_includehispOther,race_includehisp,Race/Ethnicity,Other,White,40-49,1993,-0.158101,0.149186,-0.450519,0.134317,19095
BRFSS,educ_3catHS_SomeColl,educ_3cat,Education,HS_SomeColl,LT_HS,40-49,1993,0.669361,0.046109,0.578983,0.759738,19095
BRFSS,educ_3catBA_plus,educ_3cat,Education,BA_plus,LT_HS,40-49,1993,1.03433,0.047487,0.941251,1.127409,19095
BRFSS,sexFemale,sex,Sex,Female,Male,40-49,1994,0.00325,0.021731,-0.039344,0.045845,20293
BRFSS,race_includehispBlack,race_includehisp,Race/Ethnicity,Black,White,40-49,1994,-0.31355,0.038637,-0.389283,-0.237818,20293
BRFSS,race_includehispAIAN,race_includehisp,Race/Ethnicity,AIAN,White,40-49,1994,-0.284678,0.12703,-0.533668,-0.035688,20293
BRFSS,race_includehispAsian,race_includehisp,Race/Ethnicity,Asian,White,40-49,1994,-0.189034,0.074473,-0.335008,-0.043061,20293
BRFSS,race_includehispHispanic,race_includehisp,Race/Ethnicity,Hispanic,White,40-49,1994,-0.290891,0.053783,-0.39631,-0.185473,20293
BRFSS,race_includehispOther,race_includehisp,Race/Ethnicity,Other,White,40-49,1994,-0.357967,0.107039,-0.567773,-0.148162,20293
BRFSS,educ_3catHS_SomeColl,educ_3cat,Education,HS_SomeColl,LT_HS,40-49,1994,0.539667,0.046877,0.447784,0.631549,20293
BRFSS,educ_3catBA_plus,educ_3cat,Education,BA_plus,LT_HS,40-49,1994,0.937542,0.047938,0.843579,1.031504,20293
BRFSS,sexFemale,sex,Sex,Female,Male,40-49,1995,-0.052093,0.029061,-0.109055,0.004868,22460
BRFSS,race_includehispBlack,race_includehisp,Race/Ethnicity,Black,White,40-49,1995,-0.430999,0.0493,-0.52763,-0.334368,22460
BRFSS,race_includehispAIAN,race_includehisp,Race/Ethnicity,AIAN,White,40-49,1995,-0.37209,0.134217,-0.635164,-0.109016,22460
BRFSS,race_includehispAsian,race_includehisp,Race/Ethnicity,Asian,White,40-49,1995,0.002786,0.077679,-0.149471,0.155043,22460
BRFSS,race_includehispHispanic,race_includehisp,Race/Ethnicity,Hispanic,White,40-49,1995,-0.337544,0.121316,-0.575332,-0.099756,22460
BRFSS,race_includehispOther,race_includehisp,Race/Ethnicity,Other,White,40-49,1995,0.044846,0.115662,-0.181859,0.271551,22460
BRFSS,educ_3catHS_SomeColl,educ_3cat,Education,HS_SomeColl,LT_HS,40-49,1995,0.421886,0.062184,0.300002,0.54377,22460
BRFSS,educ_3catBA_plus,educ_3cat,Education,BA_plus,LT_HS,40-49,1995,0.777927,0.077831,0.625373,0.930481,22460
BRFSS,sexFemale,sex,Sex,Female,Male,40-49,1996,0.013405,0.018938,-0.023715,0.050526,25427
BRFSS,race_includehispBlack,race_includehisp,Race/Ethnicity,Black,White,40-49,1996,-0.310318,0.0351,-0.379116,-0.241519,25427
BRFSS,race_includehispAIAN,race_includehisp,Race/Ethnicity,AIAN,White,40-49,1996,-0.392624,0.134772,-0.656785,-0.128463,25427
BRFSS,race_includehispAsian,race_includehisp,Race/Ethnicity,Asian,White,40-49,1996,-0.174849,0.072852,-0.317643,-0.032055,25427
BRFSS,race_includehispHispanic,race_includehisp,Race/Ethnicity,Hispanic,White,40-49,1996,-0.273438,0.04303,-0.357779,-0.189097,25427
BRFSS,race_includehispOther,race_includehisp,Race/Ethnicity,Other,White,40-49,1996,-0.107856,0.13317,-0.368877,0.153166,25427
BRFSS,educ_3catHS_SomeColl,educ_3cat,Education,HS_SomeColl,LT_HS,40-49,1996,0.57981,0.041611,0.49825,0.661369,25427
BRFSS,educ_3catBA_plus,educ_3cat,Education,BA_plus,LT_HS,40-49,1996,0.9598,0.042369,0.876755,1.042845,25427
BRFSS,sexFemale,sex,Sex,Female,Male,40-49,1997,-0.011487,0.018472,-0.047692,0.024719,27669
BRFSS,race_includehispBlack,race_includehisp,Race/Ethnicity,Black,White,40-49,1997,-0.283263,0.032284,-0.346541,-0.21998500000000001,27669
BRFSS,race_includehispAIAN,race_includehisp,Race/Ethnicity,AIAN,White,40-49,1997,-0.20597,0.104802,-0.411387,-5.53e-4,27669
BRFSS,race_includehispAsian,race_includehisp,Race/Ethnicity,Asian,White,40-49,1997,-0.180449,0.075509,-0.328451,-0.032447,27669
BRFSS,race_includehispHispanic,race_includehisp,Race/Ethnicity,Hispanic,White,40-49,1997,-0.319432,0.042777,-0.403277,-0.235586,27669
BRFSS,race_includehispOther,race_includehisp,Race/Ethnicity,Other,White,40-49,1997,-0.406199,0.099418,-0.601064,-0.211335,27669
BRFSS,educ_3catHS_SomeColl,educ_3cat,Education,HS_SomeColl,LT_HS,40-49,1997,0.569933,0.042657,0.486323,0.653543,27669
BRFSS,educ_3catBA_plus,educ_3cat,Education,BA_plus,LT_HS,40-49,1997,0.953949,0.043167,0.86934,1.038559,27669
BRFSS,sexFemale,sex,Sex,Female,Male,40-49,1998,-0.044948,0.018512,-0.081232,-0.008663,30730
BRFSS,race_includehispBlack,race_includehisp,Race/Ethnicity,Black,White,40-49,1998,-0.273874,0.031696,-0.336,-0.211749,30730
BRFSS,race_includehispAIAN,race_includehisp,Race/Ethnicity,AIAN,White,40-49,1998,-0.193457,0.189326,-0.564543,0.17763,30730
BRFSS,race_includehispAsian,race_includehisp,Race/Ethnicity,Asian,White,40-49,1998,-0.170897,0.072783,-0.313556,-0.028239,30730
BRFSS,race_includehispHispanic,race_includehisp,Race/Ethnicity,Hispanic,White,40-49,1998,-0.249404,0.039014,-0.325872,-0.172936,30730
BRFSS,race_includehispOther,race_includehisp,Race/Ethnicity,Other,White,40-49,1998,-0.321217,0.15282,-0.620751,-0.021682,30730
BRFSS,educ_3catHS_SomeColl,educ_3cat,Education,HS_SomeColl,LT_HS,40-49,1998,0.705166,0.04108,0.624648,0.785684,30730
BRFSS,educ_3catBA_plus,educ_3cat,Education,BA_plus,LT_HS,40-49,1998,1.059579,0.042064,0.977132,1.142027,30730
BRFSS,sexFemale,sex,Sex,Female,Male,40-49,1999,-0.00851,0.018092,-0.043971,0.026950000000000002,33094
BRFSS,race_includehispBlack,race_includehisp,Race/Ethnicity,Black,White,40-49,1999,-0.295295,0.031806,-0.357637,-0.232954,33094
BRFSS,race_includehispAIAN,race_includehisp,Race/Ethnicity,AIAN,White,40-49,1999,-0.338601,0.145988,-0.624742,-0.05246,33094
BRFSS,race_includehispAsian,race_includehisp,Race/Ethnicity,Asian,White,40-49,1999,-0.085908,0.076275,-0.235411,0.063594,33094
BRFSS,race_includehispHispanic,race_includehisp,Race/Ethnicity,Hispanic,White,40-49,1999,-0.254618,0.03671,-0.32657,-0.182666,33094
BRFSS,race_includehispOther,race_includehisp,Race/Ethnicity,Other,White,40-49,1999,-0.216826,0.162577,-0.535484,0.101831,33094
BRFSS,educ_3catHS_SomeColl,educ_3cat,Education,HS_SomeColl,LT_HS,40-49,1999,0.612852,0.039904,0.534638,0.691066,33094
BRFSS,educ_3catBA_plus,educ_3cat,Education,BA_plus,LT_HS,40-49,1999,1.019819,0.040756,0.939936,1.099702,33094
BRFSS,sexFemale,sex,Sex,Female,Male,40-49,2000,-0.00455,0.017742,-0.039325,0.030226,38375
BRFSS,race_includehispBlack,race_includehisp,Race/Ethnicity,Black,White,40-49,2000,-0.26875,0.03217,-0.331803,-0.205696,38375
BRFSS,race_includehispAIAN,race_includehisp,Race/Ethnicity,AIAN,White,40-49,2000,-0.433422,0.094767,-0.619169,-0.247676,38375
BRFSS,race_includehispAsian,race_includehisp,Race/Ethnicity,Asian,White,40-49,2000,-0.15717,0.093118,-0.339684,0.025345,38375
BRFSS,race_includehispHispanic,race_includehisp,Race/Ethnicity,Hispanic,White,40-49,2000,-0.28426,0.036116,-0.355047,-0.213472,38375
BRFSS,race_includehispOther,race_includehisp,Race/Ethnicity,Other,White,40-49,2000,-0.288564,0.108457,-0.501142,-0.075986,38375
BRFSS,educ_3catHS_SomeColl,educ_3cat,Education,HS_SomeColl,LT_HS,40-49,2000,0.653266,0.041123,0.572663,0.733868,38375
BRFSS,educ_3catBA_plus,educ_3cat,Education,BA_plus,LT_HS,40-49,2000,1.035155,0.041736,0.95335,1.116959,38375
BRFSS,sexFemale,sex,Sex,Female,Male,40-49,2001,-0.161359,0.062554,-0.284004,-0.038715,3569
BRFSS,race_includehispBlack,race_includehisp,Race/Ethnicity,Black,White,40-49,2001,-0.535597,0.264394,-1.053975,-0.017219,3569
BRFSS,race_includehispHispanic,race_includehisp,Race/Ethnicity,Hispanic,White,40-49,2001,-0.413271,0.099765,-0.608873,-0.217669,3569
BRFSS,educ_3catHS_SomeColl,educ_3cat,Education,HS_SomeColl,LT_HS,40-49,2001,0.668137,0.073205,0.524609,0.811666,3569
BRFSS,educ_3catBA_plus,educ_3cat,Education,BA_plus,LT_HS,40-49,2001,1.250492,0.084028,1.085744,1.415239,3569
BRFSS,sexFemale,sex,Sex,Female,Male,40-49,2002,-0.018361,0.016318,-0.050344,0.013621,51795
BRFSS,educ_3catHS_SomeColl,educ_3cat,Education,HS_SomeColl,LT_HS,40-49,2002,0.728375,0.037763,0.654359,0.802392,51795
BRFSS,educ_3catBA_plus,educ_3cat,Education,BA_plus,LT_HS,40-49,2002,1.175571,0.03815,1.100797,1.250344,51795
BRFSS,sexFemale,sex,Sex,Female,Male,40-49,2003,-0.0147,0.016391,-0.046827,0.017427,55301
BRFSS,educ_3catHS_SomeColl,educ_3cat,Education,HS_SomeColl,LT_HS,40-49,2003,0.692844,0.034784,0.624668,0.76102,55301
BRFSS,educ_3catBA_plus,educ_3cat,Education,BA_plus,LT_HS,40-49,2003,1.164035,0.035104,1.095231,1.232839,55301
BRFSS,sexFemale,sex,Sex,Female,Male,40-49,2004,-0.036347,0.016279,-0.068254,-0.00444,61495
BRFSS,educ_3catHS_SomeColl,educ_3cat,Education,HS_SomeColl,LT_HS,40-49,2004,0.730467,0.03386,0.664101,0.796833,61495
BRFSS,educ_3catBA_plus,educ_3cat,Education,BA_plus,LT_HS,40-49,2004,1.231998,0.03408,1.165201,1.298796,61495
BRFSS,sexFemale,sex,Sex,Female,Male,40-49,2005,-0.006613,0.014572,-0.035174,0.021948,69516
BRFSS,educ_3catHS_SomeColl,educ_3cat,Education,HS_SomeColl,LT_HS,40-49,2005,0.767441,0.034826,0.699182,0.8357,69516
BRFSS,educ_3catBA_plus,educ_3cat,Education,BA_plus,LT_HS,40-49,2005,1.21199,0.035147,1.143102,1.280878,69516
BRFSS,sexFemale,sex,Sex,Female,Male,40-49,2006,1.16e-4,0.015559,-0.030381,0.030612,67280
BRFSS,educ_3catHS_SomeColl,educ_3cat,Education,HS_SomeColl,LT_HS,40-49,2006,0.744013,0.034199,0.676983,0.811043,67280
BRFSS,educ_3catBA_plus,educ_3cat,Education,BA_plus,LT_HS,40-49,2006,1.208832,0.034352,1.141502,1.276162,67280
BRFSS,sexFemale,sex,Sex,Female,Male,40-49,2007,0.002558,0.014094,-0.025065,0.030182,77385
BRFSS,educ_3catHS_SomeColl,educ_3cat,Education,HS_SomeColl,LT_HS,40-49,2007,0.730461,0.032808,0.666158,0.794765,77385
BRFSS,educ_3catBA_plus,educ_3cat,Education,BA_plus,LT_HS,40-49,2007,1.164451,0.032893,1.09998,1.228922,77385
BRFSS,sexFemale,sex,Sex,Female,Male,40-49,2008,-0.026317,0.01369,-0.05315,5.15e-4,71925
BRFSS,educ_3catHS_SomeColl,educ_3cat,Education,HS_SomeColl,LT_HS,40-49,2008,0.667511,0.031034,0.606684,0.728337,71925
BRFSS,educ_3catBA_plus,educ_3cat,Education,BA_plus,LT_HS,40-49,2008,1.144243,0.030973,1.083537,1.204949,71925
BRFSS,sexFemale,sex,Sex,Female,Male,40-49,2009,-0.008182,0.014504,-0.03661,0.020247,71450
BRFSS,educ_3catHS_SomeColl,educ_3cat,Education,HS_SomeColl,LT_HS,40-49,2009,0.686155,0.036031,0.615534,0.756776,71450
BRFSS,educ_3catBA_plus,educ_3cat,Education,BA_plus,LT_HS,40-49,2009,1.172061,0.035779,1.101935,1.242188,71450
BRFSS,sexFemale,sex,Sex,Female,Male,40-49,2010,-0.033175,0.012989,-0.058633,-0.007717,70051
BRFSS,educ_3catHS_SomeColl,educ_3cat,Education,HS_SomeColl,LT_HS,40-49,2010,0.660381,0.027527,0.606429,0.714333,70051
BRFSS,educ_3catBA_plus,educ_3cat,Education,BA_plus,LT_HS,40-49,2010,1.182458,0.02729,1.128969,1.235947,70051
BRFSS,sexFemale,sex,Sex,Female,Male,40-49,2011,-0.018659,0.014147,-0.046387,0.009069,75085
BRFSS,race_includehispBlack,race_includehisp,Race/Ethnicity,Black,White,40-49,2011,-0.174967,0.026548,-0.227,-0.122934,75085
BRFSS,race_includehispAIAN,race_includehisp,Race/Ethnicity,AIAN,White,40-49,2011,-0.393362,0.065621,-0.521979,-0.264745,75085
BRFSS,race_includehispAsian,race_includehisp,Race/Ethnicity,Asian,White,40-49,2011,-0.034948,0.045921,-0.124953,0.055057,75085
BRFSS,race_includehispHispanic,race_includehisp,Race/Ethnicity,Hispanic,White,40-49,2011,-0.238484,0.024322,-0.286155,-0.190813,75085
BRFSS,race_includehispOther,race_includehisp,Race/Ethnicity,Other,White,40-49,2011,-0.166487,0.055436,-0.275141,-0.057833,75085
BRFSS,educ_3catHS_SomeColl,educ_3cat,Education,HS_SomeColl,LT_HS,40-49,2011,0.556198,0.029928,0.49754,0.614857,75085
BRFSS,educ_3catBA_plus,educ_3cat,Education,BA_plus,LT_HS,40-49,2011,1.026828,0.030093,0.967845,1.08581,75085
BRFSS,sexFemale,sex,Sex,Female,Male,40-49,2012,-0.005407,0.015691,-0.036161,0.025347,68353
BRFSS,race_includehispBlack,race_includehisp,Race/Ethnicity,Black,White,40-49,2012,-0.164405,0.027351,-0.218013,-0.110797,68353
BRFSS,race_includehispAIAN,race_includehisp,Race/Ethnicity,AIAN,White,40-49,2012,-0.248504,0.076983,-0.399391,-0.097616,68353
BRFSS,race_includehispAsian,race_includehisp,Race/Ethnicity,Asian,White,40-49,2012,0.025958,0.047683,-0.0675,0.119416,68353
BRFSS,race_includehispHispanic,race_includehisp,Race/Ethnicity,Hispanic,White,40-49,2012,-0.207366,0.026585,-0.259471,-0.15526,68353
BRFSS,race_includehispOther,race_includehisp,Race/Ethnicity,Other,White,40-49,2012,-0.2074,0.050483,-0.306348,-0.108453,68353
BRFSS,educ_3catHS_SomeColl,educ_3cat,Education,HS_SomeColl,LT_HS,40-49,2012,0.602507,0.032071,0.539649,0.665365,68353
BRFSS,educ_3catBA_plus,educ_3cat,Education,BA_plus,LT_HS,40-49,2012,1.087739,0.032009,1.025001,1.150477,68353
BRFSS,sexFemale,sex,Sex,Female,Male,40-49,2013,-0.032553,0.015938,-0.063792,-0.001314,60272
BRFSS,race_includehispBlack,race_includehisp,Race/Ethnicity,Black,White,40-49,2013,-0.186978,0.028012,-0.241882,-0.132074,60272
BRFSS,race_includehispAIAN,race_includehisp,Race/Ethnicity,AIAN,White,40-49,2013,-0.151211,0.074903,-0.29802,-0.004401,60272
BRFSS,race_includehispAsian,race_includehisp,Race/Ethnicity,Asian,White,40-49,2013,-0.053098,0.045343,-0.14197,0.035775,60272
BRFSS,race_includehispHispanic,race_includehisp,Race/Ethnicity,Hispanic,White,40-49,2013,-0.186286,0.213055,-0.603874,0.231302,60272
BRFSS,race_includehispOther,race_includehisp,Race/Ethnicity,Other,White,40-49,2013,-0.206864,0.060515,-0.325473,-0.088255,60272
BRFSS,educ_3catHS_SomeColl,educ_3cat,Education,HS_SomeColl,LT_HS,40-49,2013,0.585136,0.038725,0.509236,0.661037,60272
BRFSS,educ_3catBA_plus,educ_3cat,Education,BA_plus,LT_HS,40-49,2013,1.051376,0.038565,0.975789,1.126963,60272
BRFSS,sexFemale,sex,Sex,Female,Male,40-49,2014,-0.027895,0.016981,-0.061179,0.005388,54405
BRFSS,race_includehispBlack,race_includehisp,Race/Ethnicity,Black,White,40-49,2014,-0.166384,0.02723,-0.219755,-0.113012,54405
BRFSS,race_includehispAIAN,race_includehisp,Race/Ethnicity,AIAN,White,40-49,2014,-0.273506,0.069672,-0.410064,-0.136947,54405
BRFSS,race_includehispAsian,race_includehisp,Race/Ethnicity,Asian,White,40-49,2014,0.037633,0.054757,-0.06969,0.144957,54405
BRFSS,race_includehispOther,race_includehisp,Race/Ethnicity,Other,White,40-49,2014,-0.263668,0.055548,-0.372543,-0.154793,54405
BRFSS,educ_3catHS_SomeColl,educ_3cat,Education,HS_SomeColl,LT_HS,40-49,2014,0.607878,0.047982,0.513833,0.701924,54405
BRFSS,educ_3catBA_plus,educ_3cat,Education,BA_plus,LT_HS,40-49,2014,1.068838,0.04859,0.973601,1.164075,54405
BRFSS,sexFemale,sex,Sex,Female,Male,40-49,2015,-0.041626,0.01708,-0.075103,-0.008149,46731
BRFSS,race_includehispBlack,race_includehisp,Race/Ethnicity,Black,White,40-49,2015,-0.11359,0.02752,-0.167529,-0.059651,46731
BRFSS,race_includehispAIAN,race_includehisp,Race/Ethnicity,AIAN,White,40-49,2015,4e-4,0.04869,-0.095033,0.095834,46731
BRFSS,race_includehispAsian,race_includehisp,Race/Ethnicity,Asian,White,40-49,2015,-0.353567,0.071389,-0.493491,-0.213643,46731
BRFSS,race_includehispOther,race_includehisp,Race/Ethnicity,Other,White,40-49,2015,-0.254342,0.095797,-0.442104,-0.066579,46731
BRFSS,educ_3catHS_SomeColl,educ_3cat,Education,HS_SomeColl,LT_HS,40-49,2015,0.670827,0.044609,0.583393,0.758261,46731
BRFSS,educ_3catBA_plus,educ_3cat,Education,BA_plus,LT_HS,40-49,2015,1.100136,0.04446,1.012993,1.187278,46731
BRFSS,sexFemale,sex,Sex,Female,Male,40-49,2016,-0.040968,0.017033,-0.074354,-0.007582,50109
BRFSS,race_includehispBlack,race_includehisp,Race/Ethnicity,Black,White,40-49,2016,-0.097939,0.026545,-0.149967,-0.045911,50109
BRFSS,race_includehispAIAN,race_includehisp,Race/Ethnicity,AIAN,White,40-49,2016,0.002854,0.042274,-0.080003,0.085711,50109
BRFSS,race_includehispAsian,race_includehisp,Race/Ethnicity,Asian,White,40-49,2016,-0.212606,0.077437,-0.364384,-0.060829,50109
BRFSS,race_includehispOther,race_includehisp,Race/Ethnicity,Other,White,40-49,2016,0.01217,0.103697,-0.191077,0.215418,50109
BRFSS,educ_3catHS_SomeColl,educ_3cat,Education,HS_SomeColl,LT_HS,40-49,2016,0.527204,0.046727,0.435617,0.61879,50109
BRFSS,educ_3catBA_plus,educ_3cat,Education,BA_plus,LT_HS,40-49,2016,0.984143,0.046489,0.893025,1.075262,50109
BRFSS,sexFemale,sex,Sex,Female,Male,40-49,2017,-0.040327,0.01841,-0.076411,-0.004242,48887
BRFSS,race_includehispBlack,race_includehisp,Race/Ethnicity,Black,White,40-49,2017,-0.095846,0.028182,-0.151083,-0.040609,48887
BRFSS,race_includehispAIAN,race_includehisp,Race/Ethnicity,AIAN,White,40-49,2017,-0.27584,0.060094,-0.393625,-0.158055,48887
BRFSS,race_includehispAsian,race_includehisp,Race/Ethnicity,Asian,White,40-49,2017,-0.040282,0.051446,-0.141117,0.060554,48887
BRFSS,race_includehispOther,race_includehisp,Race/Ethnicity,Other,White,40-49,2017,-0.117323,0.045348,-0.206205,-0.028441,48887
BRFSS,educ_3catHS_SomeColl,educ_3cat,Education,HS_SomeColl,LT_HS,40-49,2017,0.547085,0.046595,0.455757,0.638412,48887
BRFSS,educ_3catBA_plus,educ_3cat,Education,BA_plus,LT_HS,40-49,2017,1.055217,0.046538,0.964002,1.146433,48887
BRFSS,sexFemale,sex,Sex,Female,Male,40-49,2018,-0.0883,0.017333,-0.122273,-0.054327,46821
BRFSS,race_includehispBlack,race_includehisp,Race/Ethnicity,Black,White,40-49,2018,-0.112897,0.027868,-0.167519,-0.058276,46821
BRFSS,race_includehispAIAN,race_includehisp,Race/Ethnicity,AIAN,White,40-49,2018,-0.38221,0.074923,-0.52906,-0.23536,46821
BRFSS,race_includehispAsian,race_includehisp,Race/Ethnicity,Asian,White,40-49,2018,9.8e-4,0.038578,-0.074633,0.076593,46821
BRFSS,race_includehispOther,race_includehisp,Race/Ethnicity,Other,White,40-49,2018,-0.191553,0.050344,-0.290229,-0.092877,46821
BRFSS,educ_3catHS_SomeColl,educ_3cat,Education,HS_SomeColl,LT_HS,40-49,2018,0.462182,0.053008,0.358286,0.566078,46821
BRFSS,educ_3catBA_plus,educ_3cat,Education,BA_plus,LT_HS,40-49,2018,0.931367,0.052762,0.827953,1.034782,46821
BRFSS,sexFemale,sex,Sex,Female,Male,40-49,2019,-0.073795,0.017854,-0.10879,-0.0388,43623
BRFSS,race_includehispBlack,race_includehisp,Race/Ethnicity,Black,White,40-49,2019,-0.09443,0.028071,-0.149449,-0.03941,43623
BRFSS,race_includehispAIAN,race_includehisp,Race/Ethnicity,AIAN,White,40-49,2019,-0.296218,0.07128,-0.435929,-0.156507,43623
BRFSS,race_includehispAsian,race_includehisp,Race/Ethnicity,Asian,White,40-49,2019,-0.024486,0.048322,-0.119198,0.070227,43623
BRFSS,race_includehispOther,race_includehisp,Race/Ethnicity,Other,White,40-49,2019,-0.174336,0.043703,-0.259994,-0.088677,43623
BRFSS,educ_3catHS_SomeColl,educ_3cat,Education,HS_SomeColl,LT_HS,40-49,2019,0.514443,0.050921,0.414636,0.614249,43623
BRFSS,educ_3catBA_plus,educ_3cat,Education,BA_plus,LT_HS,40-49,2019,0.967616,0.050388,0.868854,1.066378,43623
BRFSS,sexFemale,sex,Sex,Female,Male,40-49,2020,-0.105254,0.019789,-0.14404,-0.066467,45781
BRFSS,race_includehispBlack,race_includehisp,Race/Ethnicity,Black,White,40-49,2020,-0.21025,0.030803,-0.270625,-0.149875,45781
BRFSS,race_includehispAIAN,race_includehisp,Race/Ethnicity,AIAN,White,40-49,2020,-0.308084,0.067158,-0.439716,-0.176453,45781
BRFSS,race_includehispAsian,race_includehisp,Race/Ethnicity,Asian,White,40-49,2020,-0.139204,0.052981,-0.243049,-0.03536,45781
BRFSS,race_includehispOther,race_includehisp,Race/Ethnicity,Other,White,40-49,2020,-0.176442,0.047915,-0.270356,-0.082528,45781
BRFSS,educ_3catHS_SomeColl,educ_3cat,Education,HS_SomeColl,LT_HS,40-49,2020,0.394779,0.050977,0.294863,0.494695,45781
BRFSS,educ_3catBA_plus,educ_3cat,Education,BA_plus,LT_HS,40-49,2020,0.795814,0.050673,0.696494,0.895133,45781
BRFSS,sexFemale,sex,Sex,Female,Male,40-49,2021,-0.118944,0.018725,-0.155645,-0.082243,48647
BRFSS,race_includehispBlack,race_includehisp,Race/Ethnicity,Black,White,40-49,2021,-0.19572,0.028254,-0.251098,-0.140341,48647
BRFSS,race_includehispAIAN,race_includehisp,Race/Ethnicity,AIAN,White,40-49,2021,-0.254268,0.071889,-0.395171,-0.113365,48647
BRFSS,race_includehispAsian,race_includehisp,Race/Ethnicity,Asian,White,40-49,2021,-0.069606,0.053103,-0.173689,0.034477,48647
BRFSS,race_includehispOther,race_includehisp,Race/Ethnicity,Other,White,40-49,2021,-0.076259,0.041886,-0.158355,0.005838,48647
BRFSS,educ_3catHS_SomeColl,educ_3cat,Education,HS_SomeColl,LT_HS,40-49,2021,0.40715,0.04574,0.317499,0.496801,48647
BRFSS,educ_3catBA_plus,educ_3cat,Education,BA_plus,LT_HS,40-49,2021,0.791961,0.045248,0.703275,0.880647,48647
BRFSS,sexFemale,sex,Sex,Female,Male,40-49,2022,-0.109146,0.017179,-0.142818,-0.075474,50427
BRFSS,race_includehispBlack,race_includehisp,Race/Ethnicity,Black,White,40-49,2022,-0.128479,0.025423,-0.178309,-0.078649,50427
BRFSS,race_includehispAIAN,race_includehisp,Race/Ethnicity,AIAN,White,40-49,2022,-0.268141,0.086329,-0.437347,-0.098935,50427
BRFSS,race_includehispAsian,race_includehisp,Race/Ethnicity,Asian,White,40-49,2022,-0.001302,0.044749,-0.08901,0.086406,50427
BRFSS,race_includehispOther,race_includehisp,Race/Ethnicity,Other,White,40-49,2022,-0.146995,0.050834,-0.24663,-0.04736,50427
BRFSS,educ_3catHS_SomeColl,educ_3cat,Education,HS_SomeColl,LT_HS,40-49,2022,0.353463,0.053066,0.249454,0.457473,50427
BRFSS,educ_3catBA_plus,educ_3cat,Education,BA_plus,LT_HS,40-49,2022,0.686281,0.052942,0.582514,0.790049,50427
BRFSS,sexFemale,sex,Sex,Female,Male,40-49,2023,-0.060964,0.019294,-0.09878,-0.023148,47639
BRFSS,race_includehispBlack,race_includehisp,Race/Ethnicity,Black,White,40-49,2023,-0.157569,0.029174,-0.214751,-0.100387,47639
BRFSS,race_includehispAIAN,race_includehisp,Race/Ethnicity,AIAN,White,40-49,2023,-0.224519,0.058348,-0.338882,-0.110156,47639
BRFSS,race_includehispAsian,race_includehisp,Race/Ethnicity,Asian,White,40-49,2023,-0.006833,0.049942,-0.104721,0.091054,47639
BRFSS,race_includehispOther,race_includehisp,Race/Ethnicity,Other,White,40-49,2023,-0.179302,0.044604,-0.266726,-0.091877,47639
BRFSS,educ_3catHS_SomeColl,educ_3cat,Education,HS_SomeColl,LT_HS,40-49,2023,0.393061,0.058522,0.278357,0.507764,47639
BRFSS,educ_3catBA_plus,educ_3cat,Education,BA_plus,LT_HS,40-49,2023,0.745737,0.059393,0.629326,0.862149,47639
BRFSS,sexFemale,sex,Sex,Female,Male,40-49,2024,-0.085275,0.019362,-0.123224,-0.047326,50768
BRFSS,race_includehispBlack,race_includehisp,Race/Ethnicity,Black,White,40-49,2024,-0.150682,0.026639,-0.202894,-0.098469,50768
BRFSS,race_includehispAIAN,race_includehisp,Race/Ethnicity,AIAN,White,40-49,2024,-0.228319,0.089999,-0.404718,-0.051921,50768
BRFSS,race_includehispAsian,race_includehisp,Race/Ethnicity,Asian,White,40-49,2024,-0.001869,0.056196,-0.112014,0.108276,50768
BRFSS,race_includehispOther,race_includehisp,Race/Ethnicity,Other,White,40-49,2024,-0.117701,0.043878,-0.203702,-0.031699,50768
BRFSS,educ_3catHS_SomeColl,educ_3cat,Education,HS_SomeColl,LT_HS,40-49,2024,0.329682,0.050662,0.230385,0.42898,50768
BRFSS,educ_3catBA_plus,educ_3cat,Education,BA_plus,LT_HS,40-49,2024,0.711397,0.050125,0.613152,0.809643,50768
BRFSS,sexFemale,sex,Sex,Female,Male,40-49,2025,-0.078193,0.062019,-0.199808,0.043423,2455
BRFSS,race_includehispBlack,race_includehisp,Race/Ethnicity,Black,White,40-49,2025,-0.143774,0.088185,-0.316698,0.02915,2455
BRFSS,race_includehispAIAN,race_includehisp,Race/Ethnicity,AIAN,White,40-49,2025,-0.027528,0.301383,-0.618519,0.563463,2455
BRFSS,race_includehispAsian,race_includehisp,Race/Ethnicity,Asian,White,40-49,2025,-0.003657,0.100148,-0.200041,0.192728,2455
BRFSS,race_includehispOther,race_includehisp,Race/Ethnicity,Other,White,40-49,2025,0.154011,0.166247,-0.171989,0.48001,2455
BRFSS,educ_3catHS_SomeColl,educ_3cat,Education,HS_SomeColl,LT_HS,40-49,2025,0.499434,0.164766,0.176338,0.82253,2455
BRFSS,educ_3catBA_plus,educ_3cat,Education,BA_plus,LT_HS,40-49,2025,0.973053,0.163577,0.65229,1.293816,2455
BRFSS,sexFemale,sex,Sex,Female,Male,50-59,1993,-0.038694,0.029316,-0.096157,0.018769,12468
BRFSS,race_includehispBlack,race_includehisp,Race/Ethnicity,Black,White,50-59,1993,-0.383695,0.053293,-0.488158,-0.279233,12468
BRFSS,race_includehispAIAN,race_includehisp,Race/Ethnicity,AIAN,White,50-59,1993,-0.05079,0.147408,-0.339732,0.238151,12468
BRFSS,race_includehispAsian,race_includehisp,Race/Ethnicity,Asian,White,50-59,1993,0.100632,0.123872,-0.142177,0.343441,12468
BRFSS,race_includehispHispanic,race_includehisp,Race/Ethnicity,Hispanic,White,50-59,1993,-0.104249,0.080369,-0.261786,0.053287,12468
BRFSS,race_includehispOther,race_includehisp,Race/Ethnicity,Other,White,50-59,1993,-0.263758,0.203645,-0.662933,0.135418,12468
BRFSS,educ_3catHS_SomeColl,educ_3cat,Education,HS_SomeColl,LT_HS,50-59,1993,0.604444,0.051994,0.502529,0.706359,12468
BRFSS,educ_3catBA_plus,educ_3cat,Education,BA_plus,LT_HS,50-59,1993,1.051692,0.055395,0.943109,1.160276,12468
BRFSS,sexFemale,sex,Sex,Female,Male,50-59,1994,0.001491,0.029692,-0.056710000000000003,0.059692,13088
BRFSS,race_includehispBlack,race_includehisp,Race/Ethnicity,Black,White,50-59,1994,-0.341935,0.047903,-0.435832,-0.248038,13088
BRFSS,race_includehispAIAN,race_includehisp,Race/Ethnicity,AIAN,White,50-59,1994,-0.388907,0.145573,-0.67425,-0.103563,13088
BRFSS,race_includehispAsian,race_includehisp,Race/Ethnicity,Asian,White,50-59,1994,0.060099,0.128078,-0.190953,0.311151,13088
BRFSS,race_includehispHispanic,race_includehisp,Race/Ethnicity,Hispanic,White,50-59,1994,-0.279765,0.075244,-0.427255,-0.132275,13088
BRFSS,race_includehispOther,race_includehisp,Race/Ethnicity,Other,White,50-59,1994,-0.141726,0.185254,-0.50485,0.221398,13088
BRFSS,educ_3catHS_SomeColl,educ_3cat,Education,HS_SomeColl,LT_HS,50-59,1994,0.622482,0.047456,0.529462,0.715501,13088
BRFSS,educ_3catBA_plus,educ_3cat,Education,BA_plus,LT_HS,50-59,1994,1.070124,0.051424,0.969324,1.170923,13088
BRFSS,sexFemale,sex,Sex,Female,Male,50-59,1995,0.03447,0.031016,-0.026325,0.095265,14438
BRFSS,race_includehispBlack,race_includehisp,Race/Ethnicity,Black,White,50-59,1995,-0.392421,0.052325,-0.494985,-0.289858,14438
BRFSS,race_includehispAIAN,race_includehisp,Race/Ethnicity,AIAN,White,50-59,1995,-0.173427,0.163529,-0.493964,0.147111,14438
BRFSS,race_includehispAsian,race_includehisp,Race/Ethnicity,Asian,White,50-59,1995,-0.389428,0.120943,-0.626492,-0.152365,14438
BRFSS,race_includehispHispanic,race_includehisp,Race/Ethnicity,Hispanic,White,50-59,1995,-0.165142,0.07081,-0.303939,-0.026346,14438
BRFSS,race_includehispOther,race_includehisp,Race/Ethnicity,Other,White,50-59,1995,-0.509336,0.211847,-0.924584,-0.094089,14438
BRFSS,educ_3catHS_SomeColl,educ_3cat,Education,HS_SomeColl,LT_HS,50-59,1995,0.573673,0.046562,0.482405,0.664941,14438
BRFSS,educ_3catBA_plus,educ_3cat,Education,BA_plus,LT_HS,50-59,1995,0.957565,0.053701,0.852303,1.062827,14438
BRFSS,sexFemale,sex,Sex,Female,Male,50-59,1996,0.021922,0.026004,-0.029049,0.072893,16327
BRFSS,race_includehispBlack,race_includehisp,Race/Ethnicity,Black,White,50-59,1996,-0.353248,0.049323,-0.449927,-0.256569,16327
BRFSS,race_includehispAIAN,race_includehisp,Race/Ethnicity,AIAN,White,50-59,1996,0.026187,0.182677,-0.33188,0.384253,16327
BRFSS,race_includehispAsian,race_includehisp,Race/Ethnicity,Asian,White,50-59,1996,-0.15522,0.146698,-0.442764,0.132324,16327
BRFSS,race_includehispHispanic,race_includehisp,Race/Ethnicity,Hispanic,White,50-59,1996,-0.220092,0.058937,-0.335615,-0.104568,16327
BRFSS,race_includehispOther,race_includehisp,Race/Ethnicity,Other,White,50-59,1996,-0.464166,0.188834,-0.834302,-0.094031,16327
BRFSS,educ_3catHS_SomeColl,educ_3cat,Education,HS_SomeColl,LT_HS,50-59,1996,0.73926,0.042171,0.656601,0.821919,16327
BRFSS,educ_3catBA_plus,educ_3cat,Education,BA_plus,LT_HS,50-59,1996,1.146288,0.045433,1.057234,1.235342,16327
BRFSS,sexFemale,sex,Sex,Female,Male,50-59,1997,-0.016866,0.023325,-0.062585,0.028854,18843
BRFSS,race_includehispBlack,race_includehisp,Race/Ethnicity,Black,White,50-59,1997,-0.348927,0.042556,-0.432341,-0.26551399999999997,18843
BRFSS,race_includehispAIAN,race_includehisp,Race/Ethnicity,AIAN,White,50-59,1997,-0.186953,0.135248,-0.452051,0.078145,18843
BRFSS,race_includehispAsian,race_includehisp,Race/Ethnicity,Asian,White,50-59,1997,-0.59404,0.121613,-0.832412,-0.355668,18843
BRFSS,race_includehispHispanic,race_includehisp,Race/Ethnicity,Hispanic,White,50-59,1997,-0.433914,0.058763,-0.549095,-0.318733,18843
BRFSS,race_includehispOther,race_includehisp,Race/Ethnicity,Other,White,50-59,1997,-0.546535,0.18151,-0.902311,-0.190759,18843
BRFSS,educ_3catHS_SomeColl,educ_3cat,Education,HS_SomeColl,LT_HS,50-59,1997,0.728076,0.040792,0.648121,0.808032,18843
BRFSS,educ_3catBA_plus,educ_3cat,Education,BA_plus,LT_HS,50-59,1997,1.161494,0.043583,1.076068,1.246921,18843
BRFSS,sexFemale,sex,Sex,Female,Male,50-59,1998,-0.009399,0.023705,-0.055862,0.037065,21743
BRFSS,race_includehispBlack,race_includehisp,Race/Ethnicity,Black,White,50-59,1998,-0.40718,0.045831,-0.497013,-0.317347,21743
BRFSS,race_includehispAIAN,race_includehisp,Race/Ethnicity,AIAN,White,50-59,1998,-0.413107,0.109376,-0.627491,-0.198722,21743
BRFSS,race_includehispAsian,race_includehisp,Race/Ethnicity,Asian,White,50-59,1998,-0.20863,0.122612,-0.448959,0.031699,21743
BRFSS,race_includehispHispanic,race_includehisp,Race/Ethnicity,Hispanic,White,50-59,1998,-0.28888200000000003,0.052668,-0.392116,-0.185648,21743
BRFSS,race_includehispOther,race_includehisp,Race/Ethnicity,Other,White,50-59,1998,-0.326799,0.147969,-0.616828,-0.03677,21743
BRFSS,educ_3catHS_SomeColl,educ_3cat,Education,HS_SomeColl,LT_HS,50-59,1998,0.703406,0.041346,0.622364,0.784447,21743
BRFSS,educ_3catBA_plus,educ_3cat,Education,BA_plus,LT_HS,50-59,1998,1.188793,0.043538,1.103456,1.27413,21743
BRFSS,sexFemale,sex,Sex,Female,Male,50-59,1999,0.033877,0.024181,-0.013518,0.081273,24106
BRFSS,race_includehispBlack,race_includehisp,Race/Ethnicity,Black,White,50-59,1999,-0.367491,0.045325,-0.456331,-0.278651,24106
BRFSS,race_includehispAIAN,race_includehisp,Race/Ethnicity,AIAN,White,50-59,1999,-0.273564,0.134933,-0.538042,-0.009087,24106
BRFSS,race_includehispAsian,race_includehisp,Race/Ethnicity,Asian,White,50-59,1999,-0.311949,0.092855,-0.493951,-0.129947,24106
BRFSS,race_includehispHispanic,race_includehisp,Race/Ethnicity,Hispanic,White,50-59,1999,-0.243216,0.054288,-0.349624,-0.136808,24106
BRFSS,race_includehispOther,race_includehisp,Race/Ethnicity,Other,White,50-59,1999,-0.069723,0.16262,-0.388469,0.249022,24106
BRFSS,educ_3catHS_SomeColl,educ_3cat,Education,HS_SomeColl,LT_HS,50-59,1999,0.663142,0.045973,0.573033,0.753252,24106
BRFSS,educ_3catBA_plus,educ_3cat,Education,BA_plus,LT_HS,50-59,1999,1.166894,0.047599,1.073597,1.260191,24106
BRFSS,sexFemale,sex,Sex,Female,Male,50-59,2000,-0.013071,0.023125,-0.058396000000000003,0.032255,29183
BRFSS,race_includehispBlack,race_includehisp,Race/Ethnicity,Black,White,50-59,2000,-0.319585,0.039633,-0.397268,-0.241903,29183
BRFSS,race_includehispAIAN,race_includehisp,Race/Ethnicity,AIAN,White,50-59,2000,-0.363428,0.113816,-0.586513,-0.140342,29183
BRFSS,race_includehispAsian,race_includehisp,Race/Ethnicity,Asian,White,50-59,2000,-0.202243,0.136439,-0.469668,0.065183,29183
BRFSS,race_includehispHispanic,race_includehisp,Race/Ethnicity,Hispanic,White,50-59,2000,-0.30318,0.054709,-0.410412,-0.195947,29183
BRFSS,race_includehispOther,race_includehisp,Race/Ethnicity,Other,White,50-59,2000,-0.17827,0.261197,-0.690229,0.333688,29183
BRFSS,educ_3catHS_SomeColl,educ_3cat,Education,HS_SomeColl,LT_HS,50-59,2000,0.591335,0.042982,0.507088,0.675582,29183
BRFSS,educ_3catBA_plus,educ_3cat,Education,BA_plus,LT_HS,50-59,2000,1.021592,0.043892,0.935562,1.107622,29183
BRFSS,sexFemale,sex,Sex,Female,Male,50-59,2001,-0.217514,0.092813,-0.399515,-0.035512,2416
BRFSS,race_includehispBlack,race_includehisp,Race/Ethnicity,Black,White,50-59,2001,0.425579,0.37982900000000003,-0.319246,1.170403,2416
BRFSS,race_includehispAIAN,race_includehisp,Race/Ethnicity,AIAN,White,50-59,2001,1.112659,0.182022,0.755723,1.469595,2416
BRFSS,race_includehispAsian,race_includehisp,Race/Ethnicity,Asian,White,50-59,2001,-2.863915,0.170836,-3.198916,-2.528915,2416
BRFSS,race_includehispHispanic,race_includehisp,Race/Ethnicity,Hispanic,White,50-59,2001,-0.336301,0.164058,-0.65801,-0.014593,2416
BRFSS,educ_3catHS_SomeColl,educ_3cat,Education,HS_SomeColl,LT_HS,50-59,2001,0.78905,0.107535,0.57818,0.99992,2416
BRFSS,educ_3catBA_plus,educ_3cat,Education,BA_plus,LT_HS,50-59,2001,1.194088,0.124217,0.950504,1.437672,2416
BRFSS,sexFemale,sex,Sex,Female,Male,50-59,2002,-0.008469,0.019416,-0.046525,0.029586,43441
BRFSS,educ_3catHS_SomeColl,educ_3cat,Education,HS_SomeColl,LT_HS,50-59,2002,0.792628,0.044566,0.705278,0.879977,43441
BRFSS,educ_3catBA_plus,educ_3cat,Education,BA_plus,LT_HS,50-59,2002,1.284153,0.045562,1.19485,1.373455,43441
BRFSS,sexFemale,sex,Sex,Female,Male,50-59,2003,0.024654,0.018703,-0.012004,0.061311,49051
BRFSS,educ_3catHS_SomeColl,educ_3cat,Education,HS_SomeColl,LT_HS,50-59,2003,0.871509,0.040948,0.79125,0.951767,49051
BRFSS,educ_3catBA_plus,educ_3cat,Education,BA_plus,LT_HS,50-59,2003,1.382486,0.041206,1.301721,1.463251,49051
BRFSS,sexFemale,sex,Sex,Female,Male,50-59,2004,0.006125,0.01799,-0.029135,0.041386,58233
BRFSS,educ_3catHS_SomeColl,educ_3cat,Education,HS_SomeColl,LT_HS,50-59,2004,0.815434,0.040761,0.735543,0.895326,58233
BRFSS,educ_3catBA_plus,educ_3cat,Education,BA_plus,LT_HS,50-59,2004,1.3633,0.041422,1.282113,1.444487,58233
BRFSS,sexFemale,sex,Sex,Female,Male,50-59,2005,0.020981,0.016478,-0.011316,0.053279,71699
BRFSS,educ_3catHS_SomeColl,educ_3cat,Education,HS_SomeColl,LT_HS,50-59,2005,0.770766,0.036864,0.698513,0.843019,71699
BRFSS,educ_3catBA_plus,educ_3cat,Education,BA_plus,LT_HS,50-59,2005,1.305202,0.037027,1.232629,1.377775,71699
BRFSS,sexFemale,sex,Sex,Female,Male,50-59,2006,0.010686,0.016267,-0.021198,0.04257,74648
BRFSS,educ_3catHS_SomeColl,educ_3cat,Education,HS_SomeColl,LT_HS,50-59,2006,0.808811,0.032664,0.74479,0.872833,74648
BRFSS,educ_3catBA_plus,educ_3cat,Education,BA_plus,LT_HS,50-59,2006,1.363368,0.032925,1.298835,1.427902,74648
BRFSS,sexFemale,sex,Sex,Female,Male,50-59,2007,5.97e-4,0.014463,-0.02775,0.028944,91741
BRFSS,educ_3catHS_SomeColl,educ_3cat,Education,HS_SomeColl,LT_HS,50-59,2007,0.787562,0.038869,0.711379,0.863746,91741
BRFSS,educ_3catBA_plus,educ_3cat,Education,BA_plus,LT_HS,50-59,2007,1.30288,0.039172,1.226103,1.379658,91741
BRFSS,sexFemale,sex,Sex,Female,Male,50-59,2008,0.015441,0.013554,-0.011125,0.042006,89156
BRFSS,educ_3catHS_SomeColl,educ_3cat,Education,HS_SomeColl,LT_HS,50-59,2008,0.832317,0.028622,0.776219,0.888416,89156
BRFSS,educ_3catBA_plus,educ_3cat,Education,BA_plus,LT_HS,50-59,2008,1.36519,0.028737,1.308865,1.421514,89156
BRFSS,sexFemale,sex,Sex,Female,Male,50-59,2009,0.004095,0.012539,-0.020482,0.028672,94384
BRFSS,educ_3catHS_SomeColl,educ_3cat,Education,HS_SomeColl,LT_HS,50-59,2009,0.796292,0.028111,0.741196,0.851389,94384
BRFSS,educ_3catBA_plus,educ_3cat,Education,BA_plus,LT_HS,50-59,2009,1.318557,0.028323,1.263043,1.37407,94384
BRFSS,sexFemale,sex,Sex,Female,Male,50-59,2010,0.001577,0.012541,-0.023004,0.026157,96641
BRFSS,educ_3catHS_SomeColl,educ_3cat,Education,HS_SomeColl,LT_HS,50-59,2010,0.79467,0.028039,0.739713,0.849627,96641
BRFSS,educ_3catBA_plus,educ_3cat,Education,BA_plus,LT_HS,50-59,2010,1.336664,0.028575,1.280658,1.39267,96641
BRFSS,sexFemale,sex,Sex,Female,Male,50-59,2011,-0.004154,0.012919,-0.029475,0.021166,104417
BRFSS,race_includehispBlack,race_includehisp,Race/Ethnicity,Black,White,50-59,2011,-0.312008,0.022199,-0.355518,-0.268497,104417
BRFSS,race_includehispAIAN,race_includehisp,Race/Ethnicity,AIAN,White,50-59,2011,-0.425022,0.064342,-0.551131,-0.298914,104417
BRFSS,race_includehispAsian,race_includehisp,Race/Ethnicity,Asian,White,50-59,2011,-0.136284,0.051176,-0.236588,-0.03598,104417
BRFSS,race_includehispHispanic,race_includehisp,Race/Ethnicity,Hispanic,White,50-59,2011,-0.272968,0.025832,-0.323597,-0.222338,104417
BRFSS,race_includehispOther,race_includehisp,Race/Ethnicity,Other,White,50-59,2011,-0.37108,0.057422,-0.483627,-0.258533,104417
BRFSS,educ_3catHS_SomeColl,educ_3cat,Education,HS_SomeColl,LT_HS,50-59,2011,0.70365,0.025545000000000002,0.653582,0.753718,104417
BRFSS,educ_3catBA_plus,educ_3cat,Education,BA_plus,LT_HS,50-59,2011,1.206523,0.02607,1.155426,1.257619,104417
BRFSS,sexFemale,sex,Sex,Female,Male,50-59,2012,0.031859,0.013838,0.004738,0.058981,96641
BRFSS,race_includehispBlack,race_includehisp,Race/Ethnicity,Black,White,50-59,2012,-0.295607,0.023348,-0.341369,-0.249845,96641
BRFSS,race_includehispAIAN,race_includehisp,Race/Ethnicity,AIAN,White,50-59,2012,-0.442242,0.070506,-0.580432,-0.304051,96641
BRFSS,race_includehispAsian,race_includehisp,Race/Ethnicity,Asian,White,50-59,2012,-0.119331,0.058286,-0.233571,-0.005092,96641
BRFSS,race_includehispHispanic,race_includehisp,Race/Ethnicity,Hispanic,White,50-59,2012,-0.239527,0.03014,-0.298601,-0.180454,96641
BRFSS,race_includehispOther,race_includehisp,Race/Ethnicity,Other,White,50-59,2012,-0.299551,0.051043,-0.399594,-0.199507,96641
BRFSS,educ_3catHS_SomeColl,educ_3cat,Education,HS_SomeColl,LT_HS,50-59,2012,0.710859,0.028069,0.655844,0.765874,96641
BRFSS,educ_3catBA_plus,educ_3cat,Education,BA_plus,LT_HS,50-59,2012,1.203772,0.028591,1.147734,1.25981,96641
BRFSS,sexFemale,sex,Sex,Female,Male,50-59,2013,-0.002031,0.014238,-0.029936,0.025875,92333
BRFSS,race_includehispBlack,race_includehisp,Race/Ethnicity,Black,White,50-59,2013,-0.30214800000000003,0.025572,-0.352269,-0.252027,92333
BRFSS,race_includehispAIAN,race_includehisp,Race/Ethnicity,AIAN,White,50-59,2013,-0.304681,0.06609,-0.434217,-0.175145,92333
BRFSS,race_includehispAsian,race_includehisp,Race/Ethnicity,Asian,White,50-59,2013,-0.213938,0.066667,-0.344605,-0.083271,92333
BRFSS,race_includehispHispanic,race_includehisp,Race/Ethnicity,Hispanic,White,50-59,2013,-0.381715,0.167711,-0.710427,-0.053003,92333
BRFSS,race_includehispOther,race_includehisp,Race/Ethnicity,Other,White,50-59,2013,-0.26563,0.062328,-0.387793,-0.143468,92333
BRFSS,educ_3catHS_SomeColl,educ_3cat,Education,HS_SomeColl,LT_HS,50-59,2013,0.701315,0.031077,0.640405,0.762225,92333
BRFSS,educ_3catBA_plus,educ_3cat,Education,BA_plus,LT_HS,50-59,2013,1.229928,0.031307,1.168568,1.291289,92333
BRFSS,sexFemale,sex,Sex,Female,Male,50-59,2014,0.029497,0.01414,0.001783,0.057212,86028
BRFSS,race_includehispBlack,race_includehisp,Race/Ethnicity,Black,White,50-59,2014,-0.206904,0.025607,-0.257093,-0.156716,86028
BRFSS,race_includehispAIAN,race_includehisp,Race/Ethnicity,AIAN,White,50-59,2014,-0.380873,0.059711,-0.497906,-0.26384,86028
BRFSS,race_includehispAsian,race_includehisp,Race/Ethnicity,Asian,White,50-59,2014,-0.137402,0.059126,-0.253288,-0.021515,86028
BRFSS,race_includehispOther,race_includehisp,Race/Ethnicity,Other,White,50-59,2014,-0.290144,0.051719,-0.391512,-0.188776,86028
BRFSS,educ_3catHS_SomeColl,educ_3cat,Education,HS_SomeColl,LT_HS,50-59,2014,0.705617,0.031726,0.643435,0.7678,86028
BRFSS,educ_3catBA_plus,educ_3cat,Education,BA_plus,LT_HS,50-59,2014,1.250379,0.031704,1.188239,1.312519,86028
BRFSS,sexFemale,sex,Sex,Female,Male,50-59,2015,0.018944,0.014442,-0.009361,0.04725,75715
BRFSS,race_includehispBlack,race_includehisp,Race/Ethnicity,Black,White,50-59,2015,-0.226578,0.024089,-0.273792,-0.179364,75715
BRFSS,race_includehispAIAN,race_includehisp,Race/Ethnicity,AIAN,White,50-59,2015,-0.062233,0.049229,-0.158722,0.034255,75715
BRFSS,race_includehispAsian,race_includehisp,Race/Ethnicity,Asian,White,50-59,2015,-0.331579,0.058615,-0.446464,-0.216694,75715
BRFSS,race_includehispOther,race_includehisp,Race/Ethnicity,Other,White,50-59,2015,-0.134748,0.091897,-0.314865,0.045369,75715
BRFSS,educ_3catHS_SomeColl,educ_3cat,Education,HS_SomeColl,LT_HS,50-59,2015,0.76705,0.033244,0.701892,0.832209,75715
BRFSS,educ_3catBA_plus,educ_3cat,Education,BA_plus,LT_HS,50-59,2015,1.278758,0.03342,1.213255,1.344261,75715
BRFSS,sexFemale,sex,Sex,Female,Male,50-59,2016,0.007106,0.014491,-0.021297,0.035508,80892
BRFSS,race_includehispBlack,race_includehisp,Race/Ethnicity,Black,White,50-59,2016,-0.204661,0.023422,-0.250567,-0.158754,80892
BRFSS,race_includehispAIAN,race_includehisp,Race/Ethnicity,AIAN,White,50-59,2016,-0.135439,0.057211,-0.247573,-0.023305,80892
BRFSS,race_includehispAsian,race_includehisp,Race/Ethnicity,Asian,White,50-59,2016,-0.462838,0.057688,-0.575906,-0.34977,80892
BRFSS,race_includehispOther,race_includehisp,Race/Ethnicity,Other,White,50-59,2016,-0.0201,0.124673,-0.264459,0.22425899999999999,80892
BRFSS,educ_3catHS_SomeColl,educ_3cat,Education,HS_SomeColl,LT_HS,50-59,2016,0.722278,0.033127,0.657349,0.787207,80892
BRFSS,educ_3catBA_plus,educ_3cat,Education,BA_plus,LT_HS,50-59,2016,1.234242,0.033667,1.168255,1.300229,80892
BRFSS,sexFemale,sex,Sex,Female,Male,50-59,2017,-0.038133,0.016374,-0.070226,-0.00604,76116
BRFSS,race_includehispBlack,race_includehisp,Race/Ethnicity,Black,White,50-59,2017,-0.225605,0.025861,-0.276291,-0.174918,76116
BRFSS,race_includehispAIAN,race_includehisp,Race/Ethnicity,AIAN,White,50-59,2017,-0.265368,0.069902,-0.402376,-0.12836,76116
BRFSS,race_includehispAsian,race_includehisp,Race/Ethnicity,Asian,White,50-59,2017,-0.109056,0.065086,-0.236624,0.018512,76116
BRFSS,race_includehispOther,race_includehisp,Race/Ethnicity,Other,White,50-59,2017,-0.258957,0.043403,-0.344028,-0.173887,76116
BRFSS,educ_3catHS_SomeColl,educ_3cat,Education,HS_SomeColl,LT_HS,50-59,2017,0.732633,0.036142,0.661796,0.803471,76116
BRFSS,educ_3catBA_plus,educ_3cat,Education,BA_plus,LT_HS,50-59,2017,1.270437,0.036328,1.199235,1.341639,76116
BRFSS,sexFemale,sex,Sex,Female,Male,50-59,2018,-0.026952,0.016749,-0.059779,0.005875,69804
BRFSS,race_includehispBlack,race_includehisp,Race/Ethnicity,Black,White,50-59,2018,-0.233373,0.025948,-0.284231,-0.182515,69804
BRFSS,race_includehispAIAN,race_includehisp,Race/Ethnicity,AIAN,White,50-59,2018,-0.220676,0.060728,-0.339704,-0.101648,69804
BRFSS,race_includehispAsian,race_includehisp,Race/Ethnicity,Asian,White,50-59,2018,-0.038319,0.055586000000000003,-0.147267,0.070628,69804
BRFSS,race_includehispOther,race_includehisp,Race/Ethnicity,Other,White,50-59,2018,-0.241068,0.051366,-0.341744,-0.140391,69804
BRFSS,educ_3catHS_SomeColl,educ_3cat,Education,HS_SomeColl,LT_HS,50-59,2018,0.663106,0.039835,0.585029,0.741183,69804
BRFSS,educ_3catBA_plus,educ_3cat,Education,BA_plus,LT_HS,50-59,2018,1.175517,0.039956,1.097203,1.25383,69804
BRFSS,sexFemale,sex,Sex,Female,Male,50-59,2019,-0.009609,0.016084,-0.041133,0.021915,64573
BRFSS,race_includehispBlack,race_includehisp,Race/Ethnicity,Black,White,50-59,2019,-0.192508,0.024684,-0.24089,-0.144127,64573
BRFSS,race_includehispAIAN,race_includehisp,Race/Ethnicity,AIAN,White,50-59,2019,-0.400982,0.077903,-0.553672,-0.248291,64573
BRFSS,race_includehispAsian,race_includehisp,Race/Ethnicity,Asian,White,50-59,2019,0.018925,0.061427,-0.101472,0.139321,64573
BRFSS,race_includehispOther,race_includehisp,Race/Ethnicity,Other,White,50-59,2019,-0.224274,0.040871,-0.30438,-0.144168,64573
BRFSS,educ_3catHS_SomeColl,educ_3cat,Education,HS_SomeColl,LT_HS,50-59,2019,0.693193,0.038553,0.61763,0.768756,64573
BRFSS,educ_3catBA_plus,educ_3cat,Education,BA_plus,LT_HS,50-59,2019,1.231771,0.039344,1.154656,1.308886,64573
BRFSS,sexFemale,sex,Sex,Female,Male,50-59,2020,-0.077568,0.017796,-0.112449,-0.042687,62184
BRFSS,race_includehispBlack,race_includehisp,Race/Ethnicity,Black,White,50-59,2020,-0.217951,0.028574,-0.273956,-0.161947,62184
BRFSS,race_includehispAIAN,race_includehisp,Race/Ethnicity,AIAN,White,50-59,2020,-0.194419,0.104643,-0.399519,0.010681,62184
BRFSS,race_includehispAsian,race_includehisp,Race/Ethnicity,Asian,White,50-59,2020,-0.010961,0.065402,-0.139149,0.117227,62184
BRFSS,race_includehispOther,race_includehisp,Race/Ethnicity,Other,White,50-59,2020,-0.175281,0.056284,-0.285598,-0.064965,62184
BRFSS,educ_3catHS_SomeColl,educ_3cat,Education,HS_SomeColl,LT_HS,50-59,2020,0.680107,0.041036,0.599677,0.760537,62184
BRFSS,educ_3catBA_plus,educ_3cat,Education,BA_plus,LT_HS,50-59,2020,1.147373,0.04105,1.066915,1.227831,62184
BRFSS,sexFemale,sex,Sex,Female,Male,50-59,2021,-0.032655000000000003,0.018105,-0.068141,0.002831,63557
BRFSS,race_includehispBlack,race_includehisp,Race/Ethnicity,Black,White,50-59,2021,-0.229718,0.030632,-0.289756,-0.16968,63557
BRFSS,race_includehispAIAN,race_includehisp,Race/Ethnicity,AIAN,White,50-59,2021,-0.256109,0.059293,-0.372324,-0.139894,63557
BRFSS,race_includehispAsian,race_includehisp,Race/Ethnicity,Asian,White,50-59,2021,-0.032627,0.053388,-0.137266,0.072013,63557
BRFSS,race_includehispOther,race_includehisp,Race/Ethnicity,Other,White,50-59,2021,-0.155263,0.05603,-0.265082,-0.045443,63557
BRFSS,educ_3catHS_SomeColl,educ_3cat,Education,HS_SomeColl,LT_HS,50-59,2021,0.673504,0.042297,0.590601,0.756407,63557
BRFSS,educ_3catBA_plus,educ_3cat,Education,BA_plus,LT_HS,50-59,2021,1.151012,0.041953,1.068784,1.23324,63557
BRFSS,sexFemale,sex,Sex,Female,Male,50-59,2022,-0.022067,0.016423,-0.054255,0.010122,63469
BRFSS,race_includehispBlack,race_includehisp,Race/Ethnicity,Black,White,50-59,2022,-0.188162,0.023961,-0.235125,-0.141199,63469
BRFSS,race_includehispAIAN,race_includehisp,Race/Ethnicity,AIAN,White,50-59,2022,-0.315865,0.073357,-0.459645,-0.172084,63469
BRFSS,race_includehispAsian,race_includehisp,Race/Ethnicity,Asian,White,50-59,2022,-0.024245,0.058721,-0.139337,0.090848,63469
BRFSS,race_includehispOther,race_includehisp,Race/Ethnicity,Other,White,50-59,2022,-0.198183,0.051192,-0.298519,-0.097847,63469
BRFSS,educ_3catHS_SomeColl,educ_3cat,Education,HS_SomeColl,LT_HS,50-59,2022,0.644332,0.043548,0.558978,0.729687,63469
BRFSS,educ_3catBA_plus,educ_3cat,Education,BA_plus,LT_HS,50-59,2022,1.090973,0.043718,1.005285,1.176661,63469
BRFSS,sexFemale,sex,Sex,Female,Male,50-59,2023,-0.018425,0.018271,-0.054235,0.017386,58827
BRFSS,race_includehispBlack,race_includehisp,Race/Ethnicity,Black,White,50-59,2023,-0.143356,0.027222,-0.19671,-0.090001,58827
BRFSS,race_includehispAIAN,race_includehisp,Race/Ethnicity,AIAN,White,50-59,2023,-0.27345,0.063857,-0.398611,-0.14829,58827
BRFSS,race_includehispAsian,race_includehisp,Race/Ethnicity,Asian,White,50-59,2023,-0.017089,0.056822,-0.12846,0.094282,58827
BRFSS,race_includehispOther,race_includehisp,Race/Ethnicity,Other,White,50-59,2023,-0.239858,0.053233,-0.344195,-0.135521,58827
BRFSS,educ_3catHS_SomeColl,educ_3cat,Education,HS_SomeColl,LT_HS,50-59,2023,0.657237,0.040634,0.577594,0.736879,58827
BRFSS,educ_3catBA_plus,educ_3cat,Education,BA_plus,LT_HS,50-59,2023,1.116542,0.040218,1.037714,1.19537,58827
BRFSS,sexFemale,sex,Sex,Female,Male,50-59,2024,-0.044006,0.018582,-0.080427,-0.007585,59757
BRFSS,race_includehispBlack,race_includehisp,Race/Ethnicity,Black,White,50-59,2024,-0.178571,0.028387,-0.23421,-0.122932,59757
BRFSS,race_includehispAIAN,race_includehisp,Race/Ethnicity,AIAN,White,50-59,2024,-0.117372,0.088136,-0.290118,0.055374,59757
BRFSS,race_includehispAsian,race_includehisp,Race/Ethnicity,Asian,White,50-59,2024,-0.138415,0.060012,-0.256038,-0.020791,59757
BRFSS,race_includehispOther,race_includehisp,Race/Ethnicity,Other,White,50-59,2024,-0.196288,0.052333,-0.298861,-0.093714,59757
BRFSS,educ_3catHS_SomeColl,educ_3cat,Education,HS_SomeColl,LT_HS,50-59,2024,0.481982,0.056759,0.370734,0.59323,59757
BRFSS,educ_3catBA_plus,educ_3cat,Education,BA_plus,LT_HS,50-59,2024,0.966375,0.056494,0.855646,1.077104,59757
BRFSS,sexFemale,sex,Sex,Female,Male,50-59,2025,-0.115234,0.071614,-0.255659,0.025191,2637
BRFSS,race_includehispBlack,race_includehisp,Race/Ethnicity,Black,White,50-59,2025,-0.071604,0.115171,-0.297438,0.15423,2637
BRFSS,race_includehispAIAN,race_includehisp,Race/Ethnicity,AIAN,White,50-59,2025,-0.21611,0.216617,-0.640866,0.208647,2637
BRFSS,race_includehispAsian,race_includehisp,Race/Ethnicity,Asian,White,50-59,2025,-0.062596,0.174134,-0.40405,0.278858,2637
BRFSS,race_includehispOther,race_includehisp,Race/Ethnicity,Other,White,50-59,2025,-0.089221,0.217403,-0.51552,0.337078,2637
BRFSS,educ_3catHS_SomeColl,educ_3cat,Education,HS_SomeColl,LT_HS,50-59,2025,0.813408,0.172626,0.474911,1.151904,2637
BRFSS,educ_3catBA_plus,educ_3cat,Education,BA_plus,LT_HS,50-59,2025,1.324055,0.170646,0.98944,1.658669,2637
BRFSS,sexFemale,sex,Sex,Female,Male,60-69,1993,0.07275,0.030046,0.013856,0.131645,12095
BRFSS,race_includehispBlack,race_includehisp,Race/Ethnicity,Black,White,60-69,1993,-0.214557,0.061037,-0.334199,-0.094915,12095
BRFSS,race_includehispAIAN,race_includehisp,Race/Ethnicity,AIAN,White,60-69,1993,-0.172443,0.154276,-0.474848,0.129962,12095
BRFSS,race_includehispAsian,race_includehisp,Race/Ethnicity,Asian,White,60-69,1993,-0.245591,0.196976,-0.631696,0.140514,12095
BRFSS,race_includehispHispanic,race_includehisp,Race/Ethnicity,Hispanic,White,60-69,1993,-0.200435,0.093254,-0.383228,-0.017642,12095
BRFSS,race_includehispOther,race_includehisp,Race/Ethnicity,Other,White,60-69,1993,-0.071314,0.207453,-0.477956,0.335328,12095
BRFSS,educ_3catHS_SomeColl,educ_3cat,Education,HS_SomeColl,LT_HS,60-69,1993,0.499174,0.035836,0.42893,0.569418,12095
BRFSS,educ_3catBA_plus,educ_3cat,Education,BA_plus,LT_HS,60-69,1993,0.906992,0.043401,0.821919,0.992064,12095
BRFSS,sexFemale,sex,Sex,Female,Male,60-69,1994,0.098627,0.030951,0.037958,0.159296,12621
BRFSS,race_includehispBlack,race_includehisp,Race/Ethnicity,Black,White,60-69,1994,-0.311971,0.054788,-0.419364,-0.204577,12621
BRFSS,race_includehispAIAN,race_includehisp,Race/Ethnicity,AIAN,White,60-69,1994,-0.04267,0.145634,-0.328135,0.242795,12621
BRFSS,race_includehispAsian,race_includehisp,Race/Ethnicity,Asian,White,60-69,1994,0.029805,0.18937,-0.341389,0.400999,12621
BRFSS,race_includehispHispanic,race_includehisp,Race/Ethnicity,Hispanic,White,60-69,1994,-0.127685,0.075987,-0.27663,0.02126,12621
BRFSS,race_includehispOther,race_includehisp,Race/Ethnicity,Other,White,60-69,1994,0.062201,0.201192,-0.332166,0.456568,12621
BRFSS,educ_3catHS_SomeColl,educ_3cat,Education,HS_SomeColl,LT_HS,60-69,1994,0.511914,0.037766,0.437888,0.585941,12621
BRFSS,educ_3catBA_plus,educ_3cat,Education,BA_plus,LT_HS,60-69,1994,0.914669,0.047823,0.82093,1.0084090000000001,12621
BRFSS,sexFemale,sex,Sex,Female,Male,60-69,1995,0.022763,0.030639,-0.037293,0.082818,13103
BRFSS,race_includehispBlack,race_includehisp,Race/Ethnicity,Black,White,60-69,1995,-0.374705,0.049909,-0.472533,-0.276877,13103
BRFSS,race_includehispAIAN,race_includehisp,Race/Ethnicity,AIAN,White,60-69,1995,-0.34498,0.161977,-0.662478,-0.027481,13103
BRFSS,race_includehispAsian,race_includehisp,Race/Ethnicity,Asian,White,60-69,1995,-0.260874,0.238046,-0.727478,0.205731,13103
BRFSS,race_includehispHispanic,race_includehisp,Race/Ethnicity,Hispanic,White,60-69,1995,-0.253269,0.085821,-0.42149,-0.085048,13103
BRFSS,race_includehispOther,race_includehisp,Race/Ethnicity,Other,White,60-69,1995,-0.06865,0.211524,-0.483267,0.345967,13103
BRFSS,educ_3catHS_SomeColl,educ_3cat,Education,HS_SomeColl,LT_HS,60-69,1995,0.456181,0.038212,0.381279,0.531083,13103
BRFSS,educ_3catBA_plus,educ_3cat,Education,BA_plus,LT_HS,60-69,1995,0.910577,0.046012,0.820386,1.000768,13103
BRFSS,sexFemale,sex,Sex,Female,Male,60-69,1996,0.083149,0.02962,0.02509,0.141208,14211
BRFSS,race_includehispBlack,race_includehisp,Race/Ethnicity,Black,White,60-69,1996,-0.345208,0.065044,-0.472702,-0.217714,14211
BRFSS,race_includehispAIAN,race_includehisp,Race/Ethnicity,AIAN,White,60-69,1996,-0.217572,0.247654,-0.703007,0.267863,14211
BRFSS,race_includehispAsian,race_includehisp,Race/Ethnicity,Asian,White,60-69,1996,-0.443489,0.147348,-0.73231,-0.154668,14211
BRFSS,race_includehispHispanic,race_includehisp,Race/Ethnicity,Hispanic,White,60-69,1996,-0.245276,0.06991,-0.382309,-0.108244,14211
BRFSS,race_includehispOther,race_includehisp,Race/Ethnicity,Other,White,60-69,1996,-0.400477,0.194736,-0.782186,-0.018769,14211
BRFSS,educ_3catHS_SomeColl,educ_3cat,Education,HS_SomeColl,LT_HS,60-69,1996,0.555451,0.037356,0.482228,0.628673,14211
BRFSS,educ_3catBA_plus,educ_3cat,Education,BA_plus,LT_HS,60-69,1996,1.023596,0.046703,0.932051,1.115141,14211
BRFSS,sexFemale,sex,Sex,Female,Male,60-69,1997,0.038726,0.027489,-0.015156,0.092609,15355
BRFSS,race_includehispBlack,race_includehisp,Race/Ethnicity,Black,White,60-69,1997,-0.333632,0.053502,-0.438503,-0.228762,15355
BRFSS,race_includehispAIAN,race_includehisp,Race/Ethnicity,AIAN,White,60-69,1997,-0.551787,0.207222,-0.957967,-0.145606,15355
BRFSS,race_includehispAsian,race_includehisp,Race/Ethnicity,Asian,White,60-69,1997,-0.065281,0.125134,-0.310559,0.179997,15355
BRFSS,race_includehispHispanic,race_includehisp,Race/Ethnicity,Hispanic,White,60-69,1997,-0.308909,0.068158,-0.442506,-0.175311,15355
BRFSS,race_includehispOther,race_includehisp,Race/Ethnicity,Other,White,60-69,1997,0.056721,0.200717,-0.336707,0.450149,15355
BRFSS,educ_3catHS_SomeColl,educ_3cat,Education,HS_SomeColl,LT_HS,60-69,1997,0.568739,0.036194,0.497795,0.639683,15355
BRFSS,educ_3catBA_plus,educ_3cat,Education,BA_plus,LT_HS,60-69,1997,0.937577,0.04304,0.853213,1.021942,15355
BRFSS,sexFemale,sex,Sex,Female,Male,60-69,1998,-0.02356,0.027339,-0.077148,0.030028,16742
BRFSS,race_includehispBlack,race_includehisp,Race/Ethnicity,Black,White,60-69,1998,-0.3071,0.049857,-0.404825,-0.209375,16742
BRFSS,race_includehispAIAN,race_includehisp,Race/Ethnicity,AIAN,White,60-69,1998,-0.249979,0.146673,-0.537474,0.037517,16742
BRFSS,race_includehispAsian,race_includehisp,Race/Ethnicity,Asian,White,60-69,1998,0.093522,0.156906,-0.214031,0.401075,16742
BRFSS,race_includehispHispanic,race_includehisp,Race/Ethnicity,Hispanic,White,60-69,1998,-0.148841,0.063596,-0.273496,-0.024186,16742
BRFSS,race_includehispOther,race_includehisp,Race/Ethnicity,Other,White,60-69,1998,-0.171899,0.133748,-0.434058,0.090261,16742
BRFSS,educ_3catHS_SomeColl,educ_3cat,Education,HS_SomeColl,LT_HS,60-69,1998,0.657459,0.036016,0.586864,0.728054,16742
BRFSS,educ_3catBA_plus,educ_3cat,Education,BA_plus,LT_HS,60-69,1998,1.102265,0.042245,1.019461,1.18507,16742
BRFSS,sexFemale,sex,Sex,Female,Male,60-69,1999,0.028748,0.027198,-0.024562,0.082058,18002
BRFSS,race_includehispBlack,race_includehisp,Race/Ethnicity,Black,White,60-69,1999,-0.422613,0.050617,-0.521828,-0.323399,18002
BRFSS,race_includehispAIAN,race_includehisp,Race/Ethnicity,AIAN,White,60-69,1999,-0.070391,0.170471,-0.40453,0.263748,18002
BRFSS,race_includehispAsian,race_includehisp,Race/Ethnicity,Asian,White,60-69,1999,-0.134642,0.148829,-0.426361,0.157076,18002
BRFSS,race_includehispHispanic,race_includehisp,Race/Ethnicity,Hispanic,White,60-69,1999,-0.300075,0.066251,-0.429934,-0.170217,18002
BRFSS,race_includehispOther,race_includehisp,Race/Ethnicity,Other,White,60-69,1999,-0.239433,0.161503,-0.555993,0.077128,18002
BRFSS,educ_3catHS_SomeColl,educ_3cat,Education,HS_SomeColl,LT_HS,60-69,1999,0.54581,0.03884,0.46968,0.621939,18002
BRFSS,educ_3catBA_plus,educ_3cat,Education,BA_plus,LT_HS,60-69,1999,0.98765,0.043759,0.901879,1.073421,18002
BRFSS,sexFemale,sex,Sex,Female,Male,60-69,2000,0.034046,0.025504,-0.015944,0.084036,20695
BRFSS,race_includehispBlack,race_includehisp,Race/Ethnicity,Black,White,60-69,2000,-0.387133,0.049587,-0.484328,-0.289938,20695
BRFSS,race_includehispAIAN,race_includehisp,Race/Ethnicity,AIAN,White,60-69,2000,-0.151657,0.155436,-0.456323,0.15301,20695
BRFSS,race_includehispAsian,race_includehisp,Race/Ethnicity,Asian,White,60-69,2000,-0.045377,0.097822,-0.237116,0.146361,20695
BRFSS,race_includehispHispanic,race_includehisp,Race/Ethnicity,Hispanic,White,60-69,2000,-0.285298,0.064317,-0.411364,-0.159233,20695
BRFSS,race_includehispOther,race_includehisp,Race/Ethnicity,Other,White,60-69,2000,-0.119082,0.216968,-0.544357,0.306192,20695
BRFSS,educ_3catHS_SomeColl,educ_3cat,Education,HS_SomeColl,LT_HS,60-69,2000,0.54001999999999994,0.03939,0.462812,0.617228,20695
BRFSS,educ_3catBA_plus,educ_3cat,Education,BA_plus,LT_HS,60-69,2000,1.027503,0.042147,0.944892,1.110113,20695
BRFSS,sexFemale,sex,Sex,Female,Male,60-69,2001,-0.452072,0.150326,-0.746905,-0.157238,1792
BRFSS,race_includehispBlack,race_includehisp,Race/Ethnicity,Black,White,60-69,2001,-0.31883,0.221793,-0.753831,0.116172,1792
BRFSS,race_includehispAIAN,race_includehisp,Race/Ethnicity,AIAN,White,60-69,2001,0.644195,0.190695,0.270187,1.018203,1792
BRFSS,race_includehispAsian,race_includehisp,Race/Ethnicity,Asian,White,60-69,2001,0.974021,0.211805,0.558608,1.389434,1792
BRFSS,race_includehispHispanic,race_includehisp,Race/Ethnicity,Hispanic,White,60-69,2001,-0.63981,0.181459,-0.995704,-0.283916,1792
BRFSS,educ_3catHS_SomeColl,educ_3cat,Education,HS_SomeColl,LT_HS,60-69,2001,0.248698,0.163542,-0.072055,0.569451,1792
BRFSS,educ_3catBA_plus,educ_3cat,Education,BA_plus,LT_HS,60-69,2001,0.4668,0.213489,0.048086,0.885514,1792
BRFSS,sexFemale,sex,Sex,Female,Male,60-69,2002,0.048321,0.023506,0.002248,0.094394,30736
BRFSS,educ_3catHS_SomeColl,educ_3cat,Education,HS_SomeColl,LT_HS,60-69,2002,0.648248,0.035365,0.578932,0.717565,30736
BRFSS,educ_3catBA_plus,educ_3cat,Education,BA_plus,LT_HS,60-69,2002,1.106357,0.038917,1.030078,1.182637,30736
BRFSS,sexFemale,sex,Sex,Female,Male,60-69,2003,0.044532,0.022275,8.71e-4,0.088192,35621
BRFSS,educ_3catHS_SomeColl,educ_3cat,Education,HS_SomeColl,LT_HS,60-69,2003,0.664422,0.034898,0.596021,0.732823,35621
BRFSS,educ_3catBA_plus,educ_3cat,Education,BA_plus,LT_HS,60-69,2003,1.143407,0.037953,1.069018,1.217796,35621
BRFSS,sexFemale,sex,Sex,Female,Male,60-69,2004,0.027023,0.021295,-0.014715,0.06876,43397
BRFSS,educ_3catHS_SomeColl,educ_3cat,Education,HS_SomeColl,LT_HS,60-69,2004,0.757897,0.032687,0.69383,0.821965,43397
BRFSS,educ_3catBA_plus,educ_3cat,Education,BA_plus,LT_HS,60-69,2004,1.223355,0.03575,1.153284,1.293425,43397
BRFSS,sexFemale,sex,Sex,Female,Male,60-69,2005,0.019791,0.018472,-0.016414,0.055997,54480
BRFSS,educ_3catHS_SomeColl,educ_3cat,Education,HS_SomeColl,LT_HS,60-69,2005,0.76542,0.028429,0.709699,0.821142,54480
BRFSS,educ_3catBA_plus,educ_3cat,Education,BA_plus,LT_HS,60-69,2005,1.273644,0.0303,1.214255,1.333033,54480
BRFSS,sexFemale,sex,Sex,Female,Male,60-69,2006,0.033914,0.018821,-0.002975,0.070802,57972
BRFSS,educ_3catHS_SomeColl,educ_3cat,Education,HS_SomeColl,LT_HS,60-69,2006,0.757282,0.034799,0.689075,0.825488,57972
BRFSS,educ_3catBA_plus,educ_3cat,Education,BA_plus,LT_HS,60-69,2006,1.239643,0.036429,1.168243,1.311043,57972
BRFSS,sexFemale,sex,Sex,Female,Male,60-69,2007,0.057425,0.01631,0.025458,0.089393,77895
BRFSS,educ_3catHS_SomeColl,educ_3cat,Education,HS_SomeColl,LT_HS,60-69,2007,0.709041,0.033954,0.642491,0.775591,77895
BRFSS,educ_3catBA_plus,educ_3cat,Education,BA_plus,LT_HS,60-69,2007,1.218718,0.035535,1.149071,1.288366,77895
BRFSS,sexFemale,sex,Sex,Female,Male,60-69,2008,0.058796,0.014798,0.029793,0.0878,78718
BRFSS,educ_3catHS_SomeColl,educ_3cat,Education,HS_SomeColl,LT_HS,60-69,2008,0.745834,0.029104,0.688789,0.802878,78718
BRFSS,educ_3catBA_plus,educ_3cat,Education,BA_plus,LT_HS,60-69,2008,1.270176,0.030203,1.210977,1.329374,78718
BRFSS,sexFemale,sex,Sex,Female,Male,60-69,2009,0.057183,0.013714,0.030304,0.084062,86683
BRFSS,educ_3catHS_SomeColl,educ_3cat,Education,HS_SomeColl,LT_HS,60-69,2009,0.69882,0.02619,0.647488,0.750152,86683
BRFSS,educ_3catBA_plus,educ_3cat,Education,BA_plus,LT_HS,60-69,2009,1.24414,0.02686,1.1914960000000001,1.296785,86683
BRFSS,sexFemale,sex,Sex,Female,Male,60-69,2010,0.090005,0.012154,0.066183,0.113828,96158
BRFSS,educ_3catHS_SomeColl,educ_3cat,Education,HS_SomeColl,LT_HS,60-69,2010,0.780145,0.023163,0.734746,0.82554399999999994,96158
BRFSS,educ_3catBA_plus,educ_3cat,Education,BA_plus,LT_HS,60-69,2010,1.316198,0.023838,1.269475,1.362921,96158
BRFSS,sexFemale,sex,Sex,Female,Male,60-69,2011,0.066626,0.013342,0.040476,0.092776,103424
BRFSS,race_includehispBlack,race_includehisp,Race/Ethnicity,Black,White,60-69,2011,-0.370794,0.024897,-0.419591,-0.321997,103424
BRFSS,race_includehispAIAN,race_includehisp,Race/Ethnicity,AIAN,White,60-69,2011,-0.322816,0.076541,-0.472836,-0.172796,103424
BRFSS,race_includehispAsian,race_includehisp,Race/Ethnicity,Asian,White,60-69,2011,-0.248779,0.066128,-0.378389,-0.119169,103424
BRFSS,race_includehispHispanic,race_includehisp,Race/Ethnicity,Hispanic,White,60-69,2011,-0.349053,0.03267,-0.413085,-0.28502,103424
BRFSS,race_includehispOther,race_includehisp,Race/Ethnicity,Other,White,60-69,2011,-0.285953,0.047888,-0.379813,-0.192092,103424
BRFSS,educ_3catHS_SomeColl,educ_3cat,Education,HS_SomeColl,LT_HS,60-69,2011,0.60209,0.026038,0.551056,0.653123,103424
BRFSS,educ_3catBA_plus,educ_3cat,Education,BA_plus,LT_HS,60-69,2011,1.083236,0.026666,1.03097,1.135501,103424
BRFSS,sexFemale,sex,Sex,Female,Male,60-69,2012,0.094338,0.014298,0.066314,0.122361,98503
BRFSS,race_includehispBlack,race_includehisp,Race/Ethnicity,Black,White,60-69,2012,-0.330193,0.02569,-0.380546,-0.27984,98503
BRFSS,race_includehispAIAN,race_includehisp,Race/Ethnicity,AIAN,White,60-69,2012,-0.329803,0.07873,-0.484113,-0.175493,98503
BRFSS,race_includehispAsian,race_includehisp,Race/Ethnicity,Asian,White,60-69,2012,-0.179211,0.078516,-0.3331,-0.025321,98503
BRFSS,race_includehispHispanic,race_includehisp,Race/Ethnicity,Hispanic,White,60-69,2012,-0.356187,0.034699,-0.424196,-0.288177,98503
BRFSS,race_includehispOther,race_includehisp,Race/Ethnicity,Other,White,60-69,2012,-0.306701,0.048679,-0.40211,-0.211291,98503
BRFSS,educ_3catHS_SomeColl,educ_3cat,Education,HS_SomeColl,LT_HS,60-69,2012,0.640717,0.027298,0.587214,0.69422,98503
BRFSS,educ_3catBA_plus,educ_3cat,Education,BA_plus,LT_HS,60-69,2012,1.089753,0.028074000000000002,1.034728,1.144778,98503
BRFSS,sexFemale,sex,Sex,Female,Male,60-69,2013,0.089295,0.013719,0.062407,0.116183,97800
BRFSS,race_includehispBlack,race_includehisp,Race/Ethnicity,Black,White,60-69,2013,-0.320558,0.025237,-0.370023,-0.271093,97800
BRFSS,race_includehispAIAN,race_includehisp,Race/Ethnicity,AIAN,White,60-69,2013,-0.356718,0.07027,-0.494447,-0.218989,97800
BRFSS,race_includehispAsian,race_includehisp,Race/Ethnicity,Asian,White,60-69,2013,-0.167506,0.065415,-0.295718,-0.039294,97800
BRFSS,race_includehispHispanic,race_includehisp,Race/Ethnicity,Hispanic,White,60-69,2013,-0.128258,0.315972,-0.747559,0.491043,97800
BRFSS,race_includehispOther,race_includehisp,Race/Ethnicity,Other,White,60-69,2013,-0.159155,0.062873,-0.282385,-0.035925,97800
BRFSS,educ_3catHS_SomeColl,educ_3cat,Education,HS_SomeColl,LT_HS,60-69,2013,0.681139,0.029218,0.623872,0.738407,97800
BRFSS,educ_3catBA_plus,educ_3cat,Education,BA_plus,LT_HS,60-69,2013,1.15976,0.029803,1.101347,1.218173,97800
BRFSS,sexFemale,sex,Sex,Female,Male,60-69,2014,0.081298,0.013816,0.05422,0.108377,97519
BRFSS,race_includehispBlack,race_includehisp,Race/Ethnicity,Black,White,60-69,2014,-0.328908,0.024492,-0.376912,-0.280903,97519
BRFSS,race_includehispAIAN,race_includehisp,Race/Ethnicity,AIAN,White,60-69,2014,-0.350863,0.07497,-0.497804,-0.203923,97519
BRFSS,race_includehispAsian,race_includehisp,Race/Ethnicity,Asian,White,60-69,2014,-0.06769,0.083698,-0.231737,0.096357,97519
BRFSS,race_includehispOther,race_includehisp,Race/Ethnicity,Other,White,60-69,2014,-0.280026,0.052599,-0.383119,-0.176933,97519
BRFSS,educ_3catHS_SomeColl,educ_3cat,Education,HS_SomeColl,LT_HS,60-69,2014,0.674977,0.032839,0.610612,0.739342,97519
BRFSS,educ_3catBA_plus,educ_3cat,Education,BA_plus,LT_HS,60-69,2014,1.155302,0.033834,1.088988,1.221616,97519
BRFSS,sexFemale,sex,Sex,Female,Male,60-69,2015,0.105416,0.014185,0.077613,0.133218,89842
BRFSS,race_includehispBlack,race_includehisp,Race/Ethnicity,Black,White,60-69,2015,-0.287923,0.025508,-0.337918,-0.237928,89842
BRFSS,race_includehispAIAN,race_includehisp,Race/Ethnicity,AIAN,White,60-69,2015,-0.087159,0.083328,-0.250481,0.076163,89842
BRFSS,race_includehispAsian,race_includehisp,Race/Ethnicity,Asian,White,60-69,2015,-0.278564,0.081698,-0.438691,-0.118437,89842
BRFSS,race_includehispOther,race_includehisp,Race/Ethnicity,Other,White,60-69,2015,-0.184833,0.114227,-0.408717,0.039051,89842
BRFSS,educ_3catHS_SomeColl,educ_3cat,Education,HS_SomeColl,LT_HS,60-69,2015,0.642463,0.030379,0.582921,0.702006,89842
BRFSS,educ_3catBA_plus,educ_3cat,Education,BA_plus,LT_HS,60-69,2015,1.112301,0.031058,1.051427,1.173175,89842
BRFSS,sexFemale,sex,Sex,Female,Male,60-69,2016,0.054435,0.014358,0.026294,0.082576,100177
BRFSS,race_includehispBlack,race_includehisp,Race/Ethnicity,Black,White,60-69,2016,-0.287441,0.022162,-0.330879,-0.244003,100177
BRFSS,race_includehispAIAN,race_includehisp,Race/Ethnicity,AIAN,White,60-69,2016,-0.204843,0.076141,-0.354079,-0.055607,100177
BRFSS,race_includehispAsian,race_includehisp,Race/Ethnicity,Asian,White,60-69,2016,-0.311642,0.062779,-0.434689,-0.188595,100177
BRFSS,race_includehispOther,race_includehisp,Race/Ethnicity,Other,White,60-69,2016,-0.038363,0.103617,-0.241451,0.164725,100177
BRFSS,educ_3catHS_SomeColl,educ_3cat,Education,HS_SomeColl,LT_HS,60-69,2016,0.671703,0.030272,0.61237,0.731036,100177
BRFSS,educ_3catBA_plus,educ_3cat,Education,BA_plus,LT_HS,60-69,2016,1.179832,0.03064,1.119779,1.239886,100177
BRFSS,sexFemale,sex,Sex,Female,Male,60-69,2017,0.050707,0.015357,0.020608,0.080806,95253
BRFSS,race_includehispBlack,race_includehisp,Race/Ethnicity,Black,White,60-69,2017,-0.291644,0.02805,-0.346623,-0.236666,95253
BRFSS,race_includehispAIAN,race_includehisp,Race/Ethnicity,AIAN,White,60-69,2017,-0.443468,0.080516,-0.601278,-0.285659,95253
BRFSS,race_includehispAsian,race_includehisp,Race/Ethnicity,Asian,White,60-69,2017,-0.049888,0.0927,-0.231578,0.131802,95253
BRFSS,race_includehispOther,race_includehisp,Race/Ethnicity,Other,White,60-69,2017,-0.237677,0.055226,-0.345919,-0.129435,95253
BRFSS,educ_3catHS_SomeColl,educ_3cat,Education,HS_SomeColl,LT_HS,60-69,2017,0.566601,0.033954,0.500051,0.633151,95253
BRFSS,educ_3catBA_plus,educ_3cat,Education,BA_plus,LT_HS,60-69,2017,1.062369,0.034111,0.995511,1.129226,95253
BRFSS,sexFemale,sex,Sex,Female,Male,60-69,2018,0.077268,0.016718,0.044502,0.110035,87969
BRFSS,race_includehispBlack,race_includehisp,Race/Ethnicity,Black,White,60-69,2018,-0.314425,0.032955,-0.379018,-0.249833,87969
BRFSS,race_includehispAIAN,race_includehisp,Race/Ethnicity,AIAN,White,60-69,2018,-0.330611,0.057931,-0.444155,-0.217066,87969
BRFSS,race_includehispAsian,race_includehisp,Race/Ethnicity,Asian,White,60-69,2018,-0.030307,0.082141,-0.191303,0.130688,87969
BRFSS,race_includehispOther,race_includehisp,Race/Ethnicity,Other,White,60-69,2018,-0.286576,0.052533,-0.389541,-0.183612,87969
BRFSS,educ_3catHS_SomeColl,educ_3cat,Education,HS_SomeColl,LT_HS,60-69,2018,0.642204,0.041684,0.560505,0.723904,87969
BRFSS,educ_3catBA_plus,educ_3cat,Education,BA_plus,LT_HS,60-69,2018,1.111479,0.042695,1.027797,1.19516,87969
BRFSS,sexFemale,sex,Sex,Female,Male,60-69,2019,0.054687,0.014014,0.027219,0.082155,84867
BRFSS,race_includehispBlack,race_includehisp,Race/Ethnicity,Black,White,60-69,2019,-0.307322,0.022131,-0.350697,-0.263946,84867
BRFSS,race_includehispAIAN,race_includehisp,Race/Ethnicity,AIAN,White,60-69,2019,-0.277162,0.064823,-0.404215,-0.15011,84867
BRFSS,race_includehispAsian,race_includehisp,Race/Ethnicity,Asian,White,60-69,2019,-0.126986,0.077357,-0.278605,0.024633,84867
BRFSS,race_includehispOther,race_includehisp,Race/Ethnicity,Other,White,60-69,2019,-0.295387,0.049578,-0.392558,-0.198215,84867
BRFSS,educ_3catHS_SomeColl,educ_3cat,Education,HS_SomeColl,LT_HS,60-69,2019,0.666036,0.031363,0.604566,0.727507,84867
BRFSS,educ_3catBA_plus,educ_3cat,Education,BA_plus,LT_HS,60-69,2019,1.150628,0.032331,1.087261,1.213996,84867
BRFSS,sexFemale,sex,Sex,Female,Male,60-69,2020,-0.00575,0.015738,-0.036596,0.025096,79130
BRFSS,race_includehispBlack,race_includehisp,Race/Ethnicity,Black,White,60-69,2020,-0.270333,0.025948,-0.321191,-0.219475,79130
BRFSS,race_includehispAIAN,race_includehisp,Race/Ethnicity,AIAN,White,60-69,2020,-0.410341,0.09567,-0.597854,-0.222828,79130
BRFSS,race_includehispAsian,race_includehisp,Race/Ethnicity,Asian,White,60-69,2020,-0.042192,0.079598,-0.198204,0.113821,79130
BRFSS,race_includehispOther,race_includehisp,Race/Ethnicity,Other,White,60-69,2020,-0.184124,0.055107,-0.292133,-0.076115,79130
BRFSS,educ_3catHS_SomeColl,educ_3cat,Education,HS_SomeColl,LT_HS,60-69,2020,0.564264,0.033474,0.498656,0.629873,79130
BRFSS,educ_3catBA_plus,educ_3cat,Education,BA_plus,LT_HS,60-69,2020,1.017819,0.033975,0.951228,1.08441,79130
BRFSS,sexFemale,sex,Sex,Female,Male,60-69,2021,0.030922,0.016013,-4.63e-4,0.062307,82908
BRFSS,race_includehispBlack,race_includehisp,Race/Ethnicity,Black,White,60-69,2021,-0.250102,0.026992,-0.303006,-0.197198,82908
BRFSS,race_includehispAIAN,race_includehisp,Race/Ethnicity,AIAN,White,60-69,2021,-0.451167,0.081431,-0.610772,-0.291562,82908
BRFSS,race_includehispAsian,race_includehisp,Race/Ethnicity,Asian,White,60-69,2021,-0.16129,0.068627,-0.295798,-0.026781,82908
BRFSS,race_includehispOther,race_includehisp,Race/Ethnicity,Other,White,60-69,2021,-0.281089,0.056223,-0.391285,-0.170894,82908
BRFSS,educ_3catHS_SomeColl,educ_3cat,Education,HS_SomeColl,LT_HS,60-69,2021,0.562478,0.036746,0.490457,0.634499,82908
BRFSS,educ_3catBA_plus,educ_3cat,Education,BA_plus,LT_HS,60-69,2021,1.048254,0.037355,0.975038,1.12147,82908
BRFSS,sexFemale,sex,Sex,Female,Male,60-69,2022,0.007759,0.015225,-0.022081,0.037599,85084
BRFSS,race_includehispBlack,race_includehisp,Race/Ethnicity,Black,White,60-69,2022,-0.27276,0.023109,-0.318055,-0.227466,85084
BRFSS,race_includehispAIAN,race_includehisp,Race/Ethnicity,AIAN,White,60-69,2022,-0.405081,0.086578,-0.574773,-0.23539,85084
BRFSS,race_includehispAsian,race_includehisp,Race/Ethnicity,Asian,White,60-69,2022,-0.038842,0.071751,-0.179473,0.101789,85084
BRFSS,race_includehispOther,race_includehisp,Race/Ethnicity,Other,White,60-69,2022,-0.143943,0.066165,-0.273625,-0.01426,85084
BRFSS,educ_3catHS_SomeColl,educ_3cat,Education,HS_SomeColl,LT_HS,60-69,2022,0.622263,0.039522,0.544801,0.699725,85084
BRFSS,educ_3catBA_plus,educ_3cat,Education,BA_plus,LT_HS,60-69,2022,1.07216,0.040109,0.993546,1.150774,85084
BRFSS,sexFemale,sex,Sex,Female,Male,60-69,2023,0.007196,0.015997,-0.024158,0.038549,82313
BRFSS,race_includehispBlack,race_includehisp,Race/Ethnicity,Black,White,60-69,2023,-0.30182,0.02468,-0.350193,-0.253447,82313
BRFSS,race_includehispAIAN,race_includehisp,Race/Ethnicity,AIAN,White,60-69,2023,-0.230615,0.059258,-0.346761,-0.114469,82313
BRFSS,race_includehispAsian,race_includehisp,Race/Ethnicity,Asian,White,60-69,2023,-0.197967,0.069665,-0.334511,-0.061424,82313
BRFSS,race_includehispOther,race_includehisp,Race/Ethnicity,Other,White,60-69,2023,-0.224625,0.051034,-0.324652,-0.124598,82313
BRFSS,educ_3catHS_SomeColl,educ_3cat,Education,HS_SomeColl,LT_HS,60-69,2023,0.641905,0.035946,0.57145,0.712359,82313
BRFSS,educ_3catBA_plus,educ_3cat,Education,BA_plus,LT_HS,60-69,2023,1.118077,0.036319,1.046892,1.189263,82313
BRFSS,sexFemale,sex,Sex,Female,Male,60-69,2024,0.002049,0.016822,-0.030922,0.03502,86273
BRFSS,race_includehispBlack,race_includehisp,Race/Ethnicity,Black,White,60-69,2024,-0.170118,0.028248,-0.225483,-0.114752,86273
BRFSS,race_includehispAIAN,race_includehisp,Race/Ethnicity,AIAN,White,60-69,2024,-0.301529,0.072471,-0.443571,-0.159487,86273
BRFSS,race_includehispAsian,race_includehisp,Race/Ethnicity,Asian,White,60-69,2024,-0.19408,0.076947,-0.344895,-0.043265,86273
BRFSS,race_includehispOther,race_includehisp,Race/Ethnicity,Other,White,60-69,2024,-0.192519,0.055144,-0.300602,-0.084436,86273
BRFSS,educ_3catHS_SomeColl,educ_3cat,Education,HS_SomeColl,LT_HS,60-69,2024,0.65031,0.045094,0.561927,0.738693,86273
BRFSS,educ_3catBA_plus,educ_3cat,Education,BA_plus,LT_HS,60-69,2024,1.085351,0.045772,0.995639,1.175063,86273
BRFSS,sexFemale,sex,Sex,Female,Male,60-69,2025,0.049474,0.0649,-0.077774,0.176723,3349
BRFSS,race_includehispBlack,race_includehisp,Race/Ethnicity,Black,White,60-69,2025,-0.477446,0.125515,-0.723541,-0.231352,3349
BRFSS,race_includehispAIAN,race_includehisp,Race/Ethnicity,AIAN,White,60-69,2025,-0.52208,0.267892,-1.04733,0.003169,3349
BRFSS,race_includehispAsian,race_includehisp,Race/Ethnicity,Asian,White,60-69,2025,-0.176767,0.215094,-0.598496,0.244962,3349
BRFSS,race_includehispOther,race_includehisp,Race/Ethnicity,Other,White,60-69,2025,-0.344252,0.21143700000000001,-0.758811,0.070307,3349
BRFSS,educ_3catHS_SomeColl,educ_3cat,Education,HS_SomeColl,LT_HS,60-69,2025,0.721041,0.127863,0.470343,0.971739,3349
BRFSS,educ_3catBA_plus,educ_3cat,Education,BA_plus,LT_HS,60-69,2025,1.284603,0.127306,1.034998,1.534207,3349
BRFSS,sexFemale,sex,Sex,Female,Male,70-79,1993,-0.049013,0.034939,-0.117502,0.019476,9418
BRFSS,race_includehispBlack,race_includehisp,Race/Ethnicity,Black,White,70-79,1993,-0.213457,0.06688,-0.344557,-0.082357,9418
BRFSS,race_includehispAIAN,race_includehisp,Race/Ethnicity,AIAN,White,70-79,1993,-0.083624,0.310277,-0.691833,0.524586,9418
BRFSS,race_includehispAsian,race_includehisp,Race/Ethnicity,Asian,White,70-79,1993,0.02021,0.257012,-0.483589,0.524008,9418
BRFSS,race_includehispHispanic,race_includehisp,Race/Ethnicity,Hispanic,White,70-79,1993,-0.093494,0.104242,-0.297832,0.110843,9418
BRFSS,race_includehispOther,race_includehisp,Race/Ethnicity,Other,White,70-79,1993,0.212204,0.210868,-0.201143,0.62555,9418
BRFSS,educ_3catHS_SomeColl,educ_3cat,Education,HS_SomeColl,LT_HS,70-79,1993,0.389648,0.037524,0.316093,0.463202,9418
BRFSS,educ_3catBA_plus,educ_3cat,Education,BA_plus,LT_HS,70-79,1993,0.740284,0.052486,0.6374,0.843167,9418
BRFSS,sexFemale,sex,Sex,Female,Male,70-79,1994,-0.019255,0.036745,-0.091282,0.052772,9955
BRFSS,race_includehispBlack,race_includehisp,Race/Ethnicity,Black,White,70-79,1994,-0.133277,0.075356,-0.280989,0.014436,9955
BRFSS,race_includehispAIAN,race_includehisp,Race/Ethnicity,AIAN,White,70-79,1994,-0.193138,0.194826,-0.575036,0.188761,9955
BRFSS,race_includehispAsian,race_includehisp,Race/Ethnicity,Asian,White,70-79,1994,-0.048315,0.182777,-0.406595,0.309966,9955
BRFSS,race_includehispHispanic,race_includehisp,Race/Ethnicity,Hispanic,White,70-79,1994,-0.207382,0.111442,-0.42583,0.011066,9955
BRFSS,race_includehispOther,race_includehisp,Race/Ethnicity,Other,White,70-79,1994,-0.201853,0.165496,-0.526259,0.122554,9955
BRFSS,educ_3catHS_SomeColl,educ_3cat,Education,HS_SomeColl,LT_HS,70-79,1994,0.383109,0.039439,0.305801,0.460417,9955
BRFSS,educ_3catBA_plus,educ_3cat,Education,BA_plus,LT_HS,70-79,1994,0.760725,0.053375,0.656099,0.865351,9955
BRFSS,sexFemale,sex,Sex,Female,Male,70-79,1995,-0.007648,0.035881,-0.077981,0.062684,10850
BRFSS,race_includehispBlack,race_includehisp,Race/Ethnicity,Black,White,70-79,1995,-0.191422,0.072084,-0.33272,-0.050123,10850
BRFSS,race_includehispAIAN,race_includehisp,Race/Ethnicity,AIAN,White,70-79,1995,-0.152991,0.252287,-0.647519,0.341537,10850
BRFSS,race_includehispAsian,race_includehisp,Race/Ethnicity,Asian,White,70-79,1995,-0.333766,0.273632,-0.870134,0.202603,10850
BRFSS,race_includehispHispanic,race_includehisp,Race/Ethnicity,Hispanic,White,70-79,1995,-0.25662,0.080831,-0.415064,-0.098176,10850
BRFSS,race_includehispOther,race_includehisp,Race/Ethnicity,Other,White,70-79,1995,0.292828,0.193973,-0.087394,0.67305,10850
BRFSS,educ_3catHS_SomeColl,educ_3cat,Education,HS_SomeColl,LT_HS,70-79,1995,0.451178,0.04103,0.370751,0.531605,10850
BRFSS,educ_3catBA_plus,educ_3cat,Education,BA_plus,LT_HS,70-79,1995,0.797936,0.052676,0.694682,0.90119,10850
BRFSS,sexFemale,sex,Sex,Female,Male,70-79,1996,0.02146,0.031875,-0.041021,0.083941,11550
BRFSS,race_includehispBlack,race_includehisp,Race/Ethnicity,Black,White,70-79,1996,-0.321876,0.06435,-0.448013,-0.195738,11550
BRFSS,race_includehispAIAN,race_includehisp,Race/Ethnicity,AIAN,White,70-79,1996,-0.251191,0.166115,-0.576805,0.074423,11550
BRFSS,race_includehispAsian,race_includehisp,Race/Ethnicity,Asian,White,70-79,1996,0.361509,0.129241,0.108174,0.614843,11550
BRFSS,race_includehispHispanic,race_includehisp,Race/Ethnicity,Hispanic,White,70-79,1996,-0.208011,0.087892,-0.380295,-0.035727,11550
BRFSS,race_includehispOther,race_includehisp,Race/Ethnicity,Other,White,70-79,1996,-0.106126,0.163402,-0.426421,0.21417,11550
BRFSS,educ_3catHS_SomeColl,educ_3cat,Education,HS_SomeColl,LT_HS,70-79,1996,0.436868,0.035046,0.368171,0.505564,11550
BRFSS,educ_3catBA_plus,educ_3cat,Education,BA_plus,LT_HS,70-79,1996,0.752516,0.045959,0.662428,0.842603,11550
BRFSS,sexFemale,sex,Sex,Female,Male,70-79,1997,-0.028997,0.031574,-0.090885,0.032892,12890
BRFSS,race_includehispBlack,race_includehisp,Race/Ethnicity,Black,White,70-79,1997,-0.273366,0.066668,-0.404044,-0.142688,12890
BRFSS,race_includehispAIAN,race_includehisp,Race/Ethnicity,AIAN,White,70-79,1997,-0.076703,0.227031,-0.521718,0.368313,12890
BRFSS,race_includehispAsian,race_includehisp,Race/Ethnicity,Asian,White,70-79,1997,-0.002983,0.230145,-0.454101,0.448134,12890
BRFSS,race_includehispHispanic,race_includehisp,Race/Ethnicity,Hispanic,White,70-79,1997,-0.285328,0.071699,-0.425868,-0.144787,12890
BRFSS,race_includehispOther,race_includehisp,Race/Ethnicity,Other,White,70-79,1997,0.383699,0.441531,-0.481768,1.249166,12890
BRFSS,educ_3catHS_SomeColl,educ_3cat,Education,HS_SomeColl,LT_HS,70-79,1997,0.383936,0.036636,0.312123,0.455749,12890
BRFSS,educ_3catBA_plus,educ_3cat,Education,BA_plus,LT_HS,70-79,1997,0.688054,0.048297,0.593384,0.782723,12890
BRFSS,sexFemale,sex,Sex,Female,Male,70-79,1998,-0.021599,0.031556,-0.083453,0.040255,13905
BRFSS,race_includehispBlack,race_includehisp,Race/Ethnicity,Black,White,70-79,1998,-0.209949,0.060415,-0.328371,-0.091526,13905
BRFSS,race_includehispAIAN,race_includehisp,Race/Ethnicity,AIAN,White,70-79,1998,-0.07745,0.217122,-0.503039,0.348139,13905
BRFSS,race_includehispAsian,race_includehisp,Race/Ethnicity,Asian,White,70-79,1998,0.161777,0.196202,-0.222806,0.54636,13905
BRFSS,race_includehispHispanic,race_includehisp,Race/Ethnicity,Hispanic,White,70-79,1998,-0.143354,0.083724,-0.307464,0.020756,13905
BRFSS,race_includehispOther,race_includehisp,Race/Ethnicity,Other,White,70-79,1998,0.115132,0.205592,-0.287856,0.518121,13905
BRFSS,educ_3catHS_SomeColl,educ_3cat,Education,HS_SomeColl,LT_HS,70-79,1998,0.416961,0.035903,0.346587,0.487335,13905
BRFSS,educ_3catBA_plus,educ_3cat,Education,BA_plus,LT_HS,70-79,1998,0.77919,0.045976,0.68907,0.86931,13905
BRFSS,sexFemale,sex,Sex,Female,Male,70-79,1999,0.050845,0.031289,-0.010485,0.112176,14812
BRFSS,race_includehispBlack,race_includehisp,Race/Ethnicity,Black,White,70-79,1999,-0.143546,0.063923,-0.268844,-0.018248,14812
BRFSS,race_includehispAIAN,race_includehisp,Race/Ethnicity,AIAN,White,70-79,1999,-0.119437,0.199596,-0.51067,0.271797,14812
BRFSS,race_includehispAsian,race_includehisp,Race/Ethnicity,Asian,White,70-79,1999,0.213393,0.220317,-0.218456,0.645242,14812
BRFSS,race_includehispHispanic,race_includehisp,Race/Ethnicity,Hispanic,White,70-79,1999,-0.260926,0.089277,-0.43592,-0.085931,14812
BRFSS,race_includehispOther,race_includehisp,Race/Ethnicity,Other,White,70-79,1999,0.20407,0.149031,-0.088049,0.49619,14812
BRFSS,educ_3catHS_SomeColl,educ_3cat,Education,HS_SomeColl,LT_HS,70-79,1999,0.377159,0.039116,0.300487,0.453832,14812
BRFSS,educ_3catBA_plus,educ_3cat,Education,BA_plus,LT_HS,70-79,1999,0.758979,0.047055,0.666746,0.851213,14812
BRFSS,sexFemale,sex,Sex,Female,Male,70-79,2000,0.04164,0.030704,-0.018542,0.101823,16472
BRFSS,race_includehispBlack,race_includehisp,Race/Ethnicity,Black,White,70-79,2000,-0.229363,0.062481,-0.351833,-0.106893,16472
BRFSS,race_includehispAIAN,race_includehisp,Race/Ethnicity,AIAN,White,70-79,2000,-0.188338,0.197453,-0.575367,0.198691,16472
BRFSS,race_includehispAsian,race_includehisp,Race/Ethnicity,Asian,White,70-79,2000,0.125051,0.147442,-0.163951,0.414052,16472
BRFSS,race_includehispHispanic,race_includehisp,Race/Ethnicity,Hispanic,White,70-79,2000,-0.229257,0.084273,-0.394441,-0.064073,16472
BRFSS,race_includehispOther,race_includehisp,Race/Ethnicity,Other,White,70-79,2000,0.063038,0.15904,-0.248698,0.374773,16472
BRFSS,educ_3catHS_SomeColl,educ_3cat,Education,HS_SomeColl,LT_HS,70-79,2000,0.457218,0.039927,0.378957,0.53548,16472
BRFSS,educ_3catBA_plus,educ_3cat,Education,BA_plus,LT_HS,70-79,2000,0.833246,0.045479,0.744102,0.922391,16472
BRFSS,sexFemale,sex,Sex,Female,Male,70-79,2001,-0.164906,0.134496,-0.428825,0.099012,1035
BRFSS,race_includehispBlack,race_includehisp,Race/Ethnicity,Black,White,70-79,2001,0.849297,0.557817,-0.245293,1.943888,1035
BRFSS,race_includehispHispanic,race_includehisp,Race/Ethnicity,Hispanic,White,70-79,2001,-0.032689,0.202843,-0.430723,0.365344,1035
BRFSS,race_includehispOther,race_includehisp,Race/Ethnicity,Other,White,70-79,2001,-0.987178,0.20951,-1.398294,-0.576062,1035
BRFSS,educ_3catHS_SomeColl,educ_3cat,Education,HS_SomeColl,LT_HS,70-79,2001,0.485908,0.151484,0.188655,0.783162,1035
BRFSS,educ_3catBA_plus,educ_3cat,Education,BA_plus,LT_HS,70-79,2001,1.116828,0.207951,0.708772,1.524885,1035
BRFSS,sexFemale,sex,Sex,Female,Male,70-79,2002,0.013178,0.028063,-0.041828,0.068183,24479
BRFSS,educ_3catHS_SomeColl,educ_3cat,Education,HS_SomeColl,LT_HS,70-79,2002,0.549926,0.037716,0.476,0.623852,24479
BRFSS,educ_3catBA_plus,educ_3cat,Education,BA_plus,LT_HS,70-79,2002,0.937366,0.042084,0.854878,1.019854,24479
BRFSS,sexFemale,sex,Sex,Female,Male,70-79,2003,0.02714,0.024799,-0.021468,0.075747,26545
BRFSS,educ_3catHS_SomeColl,educ_3cat,Education,HS_SomeColl,LT_HS,70-79,2003,0.539969,0.032514,0.47624,0.603698,26545
BRFSS,educ_3catBA_plus,educ_3cat,Education,BA_plus,LT_HS,70-79,2003,0.908512,0.038194,0.833649,0.983375,26545
BRFSS,sexFemale,sex,Sex,Female,Male,70-79,2004,0.05271,0.024067,0.005538,0.099882,31703
BRFSS,educ_3catHS_SomeColl,educ_3cat,Education,HS_SomeColl,LT_HS,70-79,2004,0.486887,0.031126,0.425879,0.547895,31703
BRFSS,educ_3catBA_plus,educ_3cat,Education,BA_plus,LT_HS,70-79,2004,0.903176,0.036664,0.831314,0.975038,31703
BRFSS,sexFemale,sex,Sex,Female,Male,70-79,2005,0.038053,0.021992,-0.005052,0.081159,40362
BRFSS,educ_3catHS_SomeColl,educ_3cat,Education,HS_SomeColl,LT_HS,70-79,2005,0.516485,0.032445,0.452893,0.580077,40362
BRFSS,educ_3catBA_plus,educ_3cat,Education,BA_plus,LT_HS,70-79,2005,0.903306,0.037236,0.830322,0.97629,40362
BRFSS,sexFemale,sex,Sex,Female,Male,70-79,2006,0.011351,0.023432,-0.034575,0.057278,42031
BRFSS,educ_3catHS_SomeColl,educ_3cat,Education,HS_SomeColl,LT_HS,70-79,2006,0.523386,0.033911,0.456921,0.589852,42031
BRFSS,educ_3catBA_plus,educ_3cat,Education,BA_plus,LT_HS,70-79,2006,0.917981,0.037262,0.844947,0.991015,42031
BRFSS,sexFemale,sex,Sex,Female,Male,70-79,2007,0.029337,0.018184,-0.006303,0.064978,55193
BRFSS,educ_3catHS_SomeColl,educ_3cat,Education,HS_SomeColl,LT_HS,70-79,2007,0.566769,0.025852,0.5161,0.617439,55193
BRFSS,educ_3catBA_plus,educ_3cat,Education,BA_plus,LT_HS,70-79,2007,0.951191,0.028699,0.894941,1.007442,55193
BRFSS,sexFemale,sex,Sex,Female,Male,70-79,2008,0.027108,0.018079,-0.008328,0.062544,54797
BRFSS,educ_3catHS_SomeColl,educ_3cat,Education,HS_SomeColl,LT_HS,70-79,2008,0.596201,0.026917,0.543443,0.648959,54797
BRFSS,educ_3catBA_plus,educ_3cat,Education,BA_plus,LT_HS,70-79,2008,0.980325,0.030268,0.921,1.039651,54797
BRFSS,sexFemale,sex,Sex,Female,Male,70-79,2009,0.029693,0.016206,-0.002071,0.061456,59823
BRFSS,educ_3catHS_SomeColl,educ_3cat,Education,HS_SomeColl,LT_HS,70-79,2009,0.557245,0.024541,0.509144,0.605346,59823
BRFSS,educ_3catBA_plus,educ_3cat,Education,BA_plus,LT_HS,70-79,2009,0.963839,0.027511,0.909918,1.01776,59823
BRFSS,sexFemale,sex,Sex,Female,Male,70-79,2010,0.018469,0.014473,-0.009898,0.046836,66122
BRFSS,educ_3catHS_SomeColl,educ_3cat,Education,HS_SomeColl,LT_HS,70-79,2010,0.613683,0.021449,0.571643,0.655724,66122
BRFSS,educ_3catBA_plus,educ_3cat,Education,BA_plus,LT_HS,70-79,2010,1.019098,0.023893,0.972268,1.065927,66122
BRFSS,sexFemale,sex,Sex,Female,Male,70-79,2011,0.051591,0.016262,0.019717,0.083466,69717
BRFSS,race_includehispBlack,race_includehisp,Race/Ethnicity,Black,White,70-79,2011,-0.295778,0.031266,-0.357058,-0.234497,69717
BRFSS,race_includehispAIAN,race_includehisp,Race/Ethnicity,AIAN,White,70-79,2011,-0.288545,0.112002,-0.508069,-0.06902,69717
BRFSS,race_includehispAsian,race_includehisp,Race/Ethnicity,Asian,White,70-79,2011,-0.195135,0.07833,-0.348661,-0.041608,69717
BRFSS,race_includehispHispanic,race_includehisp,Race/Ethnicity,Hispanic,White,70-79,2011,-0.256109,0.041622,-0.337688,-0.17453,69717
BRFSS,race_includehispOther,race_includehisp,Race/Ethnicity,Other,White,70-79,2011,-0.195103,0.09011,-0.371719,-0.018487,69717
BRFSS,educ_3catHS_SomeColl,educ_3cat,Education,HS_SomeColl,LT_HS,70-79,2011,0.473989,0.02515,0.424695,0.523284,69717
BRFSS,educ_3catBA_plus,educ_3cat,Education,BA_plus,LT_HS,70-79,2011,0.888824,0.027298,0.835319,0.942328,69717
BRFSS,sexFemale,sex,Sex,Female,Male,70-79,2012,0.029817,0.017547,-0.004575,0.064209,65295
BRFSS,race_includehispBlack,race_includehisp,Race/Ethnicity,Black,White,70-79,2012,-0.274175,0.037982,-0.348621,-0.19973,65295
BRFSS,race_includehispAIAN,race_includehisp,Race/Ethnicity,AIAN,White,70-79,2012,-0.500105,0.094157,-0.684652,-0.315558,65295
BRFSS,race_includehispAsian,race_includehisp,Race/Ethnicity,Asian,White,70-79,2012,-0.26367,0.114694,-0.48847,-0.03887,65295
BRFSS,race_includehispHispanic,race_includehisp,Race/Ethnicity,Hispanic,White,70-79,2012,-0.260607,0.040216,-0.33943,-0.181783,65295
BRFSS,race_includehispOther,race_includehisp,Race/Ethnicity,Other,White,70-79,2012,-0.232186,0.084507,-0.397819,-0.066552,65295
BRFSS,educ_3catHS_SomeColl,educ_3cat,Education,HS_SomeColl,LT_HS,70-79,2012,0.545583,0.026966,0.492729,0.598436,65295
BRFSS,educ_3catBA_plus,educ_3cat,Education,BA_plus,LT_HS,70-79,2012,0.932889,0.028545,0.876941,0.988836,65295
BRFSS,sexFemale,sex,Sex,Female,Male,70-79,2013,0.044266,0.017257,0.010442,0.07809,66347
BRFSS,race_includehispBlack,race_includehisp,Race/Ethnicity,Black,White,70-79,2013,-0.34765,0.033474,-0.413259,-0.28204,66347
BRFSS,race_includehispAIAN,race_includehisp,Race/Ethnicity,AIAN,White,70-79,2013,-0.405521,0.091213,-0.584298,-0.226743,66347
BRFSS,race_includehispAsian,race_includehisp,Race/Ethnicity,Asian,White,70-79,2013,-0.184352,0.104964,-0.390081,0.021377,66347
BRFSS,race_includehispHispanic,race_includehisp,Race/Ethnicity,Hispanic,White,70-79,2013,-0.50541,0.788585,-2.051036,1.040216,66347
BRFSS,race_includehispOther,race_includehisp,Race/Ethnicity,Other,White,70-79,2013,-0.173432,0.070181,-0.310987,-0.035877,66347
BRFSS,educ_3catHS_SomeColl,educ_3cat,Education,HS_SomeColl,LT_HS,70-79,2013,0.425016,0.028632,0.368898,0.481135,66347
BRFSS,educ_3catBA_plus,educ_3cat,Education,BA_plus,LT_HS,70-79,2013,0.818399,0.030532,0.758555,0.878242,66347
BRFSS,sexFemale,sex,Sex,Female,Male,70-79,2014,0.033443,0.017279,-4.24e-4,0.067311,65918
BRFSS,race_includehispBlack,race_includehisp,Race/Ethnicity,Black,White,70-79,2014,-0.324044,0.034718,-0.392091,-0.255997,65918
BRFSS,race_includehispAIAN,race_includehisp,Race/Ethnicity,AIAN,White,70-79,2014,-0.255933,0.111515,-0.474503,-0.037363,65918
BRFSS,race_includehispAsian,race_includehisp,Race/Ethnicity,Asian,White,70-79,2014,-0.018593,0.101173,-0.216893,0.179707,65918
BRFSS,race_includehispOther,race_includehisp,Race/Ethnicity,Other,White,70-79,2014,-0.214822,0.076718,-0.365189,-0.064455,65918
BRFSS,educ_3catHS_SomeColl,educ_3cat,Education,HS_SomeColl,LT_HS,70-79,2014,0.513476,0.028999,0.456638,0.570313,65918
BRFSS,educ_3catBA_plus,educ_3cat,Education,BA_plus,LT_HS,70-79,2014,0.908908,0.030775,0.848589,0.969228,65918
BRFSS,sexFemale,sex,Sex,Female,Male,70-79,2015,0.028109,0.017372,-0.005939,0.062157,60860
BRFSS,race_includehispBlack,race_includehisp,Race/Ethnicity,Black,White,70-79,2015,-0.310289,0.03362,-0.376184,-0.244393,60860
BRFSS,race_includehispAIAN,race_includehisp,Race/Ethnicity,AIAN,White,70-79,2015,-0.273858,0.103122,-0.475977,-0.071739,60860
BRFSS,race_includehispAsian,race_includehisp,Race/Ethnicity,Asian,White,70-79,2015,-0.346504,0.082668,-0.508534,-0.184474,60860
BRFSS,race_includehispOther,race_includehisp,Race/Ethnicity,Other,White,70-79,2015,0.071619,0.140384,-0.203533,0.346772,60860
BRFSS,educ_3catHS_SomeColl,educ_3cat,Education,HS_SomeColl,LT_HS,70-79,2015,0.468124,0.030426,0.408489,0.527759,60860
BRFSS,educ_3catBA_plus,educ_3cat,Education,BA_plus,LT_HS,70-79,2015,0.853095,0.032497,0.789402,0.916789,60860
BRFSS,sexFemale,sex,Sex,Female,Male,70-79,2016,0.04731,0.017862,0.012301,0.082319,68535
BRFSS,race_includehispBlack,race_includehisp,Race/Ethnicity,Black,White,70-79,2016,-0.280616,0.034427,-0.348093,-0.21314,68535
BRFSS,race_includehispAIAN,race_includehisp,Race/Ethnicity,AIAN,White,70-79,2016,-0.213896,0.098342,-0.406646,-0.021147,68535
BRFSS,race_includehispAsian,race_includehisp,Race/Ethnicity,Asian,White,70-79,2016,-0.33012,0.083432,-0.493647,-0.166593,68535
BRFSS,race_includehispOther,race_includehisp,Race/Ethnicity,Other,White,70-79,2016,0.069014,0.107713,-0.142103,0.280131,68535
BRFSS,educ_3catHS_SomeColl,educ_3cat,Education,HS_SomeColl,LT_HS,70-79,2016,0.547218,0.034687,0.479231,0.615205,68535
BRFSS,educ_3catBA_plus,educ_3cat,Education,BA_plus,LT_HS,70-79,2016,0.971598,0.036211,0.900625,1.042571,68535
BRFSS,sexFemale,sex,Sex,Female,Male,70-79,2017,0.094018,0.018646,0.057471,0.130564,67764
BRFSS,race_includehispBlack,race_includehisp,Race/Ethnicity,Black,White,70-79,2017,-0.298806,0.033489,-0.364445,-0.233167,67764
BRFSS,race_includehispAIAN,race_includehisp,Race/Ethnicity,AIAN,White,70-79,2017,-0.288152,0.10952,-0.502811,-0.073494,67764
BRFSS,race_includehispAsian,race_includehisp,Race/Ethnicity,Asian,White,70-79,2017,-0.19729,0.115787,-0.424233,0.029653,67764
BRFSS,race_includehispOther,race_includehisp,Race/Ethnicity,Other,White,70-79,2017,-0.129386,0.075145,-0.27667,0.017898,67764
BRFSS,educ_3catHS_SomeColl,educ_3cat,Education,HS_SomeColl,LT_HS,70-79,2017,0.481234,0.033528,0.41552,0.546948,67764
BRFSS,educ_3catBA_plus,educ_3cat,Education,BA_plus,LT_HS,70-79,2017,0.889975,0.03465,0.822061,0.957889,67764
BRFSS,sexFemale,sex,Sex,Female,Male,70-79,2018,0.10047,0.018977,0.063274,0.137666,65624
BRFSS,race_includehispBlack,race_includehisp,Race/Ethnicity,Black,White,70-79,2018,-0.255516,0.038909,-0.331777,-0.179254,65624
BRFSS,race_includehispAIAN,race_includehisp,Race/Ethnicity,AIAN,White,70-79,2018,-0.450764,0.079602,-0.606785,-0.294744,65624
BRFSS,race_includehispAsian,race_includehisp,Race/Ethnicity,Asian,White,70-79,2018,-0.07802,0.140309,-0.353025,0.196985,65624
BRFSS,race_includehispOther,race_includehisp,Race/Ethnicity,Other,White,70-79,2018,-0.313148,0.083263,-0.476344,-0.149953,65624
BRFSS,educ_3catHS_SomeColl,educ_3cat,Education,HS_SomeColl,LT_HS,70-79,2018,0.388569,0.050284,0.290013,0.487126,65624
BRFSS,educ_3catBA_plus,educ_3cat,Education,BA_plus,LT_HS,70-79,2018,0.789805,0.053625,0.6847,0.894909,65624
BRFSS,sexFemale,sex,Sex,Female,Male,70-79,2019,0.092736,0.017241,0.058945,0.126528,67955
BRFSS,race_includehispBlack,race_includehisp,Race/Ethnicity,Black,White,70-79,2019,-0.238217,0.030655,-0.2983,-0.178134,67955
BRFSS,race_includehispAIAN,race_includehisp,Race/Ethnicity,AIAN,White,70-79,2019,-0.393954,0.110683,-0.610892,-0.177016,67955
BRFSS,race_includehispAsian,race_includehisp,Race/Ethnicity,Asian,White,70-79,2019,-0.082875,0.112588,-0.303547,0.137797,67955
BRFSS,race_includehispOther,race_includehisp,Race/Ethnicity,Other,White,70-79,2019,-0.135334,0.05732,-0.247681,-0.022988,67955
BRFSS,educ_3catHS_SomeColl,educ_3cat,Education,HS_SomeColl,LT_HS,70-79,2019,0.438331,0.037277,0.365268,0.511394,67955
BRFSS,educ_3catBA_plus,educ_3cat,Education,BA_plus,LT_HS,70-79,2019,0.847748,0.038443,0.772399,0.923097,67955
BRFSS,sexFemale,sex,Sex,Female,Male,70-79,2020,0.069968,0.023325,0.024251,0.115686,62515
BRFSS,race_includehispBlack,race_includehisp,Race/Ethnicity,Black,White,70-79,2020,-0.175396,0.044782,-0.263168,-0.087623,62515
BRFSS,race_includehispAIAN,race_includehisp,Race/Ethnicity,AIAN,White,70-79,2020,-0.279914,0.125812,-0.526506,-0.033322,62515
BRFSS,race_includehispAsian,race_includehisp,Race/Ethnicity,Asian,White,70-79,2020,-0.059387,0.192658,-0.436997,0.318222,62515
BRFSS,race_includehispOther,race_includehisp,Race/Ethnicity,Other,White,70-79,2020,-0.128129,0.062681,-0.250984,-0.005274,62515
BRFSS,educ_3catHS_SomeColl,educ_3cat,Education,HS_SomeColl,LT_HS,70-79,2020,0.478809,0.050679,0.379477,0.57814,62515
BRFSS,educ_3catBA_plus,educ_3cat,Education,BA_plus,LT_HS,70-79,2020,0.889951,0.051494,0.789023,0.990879,62515
BRFSS,sexFemale,sex,Sex,Female,Male,70-79,2021,0.093847,0.02085,0.052981,0.134712,68277
BRFSS,race_includehispBlack,race_includehisp,Race/Ethnicity,Black,White,70-79,2021,-0.269776,0.0378,-0.343863,-0.195689,68277
BRFSS,race_includehispAIAN,race_includehisp,Race/Ethnicity,AIAN,White,70-79,2021,-0.191086,0.089065,-0.365653,-0.016519,68277
BRFSS,race_includehispAsian,race_includehisp,Race/Ethnicity,Asian,White,70-79,2021,0.001441,0.145088,-0.282931,0.285813,68277
BRFSS,race_includehispOther,race_includehisp,Race/Ethnicity,Other,White,70-79,2021,-0.048478,0.074379,-0.194262,0.097305,68277
BRFSS,educ_3catHS_SomeColl,educ_3cat,Education,HS_SomeColl,LT_HS,70-79,2021,0.451885,0.050567,0.352774,0.550996,68277
BRFSS,educ_3catBA_plus,educ_3cat,Education,BA_plus,LT_HS,70-79,2021,0.84559,0.050695,0.746228,0.944953,68277
BRFSS,sexFemale,sex,Sex,Female,Male,70-79,2022,0.049461,0.01752,0.015123,0.0838,71754
BRFSS,race_includehispBlack,race_includehisp,Race/Ethnicity,Black,White,70-79,2022,-0.269374,0.032009,-0.332111,-0.206636,71754
BRFSS,race_includehispAIAN,race_includehisp,Race/Ethnicity,AIAN,White,70-79,2022,-0.301167,0.123209,-0.542655,-0.059678,71754
BRFSS,race_includehispAsian,race_includehisp,Race/Ethnicity,Asian,White,70-79,2022,-0.131926,0.095429,-0.318967,0.055115,71754
BRFSS,race_includehispOther,race_includehisp,Race/Ethnicity,Other,White,70-79,2022,-0.372097,0.08349,-0.535737,-0.208457,71754
BRFSS,educ_3catHS_SomeColl,educ_3cat,Education,HS_SomeColl,LT_HS,70-79,2022,0.475847,0.045591,0.386489,0.565205,71754
BRFSS,educ_3catBA_plus,educ_3cat,Education,BA_plus,LT_HS,70-79,2022,0.868063,0.046371,0.777176,0.95895,71754
BRFSS,sexFemale,sex,Sex,Female,Male,70-79,2023,0.057778,0.017911,0.022673,0.092883,74303
BRFSS,race_includehispBlack,race_includehisp,Race/Ethnicity,Black,White,70-79,2023,-0.2896,0.031455,-0.351252,-0.227948,74303
BRFSS,race_includehispAIAN,race_includehisp,Race/Ethnicity,AIAN,White,70-79,2023,-0.322044,0.088179,-0.494874,-0.149213,74303
BRFSS,race_includehispAsian,race_includehisp,Race/Ethnicity,Asian,White,70-79,2023,-0.035668,0.09569,-0.22322,0.151884,74303
BRFSS,race_includehispOther,race_includehisp,Race/Ethnicity,Other,White,70-79,2023,-0.03287,0.067907,-0.165967,0.100227,74303
BRFSS,educ_3catHS_SomeColl,educ_3cat,Education,HS_SomeColl,LT_HS,70-79,2023,0.493409,0.048198,0.39894,0.587877,74303
BRFSS,educ_3catBA_plus,educ_3cat,Education,BA_plus,LT_HS,70-79,2023,0.870397,0.048528,0.77528300000000006,0.965512,74303
BRFSS,sexFemale,sex,Sex,Female,Male,70-79,2024,0.073503,0.017535,0.039134,0.107872,79502
BRFSS,race_includehispBlack,race_includehisp,Race/Ethnicity,Black,White,70-79,2024,-0.225721,0.030902,-0.286289,-0.165152,79502
BRFSS,race_includehispAIAN,race_includehisp,Race/Ethnicity,AIAN,White,70-79,2024,-0.378754,0.134971,-0.643297,-0.114211,79502
BRFSS,race_includehispAsian,race_includehisp,Race/Ethnicity,Asian,White,70-79,2024,-0.08608,0.098323,-0.278792,0.106632,79502
BRFSS,race_includehispOther,race_includehisp,Race/Ethnicity,Other,White,70-79,2024,-0.176275,0.059831,-0.293542,-0.059007,79502
BRFSS,educ_3catHS_SomeColl,educ_3cat,Education,HS_SomeColl,LT_HS,70-79,2024,0.525873,0.046737,0.434269,0.617478,79502
BRFSS,educ_3catBA_plus,educ_3cat,Education,BA_plus,LT_HS,70-79,2024,0.869937,0.046757,0.778294,0.96158,79502
BRFSS,sexFemale,sex,Sex,Female,Male,70-79,2025,0.057297,0.067097,-0.074271,0.188865,2671
BRFSS,race_includehispBlack,race_includehisp,Race/Ethnicity,Black,White,70-79,2025,-0.150983,0.101281,-0.349581,0.047616,2671
BRFSS,race_includehispAIAN,race_includehisp,Race/Ethnicity,AIAN,White,70-79,2025,-0.468415,0.183757,-0.828736,-0.108094,2671
BRFSS,race_includehispAsian,race_includehisp,Race/Ethnicity,Asian,White,70-79,2025,-0.077575,0.218796,-0.506603,0.351453,2671
BRFSS,race_includehispOther,race_includehisp,Race/Ethnicity,Other,White,70-79,2025,-0.148227,0.158585,-0.459189,0.162736,2671
BRFSS,educ_3catHS_SomeColl,educ_3cat,Education,HS_SomeColl,LT_HS,70-79,2025,0.182234,0.12675,-0.066304,0.430773,2671
BRFSS,educ_3catBA_plus,educ_3cat,Education,BA_plus,LT_HS,70-79,2025,0.676432,0.130772,0.420007,0.932857,2671
BRFSS,sexFemale,sex,Sex,Female,Male,80-89,1993,-0.01869,0.059625,-0.135591,0.098211,3726
BRFSS,race_includehispBlack,race_includehisp,Race/Ethnicity,Black,White,80-89,1993,-0.20318,0.114249,-0.427178,0.020817,3726
BRFSS,race_includehispAIAN,race_includehisp,Race/Ethnicity,AIAN,White,80-89,1993,0.235019,0.289682,-0.332932,0.80297,3726
BRFSS,race_includehispAsian,race_includehisp,Race/Ethnicity,Asian,White,80-89,1993,0.401671,0.350132,-0.284798,1.08814,3726
BRFSS,race_includehispHispanic,race_includehisp,Race/Ethnicity,Hispanic,White,80-89,1993,0.209656,0.215344,-0.212548,0.631861,3726
BRFSS,race_includehispOther,race_includehisp,Race/Ethnicity,Other,White,80-89,1993,-0.252942,0.220725,-0.685695,0.179812,3726
BRFSS,educ_3catHS_SomeColl,educ_3cat,Education,HS_SomeColl,LT_HS,80-89,1993,0.315161,0.056346,0.204689,0.425633,3726
BRFSS,educ_3catBA_plus,educ_3cat,Education,BA_plus,LT_HS,80-89,1993,0.477203,0.084372,0.311782,0.64262300000000006,3726
BRFSS,sexFemale,sex,Sex,Female,Male,80-89,1994,0.032103,0.065955,-0.097204,0.161411,4157
BRFSS,race_includehispBlack,race_includehisp,Race/Ethnicity,Black,White,80-89,1994,-0.518556,0.111577,-0.737306,-0.299805,4157
BRFSS,race_includehispAIAN,race_includehisp,Race/Ethnicity,AIAN,White,80-89,1994,0.619442,0.26104,0.107665,1.13122,4157
BRFSS,race_includehispAsian,race_includehisp,Race/Ethnicity,Asian,White,80-89,1994,-0.044803,0.07716,-0.196077,0.106471,4157
BRFSS,race_includehispHispanic,race_includehisp,Race/Ethnicity,Hispanic,White,80-89,1994,-0.098955,0.32323,-0.732659,0.53475,4157
BRFSS,race_includehispOther,race_includehisp,Race/Ethnicity,Other,White,80-89,1994,0.321067,0.248108,-0.165358,0.807492,4157
BRFSS,educ_3catHS_SomeColl,educ_3cat,Education,HS_SomeColl,LT_HS,80-89,1994,0.305439,0.062521,0.182865,0.428013,4157
BRFSS,educ_3catBA_plus,educ_3cat,Education,BA_plus,LT_HS,80-89,1994,0.347334,0.094213,0.162626,0.532042,4157
BRFSS,sexFemale,sex,Sex,Female,Male,80-89,1995,-0.008814,0.057116,-0.120788,0.10316,4626
BRFSS,race_includehispBlack,race_includehisp,Race/Ethnicity,Black,White,80-89,1995,-0.130512,0.116592,-0.359087,0.098064,4626
BRFSS,race_includehispAIAN,race_includehisp,Race/Ethnicity,AIAN,White,80-89,1995,-0.666061,0.16468,-0.988912,-0.34321,4626
BRFSS,race_includehispAsian,race_includehisp,Race/Ethnicity,Asian,White,80-89,1995,1.155728,0.376006,0.418578,1.892879,4626
BRFSS,race_includehispHispanic,race_includehisp,Race/Ethnicity,Hispanic,White,80-89,1995,-0.016475,0.125343,-0.262207,0.229256,4626
BRFSS,race_includehispOther,race_includehisp,Race/Ethnicity,Other,White,80-89,1995,0.06873,0.089652,-0.107031,0.24449100000000001,4626
BRFSS,educ_3catHS_SomeColl,educ_3cat,Education,HS_SomeColl,LT_HS,80-89,1995,0.256112,0.058457,0.141507,0.370716,4626
BRFSS,educ_3catBA_plus,educ_3cat,Education,BA_plus,LT_HS,80-89,1995,0.489224,0.08629,0.320053,0.658394,4626
BRFSS,sexFemale,sex,Sex,Female,Male,80-89,1996,-0.011292,0.05494,-0.118998,0.096414,4965
BRFSS,race_includehispBlack,race_includehisp,Race/Ethnicity,Black,White,80-89,1996,-0.042518,0.107305,-0.252883,0.167847,4965
BRFSS,race_includehispAIAN,race_includehisp,Race/Ethnicity,AIAN,White,80-89,1996,-0.099597,0.361324,-0.807951,0.608758,4965
BRFSS,race_includehispAsian,race_includehisp,Race/Ethnicity,Asian,White,80-89,1996,-0.245903,0.245549,-0.727287,0.235481,4965
BRFSS,race_includehispHispanic,race_includehisp,Race/Ethnicity,Hispanic,White,80-89,1996,-0.034274,0.151841,-0.33195,0.263401,4965
BRFSS,race_includehispOther,race_includehisp,Race/Ethnicity,Other,White,80-89,1996,0.068281,0.327734,-0.574223,0.710784,4965
BRFSS,educ_3catHS_SomeColl,educ_3cat,Education,HS_SomeColl,LT_HS,80-89,1996,0.267698,0.05424,0.161363,0.374033,4965
BRFSS,educ_3catBA_plus,educ_3cat,Education,BA_plus,LT_HS,80-89,1996,0.429934,0.075753,0.281425,0.578442,4965
BRFSS,sexFemale,sex,Sex,Female,Male,80-89,1997,-0.009923,0.052635,-0.113107,0.093262,5560
BRFSS,race_includehispBlack,race_includehisp,Race/Ethnicity,Black,White,80-89,1997,-0.114356,0.132134,-0.37339,0.144679,5560
BRFSS,race_includehispAIAN,race_includehisp,Race/Ethnicity,AIAN,White,80-89,1997,0.056225,0.278166,-0.48909,0.60154,5560
BRFSS,race_includehispAsian,race_includehisp,Race/Ethnicity,Asian,White,80-89,1997,0.141178,0.277831,-0.403481,0.685836,5560
BRFSS,race_includehispHispanic,race_includehisp,Race/Ethnicity,Hispanic,White,80-89,1997,-0.459325,0.141569,-0.736856,-0.181794,5560
BRFSS,race_includehispOther,race_includehisp,Race/Ethnicity,Other,White,80-89,1997,0.105195,0.15016,-0.189177,0.399566,5560
BRFSS,educ_3catHS_SomeColl,educ_3cat,Education,HS_SomeColl,LT_HS,80-89,1997,0.366744,0.050928,0.266906,0.466583,5560
BRFSS,educ_3catBA_plus,educ_3cat,Education,BA_plus,LT_HS,80-89,1997,0.581558,0.074003,0.436483,0.726632,5560
BRFSS,sexFemale,sex,Sex,Female,Male,80-89,1998,0.048266,0.053394,-0.056405,0.152937,6228
BRFSS,race_includehispBlack,race_includehisp,Race/Ethnicity,Black,White,80-89,1998,-0.263401,0.094139,-0.447946,-0.078856,6228
BRFSS,race_includehispAIAN,race_includehisp,Race/Ethnicity,AIAN,White,80-89,1998,-0.273107,0.368746,-0.995977,0.449763,6228
BRFSS,race_includehispAsian,race_includehisp,Race/Ethnicity,Asian,White,80-89,1998,0.66158,0.433054,-0.187355,1.510515,6228
BRFSS,race_includehispHispanic,race_includehisp,Race/Ethnicity,Hispanic,White,80-89,1998,-0.085964,0.159126,-0.397907,0.225978,6228
BRFSS,race_includehispOther,race_includehisp,Race/Ethnicity,Other,White,80-89,1998,0.176714,0.201033,-0.21738,0.570808,6228
BRFSS,educ_3catHS_SomeColl,educ_3cat,Education,HS_SomeColl,LT_HS,80-89,1998,0.288959,0.054116,0.182874,0.395045,6228
BRFSS,educ_3catBA_plus,educ_3cat,Education,BA_plus,LT_HS,80-89,1998,0.543485,0.071977,0.402385,0.684585,6228
BRFSS,sexFemale,sex,Sex,Female,Male,80-89,1999,-0.047014,0.049752,-0.144545,0.050517,6376
BRFSS,race_includehispBlack,race_includehisp,Race/Ethnicity,Black,White,80-89,1999,-0.27644,0.116273,-0.504373,-0.048507,6376
BRFSS,race_includehispAIAN,race_includehisp,Race/Ethnicity,AIAN,White,80-89,1999,-0.074175,0.419078,-0.895709,0.74736,6376
BRFSS,race_includehispAsian,race_includehisp,Race/Ethnicity,Asian,White,80-89,1999,0.598192,0.491055,-0.364442,1.560825,6376
BRFSS,race_includehispHispanic,race_includehisp,Race/Ethnicity,Hispanic,White,80-89,1999,-0.249785,0.188963,-0.620216,0.120646,6376
BRFSS,race_includehispOther,race_includehisp,Race/Ethnicity,Other,White,80-89,1999,0.244183,0.288817,-0.321997,0.810362,6376
BRFSS,educ_3catHS_SomeColl,educ_3cat,Education,HS_SomeColl,LT_HS,80-89,1999,0.223413,0.057967,0.109778,0.337047,6376
BRFSS,educ_3catBA_plus,educ_3cat,Education,BA_plus,LT_HS,80-89,1999,0.445071,0.077306,0.293525,0.596618,6376
BRFSS,sexFemale,sex,Sex,Female,Male,80-89,2000,-0.044094,0.050661,-0.143405,0.055217,6926
BRFSS,race_includehispBlack,race_includehisp,Race/Ethnicity,Black,White,80-89,2000,-0.025384,0.111633,-0.24422,0.193451,6926
BRFSS,race_includehispAIAN,race_includehisp,Race/Ethnicity,AIAN,White,80-89,2000,-0.02954,0.277117,-0.572775,0.513694,6926
BRFSS,race_includehispAsian,race_includehisp,Race/Ethnicity,Asian,White,80-89,2000,0.480096,0.407554,-0.318835,1.279028,6926
BRFSS,race_includehispHispanic,race_includehisp,Race/Ethnicity,Hispanic,White,80-89,2000,-0.357621,0.12261,-0.597975,-0.117267,6926
BRFSS,race_includehispOther,race_includehisp,Race/Ethnicity,Other,White,80-89,2000,0.049232,0.262133,-0.46463,0.563094,6926
BRFSS,educ_3catHS_SomeColl,educ_3cat,Education,HS_SomeColl,LT_HS,80-89,2000,0.248264,0.052182,0.145971,0.350556,6926
BRFSS,educ_3catBA_plus,educ_3cat,Education,BA_plus,LT_HS,80-89,2000,0.49231,0.068007,0.358995,0.625624,6926
BRFSS,sexFemale,sex,Sex,Female,Male,80-89,2001,-0.129115,0.251457,-0.623528,0.365298,387
BRFSS,race_includehispHispanic,race_includehisp,Race/Ethnicity,Hispanic,White,80-89,2001,-0.05008,0.257486,-0.556348,0.456187,387
BRFSS,educ_3catHS_SomeColl,educ_3cat,Education,HS_SomeColl,LT_HS,80-89,2001,0.415542,0.207993,0.006587,0.824496,387
BRFSS,educ_3catBA_plus,educ_3cat,Education,BA_plus,LT_HS,80-89,2001,0.962132,0.523092,-0.066369,1.990633,387
BRFSS,sexFemale,sex,Sex,Female,Male,80-89,2002,-0.023024,0.0394,-0.100254,0.054207,11315
BRFSS,educ_3catHS_SomeColl,educ_3cat,Education,HS_SomeColl,LT_HS,80-89,2002,0.36509,0.045323,0.27625,0.45393,11315
BRFSS,educ_3catBA_plus,educ_3cat,Education,BA_plus,LT_HS,80-89,2002,0.692828,0.055954,0.583148,0.802508,11315
BRFSS,sexFemale,sex,Sex,Female,Male,80-89,2003,-0.008301,0.03876,-0.084277,0.067675,12510
BRFSS,educ_3catHS_SomeColl,educ_3cat,Education,HS_SomeColl,LT_HS,80-89,2003,0.327189,0.045121,0.238745,0.415634,12510
BRFSS,educ_3catBA_plus,educ_3cat,Education,BA_plus,LT_HS,80-89,2003,0.599454,0.05478,0.492077,0.706831,12510
BRFSS,sexFemale,sex,Sex,Female,Male,80-89,2004,4.42e-4,0.033774,-0.065758,0.066642,15738
BRFSS,educ_3catHS_SomeColl,educ_3cat,Education,HS_SomeColl,LT_HS,80-89,2004,0.379835,0.03819,0.304978,0.454691,15738
BRFSS,educ_3catBA_plus,educ_3cat,Education,BA_plus,LT_HS,80-89,2004,0.716691,0.047526,0.623535,0.809847,15738
BRFSS,sexFemale,sex,Sex,Female,Male,80-89,2005,0.037517,0.030005,-0.021296,0.096329,20659
BRFSS,educ_3catHS_SomeColl,educ_3cat,Education,HS_SomeColl,LT_HS,80-89,2005,0.409648,0.037004,0.337118,0.482179,20659
BRFSS,educ_3catBA_plus,educ_3cat,Education,BA_plus,LT_HS,80-89,2005,0.668542,0.044036,0.582228,0.754856,20659
BRFSS,sexFemale,sex,Sex,Female,Male,80-89,2006,-0.018066,0.029878,-0.076629,0.040497,22763
BRFSS,educ_3catHS_SomeColl,educ_3cat,Education,HS_SomeColl,LT_HS,80-89,2006,0.412486,0.042016,0.330132,0.49484,22763
BRFSS,educ_3catBA_plus,educ_3cat,Education,BA_plus,LT_HS,80-89,2006,0.650807,0.047653,0.557403,0.74421,22763
BRFSS,sexFemale,sex,Sex,Female,Male,80-89,2007,0.024567,0.024126,-0.02272,0.071854,30291
BRFSS,educ_3catHS_SomeColl,educ_3cat,Education,HS_SomeColl,LT_HS,80-89,2007,0.305729,0.030464,0.246019,0.36544,30291
BRFSS,educ_3catBA_plus,educ_3cat,Education,BA_plus,LT_HS,80-89,2007,0.619146,0.035983,0.548617,0.689675,30291
BRFSS,sexFemale,sex,Sex,Female,Male,80-89,2008,0.106349,0.02453,0.058269,0.154429,31123
BRFSS,educ_3catHS_SomeColl,educ_3cat,Education,HS_SomeColl,LT_HS,80-89,2008,0.428378,0.03157,0.366499,0.490256,31123
BRFSS,educ_3catBA_plus,educ_3cat,Education,BA_plus,LT_HS,80-89,2008,0.762382,0.036227,0.691376,0.833388,31123
BRFSS,sexFemale,sex,Sex,Female,Male,80-89,2009,0.080463,0.021446,0.038428,0.122498,34771
BRFSS,educ_3catHS_SomeColl,educ_3cat,Education,HS_SomeColl,LT_HS,80-89,2009,0.349295,0.029096,0.292266,0.406323,34771
BRFSS,educ_3catBA_plus,educ_3cat,Education,BA_plus,LT_HS,80-89,2009,0.704261,0.033061,0.63946,0.769063,34771
BRFSS,sexFemale,sex,Sex,Female,Male,80-89,2010,0.03538,0.019452,-0.002747,0.073507,38667
BRFSS,educ_3catHS_SomeColl,educ_3cat,Education,HS_SomeColl,LT_HS,80-89,2010,0.394425,0.02547,0.344502,0.444348,38667
BRFSS,educ_3catBA_plus,educ_3cat,Education,BA_plus,LT_HS,80-89,2010,0.682101,0.029811,0.623671,0.74053,38667
BRFSS,sexFemale,sex,Sex,Female,Male,80-89,2011,0.049121,0.021455,0.007068,0.091175,41257
BRFSS,race_includehispBlack,race_includehisp,Race/Ethnicity,Black,White,80-89,2011,-0.163808,0.042766,-0.247629,-0.079986,41257
BRFSS,race_includehispAIAN,race_includehisp,Race/Ethnicity,AIAN,White,80-89,2011,-0.281249,0.161674,-0.598133,0.035635,41257
BRFSS,race_includehispAsian,race_includehisp,Race/Ethnicity,Asian,White,80-89,2011,0.019724,0.145714,-0.265879,0.305327,41257
BRFSS,race_includehispHispanic,race_includehisp,Race/Ethnicity,Hispanic,White,80-89,2011,-0.263145,0.060269,-0.381274,-0.145016,41257
BRFSS,race_includehispOther,race_includehisp,Race/Ethnicity,Other,White,80-89,2011,-0.091642,0.096958,-0.281681,0.098398,41257
BRFSS,educ_3catHS_SomeColl,educ_3cat,Education,HS_SomeColl,LT_HS,80-89,2011,0.380293,0.027972,0.325467,0.435118,41257
BRFSS,educ_3catBA_plus,educ_3cat,Education,BA_plus,LT_HS,80-89,2011,0.671981,0.03222,0.608829,0.735133,41257
BRFSS,sexFemale,sex,Sex,Female,Male,80-89,2012,0.067873,0.023226,0.022349,0.113398,38855
BRFSS,race_includehispBlack,race_includehisp,Race/Ethnicity,Black,White,80-89,2012,-0.245138,0.055398,-0.35372,-0.136556,38855
BRFSS,race_includehispAIAN,race_includehisp,Race/Ethnicity,AIAN,White,80-89,2012,0.047161,0.14547,-0.237964,0.332286,38855
BRFSS,race_includehispAsian,race_includehisp,Race/Ethnicity,Asian,White,80-89,2012,-0.013948,0.120153,-0.249451,0.221555,38855
BRFSS,race_includehispHispanic,race_includehisp,Race/Ethnicity,Hispanic,White,80-89,2012,-0.363192,0.06872,-0.497885,-0.228499,38855
BRFSS,race_includehispOther,race_includehisp,Race/Ethnicity,Other,White,80-89,2012,0.055719,0.092395,-0.125377,0.236815,38855
BRFSS,educ_3catHS_SomeColl,educ_3cat,Education,HS_SomeColl,LT_HS,80-89,2012,0.35553,0.032518,0.291795,0.419266,38855
BRFSS,educ_3catBA_plus,educ_3cat,Education,BA_plus,LT_HS,80-89,2012,0.642943,0.035748,0.572876,0.71301,38855
BRFSS,sexFemale,sex,Sex,Female,Male,80-89,2013,0.07422,0.022835,0.029464,0.118976,38699
BRFSS,race_includehispBlack,race_includehisp,Race/Ethnicity,Black,White,80-89,2013,-0.214085,0.056785,-0.325385,-0.102785,38699
BRFSS,race_includehispAIAN,race_includehisp,Race/Ethnicity,AIAN,White,80-89,2013,0.072399,0.130342,-0.183074,0.327872,38699
BRFSS,race_includehispAsian,race_includehisp,Race/Ethnicity,Asian,White,80-89,2013,0.037105,0.145412,-0.247906,0.322116,38699
BRFSS,race_includehispHispanic,race_includehisp,Race/Ethnicity,Hispanic,White,80-89,2013,-0.916259,0.538145,-1.971037,0.13852,38699
BRFSS,race_includehispOther,race_includehisp,Race/Ethnicity,Other,White,80-89,2013,-0.174952,0.079961,-0.331678,-0.018227,38699
BRFSS,educ_3catHS_SomeColl,educ_3cat,Education,HS_SomeColl,LT_HS,80-89,2013,0.373807,0.0317,0.311675,0.435939,38699
BRFSS,educ_3catBA_plus,educ_3cat,Education,BA_plus,LT_HS,80-89,2013,0.707273,0.034565,0.639525,0.775021,38699
BRFSS,sexFemale,sex,Sex,Female,Male,80-89,2014,0.030733,0.023563,-0.015452,0.076918,37104
BRFSS,race_includehispBlack,race_includehisp,Race/Ethnicity,Black,White,80-89,2014,-0.329839,0.051433,-0.430649,-0.229029,37104
BRFSS,race_includehispAIAN,race_includehisp,Race/Ethnicity,AIAN,White,80-89,2014,0.028068,0.123633,-0.214257,0.270393,37104
BRFSS,race_includehispAsian,race_includehisp,Race/Ethnicity,Asian,White,80-89,2014,-0.084367,0.06397,-0.209749,0.041016,37104
BRFSS,race_includehispOther,race_includehisp,Race/Ethnicity,Other,White,80-89,2014,-0.093772,0.120867,-0.330676,0.143131,37104
BRFSS,educ_3catHS_SomeColl,educ_3cat,Education,HS_SomeColl,LT_HS,80-89,2014,0.297835,0.033713,0.231756,0.363914,37104
BRFSS,educ_3catBA_plus,educ_3cat,Education,BA_plus,LT_HS,80-89,2014,0.532868,0.036663,0.461007,0.604729,37104
BRFSS,sexFemale,sex,Sex,Female,Male,80-89,2015,0.05307,0.024084,0.005864,0.100276,34015
BRFSS,race_includehispBlack,race_includehisp,Race/Ethnicity,Black,White,80-89,2015,-0.344716,0.048237,-0.439262,-0.25017,34015
BRFSS,race_includehispAIAN,race_includehisp,Race/Ethnicity,AIAN,White,80-89,2015,0.047376,0.121697,-0.191153,0.285905,34015
BRFSS,race_includehispAsian,race_includehisp,Race/Ethnicity,Asian,White,80-89,2015,-0.384087,0.130829,-0.640516,-0.127659,34015
BRFSS,race_includehispOther,race_includehisp,Race/Ethnicity,Other,White,80-89,2015,-0.112613,0.161551,-0.429259,0.204032,34015
BRFSS,educ_3catHS_SomeColl,educ_3cat,Education,HS_SomeColl,LT_HS,80-89,2015,0.319206,0.03548,0.249663,0.388748,34015
BRFSS,educ_3catBA_plus,educ_3cat,Education,BA_plus,LT_HS,80-89,2015,0.652865,0.038255,0.577884,0.727847,34015
BRFSS,sexFemale,sex,Sex,Female,Male,80-89,2016,0.042427,0.026539,-0.00959,0.094443,36406
BRFSS,race_includehispBlack,race_includehisp,Race/Ethnicity,Black,White,80-89,2016,-0.211195,0.059363,-0.327548,-0.094842,36406
BRFSS,race_includehispAIAN,race_includehisp,Race/Ethnicity,AIAN,White,80-89,2016,0.009955,0.11368,-0.212861,0.23277,36406
BRFSS,race_includehispAsian,race_includehisp,Race/Ethnicity,Asian,White,80-89,2016,-0.139452,0.129954,-0.394164,0.115261,36406
BRFSS,race_includehispOther,race_includehisp,Race/Ethnicity,Other,White,80-89,2016,-0.112844,0.121451,-0.350891,0.125202,36406
BRFSS,educ_3catHS_SomeColl,educ_3cat,Education,HS_SomeColl,LT_HS,80-89,2016,0.266942,0.043188,0.182291,0.351593,36406
BRFSS,educ_3catBA_plus,educ_3cat,Education,BA_plus,LT_HS,80-89,2016,0.580632,0.046444,0.4896,0.671664,36406
BRFSS,sexFemale,sex,Sex,Female,Male,80-89,2017,0.017378,0.028339,-0.038167,0.072922,34431
BRFSS,race_includehispBlack,race_includehisp,Race/Ethnicity,Black,White,80-89,2017,-0.323825,0.051508,-0.424783,-0.222867,34431
BRFSS,race_includehispAIAN,race_includehisp,Race/Ethnicity,AIAN,White,80-89,2017,-0.016679,0.209546,-0.427397,0.394039,34431
BRFSS,race_includehispAsian,race_includehisp,Race/Ethnicity,Asian,White,80-89,2017,-0.124625,0.193907,-0.504688,0.255438,34431
BRFSS,race_includehispOther,race_includehisp,Race/Ethnicity,Other,White,80-89,2017,-0.101983,0.130013,-0.356812,0.152846,34431
BRFSS,educ_3catHS_SomeColl,educ_3cat,Education,HS_SomeColl,LT_HS,80-89,2017,0.311368,0.039612,0.233728,0.389008,34431
BRFSS,educ_3catBA_plus,educ_3cat,Education,BA_plus,LT_HS,80-89,2017,0.595955,0.043599,0.5105,0.68141,34431
BRFSS,sexFemale,sex,Sex,Female,Male,80-89,2018,0.063042,0.030391,0.003474,0.122609,33021
BRFSS,race_includehispBlack,race_includehisp,Race/Ethnicity,Black,White,80-89,2018,-0.189353,0.054834,-0.296829,-0.081877,33021
BRFSS,race_includehispAIAN,race_includehisp,Race/Ethnicity,AIAN,White,80-89,2018,-0.257862,0.150323,-0.5525,0.036776,33021
BRFSS,race_includehispAsian,race_includehisp,Race/Ethnicity,Asian,White,80-89,2018,-0.230431,0.182073,-0.5873,0.126438,33021
BRFSS,race_includehispOther,race_includehisp,Race/Ethnicity,Other,White,80-89,2018,-0.067286,0.08817,-0.240103,0.10553,33021
BRFSS,educ_3catHS_SomeColl,educ_3cat,Education,HS_SomeColl,LT_HS,80-89,2018,0.353146,0.045032,0.26488,0.441411,33021
BRFSS,educ_3catBA_plus,educ_3cat,Education,BA_plus,LT_HS,80-89,2018,0.661677,0.046993,0.569569,0.753784,33021
BRFSS,sexFemale,sex,Sex,Female,Male,80-89,2019,0.023457,0.025642,-0.026802,0.073716,34354
BRFSS,race_includehispBlack,race_includehisp,Race/Ethnicity,Black,White,80-89,2019,-0.275524,0.043715,-0.361206,-0.189841,34354
BRFSS,race_includehispAIAN,race_includehisp,Race/Ethnicity,AIAN,White,80-89,2019,-0.166267,0.11053,-0.38291,0.050376,34354
BRFSS,race_includehispAsian,race_includehisp,Race/Ethnicity,Asian,White,80-89,2019,0.046719,0.107213,-0.163422,0.256861,34354
BRFSS,race_includehispOther,race_includehisp,Race/Ethnicity,Other,White,80-89,2019,0.04669,0.108366,-0.165711,0.259091,34354
BRFSS,educ_3catHS_SomeColl,educ_3cat,Education,HS_SomeColl,LT_HS,80-89,2019,0.360524,0.046376,0.269626,0.451422,34354
BRFSS,educ_3catBA_plus,educ_3cat,Education,BA_plus,LT_HS,80-89,2019,0.641948,0.048127,0.547617,0.736278,34354
BRFSS,sexFemale,sex,Sex,Female,Male,80-89,2020,0.076561,0.029897,0.017962,0.135159,30614
BRFSS,race_includehispBlack,race_includehisp,Race/Ethnicity,Black,White,80-89,2020,-0.183617,0.056102,-0.293579,-0.073655,30614
BRFSS,race_includehispAIAN,race_includehisp,Race/Ethnicity,AIAN,White,80-89,2020,-0.005713,0.161154,-0.321582,0.310156,30614
BRFSS,race_includehispAsian,race_includehisp,Race/Ethnicity,Asian,White,80-89,2020,-0.038062,0.11889,-0.271092,0.194968,30614
BRFSS,race_includehispOther,race_includehisp,Race/Ethnicity,Other,White,80-89,2020,0.019338,0.098007,-0.17276,0.211436,30614
BRFSS,educ_3catHS_SomeColl,educ_3cat,Education,HS_SomeColl,LT_HS,80-89,2020,0.336015,0.045573,0.24669,0.42534,30614
BRFSS,educ_3catBA_plus,educ_3cat,Education,BA_plus,LT_HS,80-89,2020,0.541421,0.048019,0.447302,0.635541,30614
BRFSS,sexFemale,sex,Sex,Female,Male,80-89,2021,0.076313,0.033634,0.01039,0.142236,32783
BRFSS,race_includehispBlack,race_includehisp,Race/Ethnicity,Black,White,80-89,2021,-0.19904,0.055159,-0.307155,-0.090926,32783
BRFSS,race_includehispAIAN,race_includehisp,Race/Ethnicity,AIAN,White,80-89,2021,-0.250603,0.126399,-0.49835,-0.002855,32783
BRFSS,race_includehispAsian,race_includehisp,Race/Ethnicity,Asian,White,80-89,2021,-0.104039,0.273568,-0.640242,0.432164,32783
BRFSS,race_includehispOther,race_includehisp,Race/Ethnicity,Other,White,80-89,2021,-0.188433,0.113983,-0.411844,0.034979,32783
BRFSS,educ_3catHS_SomeColl,educ_3cat,Education,HS_SomeColl,LT_HS,80-89,2021,0.316787,0.058095,0.202919,0.430655,32783
BRFSS,educ_3catBA_plus,educ_3cat,Education,BA_plus,LT_HS,80-89,2021,0.617788,0.061403,0.497436,0.73814,32783
BRFSS,sexFemale,sex,Sex,Female,Male,80-89,2022,0.027244,0.02987,-0.031302,0.085791,34259
BRFSS,race_includehispBlack,race_includehisp,Race/Ethnicity,Black,White,80-89,2022,-0.256682,0.066157,-0.386352,-0.127012,34259
BRFSS,race_includehispAIAN,race_includehisp,Race/Ethnicity,AIAN,White,80-89,2022,0.203738,0.278204,-0.341552,0.749028,34259
BRFSS,race_includehispAsian,race_includehisp,Race/Ethnicity,Asian,White,80-89,2022,-0.051132,0.166607,-0.377687,0.275423,34259
BRFSS,race_includehispOther,race_includehisp,Race/Ethnicity,Other,White,80-89,2022,-0.375267,0.125304,-0.620866,-0.129668,34259
BRFSS,educ_3catHS_SomeColl,educ_3cat,Education,HS_SomeColl,LT_HS,80-89,2022,0.356253,0.055631,0.247214,0.465292,34259
BRFSS,educ_3catBA_plus,educ_3cat,Education,BA_plus,LT_HS,80-89,2022,0.602024,0.056606,0.491075,0.712973,34259
BRFSS,sexFemale,sex,Sex,Female,Male,80-89,2023,0.084816,0.025796,0.034256,0.135377,37021
BRFSS,race_includehispBlack,race_includehisp,Race/Ethnicity,Black,White,80-89,2023,-0.339427,0.05059,-0.438584,-0.24027,37021
BRFSS,race_includehispAIAN,race_includehisp,Race/Ethnicity,AIAN,White,80-89,2023,-0.185614,0.120946,-0.422672,0.051445,37021
BRFSS,race_includehispAsian,race_includehisp,Race/Ethnicity,Asian,White,80-89,2023,-0.146394,0.14405,-0.428735,0.135948,37021
BRFSS,race_includehispOther,race_includehisp,Race/Ethnicity,Other,White,80-89,2023,-0.078896,0.078827,-0.2334,0.075608,37021
BRFSS,educ_3catHS_SomeColl,educ_3cat,Education,HS_SomeColl,LT_HS,80-89,2023,0.330865,0.059147,0.214935,0.446795,37021
BRFSS,educ_3catBA_plus,educ_3cat,Education,BA_plus,LT_HS,80-89,2023,0.550844,0.061901,0.429517,0.672171,37021
BRFSS,sexFemale,sex,Sex,Female,Male,80-89,2024,0.059451,0.025282,0.009898,0.109004,41359
BRFSS,race_includehispBlack,race_includehisp,Race/Ethnicity,Black,White,80-89,2024,-0.283823,0.046347,-0.374664,-0.192983,41359
BRFSS,race_includehispAIAN,race_includehisp,Race/Ethnicity,AIAN,White,80-89,2024,0.286635,0.207508,-0.120085,0.693355,41359
BRFSS,race_includehispAsian,race_includehisp,Race/Ethnicity,Asian,White,80-89,2024,-0.058493,0.12711,-0.307631,0.190644,41359
BRFSS,race_includehispOther,race_includehisp,Race/Ethnicity,Other,White,80-89,2024,-0.147476,0.066271,-0.277368,-0.017584,41359
BRFSS,educ_3catHS_SomeColl,educ_3cat,Education,HS_SomeColl,LT_HS,80-89,2024,0.445166,0.063036,0.321613,0.568719,41359
BRFSS,educ_3catBA_plus,educ_3cat,Education,BA_plus,LT_HS,80-89,2024,0.73014,0.063231,0.606207,0.854073,41359
BRFSS,sexFemale,sex,Sex,Female,Male,80-89,2025,0.05749,0.121402,-0.180711,0.29569,1132
BRFSS,race_includehispBlack,race_includehisp,Race/Ethnicity,Black,White,80-89,2025,-0.044392,0.230304,-0.496266,0.407483,1132
BRFSS,race_includehispAIAN,race_includehisp,Race/Ethnicity,AIAN,White,80-89,2025,-0.813867,0.414556,-1.627257,-4.77e-4,1132
BRFSS,race_includehispAsian,race_includehisp,Race/Ethnicity,Asian,White,80-89,2025,-0.269106,0.401311,-1.056509,0.518296,1132
BRFSS,race_includehispOther,race_includehisp,Race/Ethnicity,Other,White,80-89,2025,-0.28882,0.222389,-0.725165,0.147525,1132
BRFSS,educ_3catHS_SomeColl,educ_3cat,Education,HS_SomeColl,LT_HS,80-89,2025,0.289429,0.148485,-0.00191,0.580767,1132
BRFSS,educ_3catBA_plus,educ_3cat,Education,BA_plus,LT_HS,80-89,2025,0.300024,0.185448,-0.063838,0.663887,1132
MEPS,sexFemale,sex,Sex,Female,Male,18-29,2000,-0.156315,0.032887,-0.221213,-0.091417,3034
MEPS,race_includehispBlack,race_includehisp,Race/Ethnicity,Black,White,18-29,2000,-0.107108,0.055169,-0.215977,0.001762,3034
MEPS,race_includehispAIAN,race_includehisp,Race/Ethnicity,AIAN,White,18-29,2000,-0.134258,0.284622,-0.695925,0.427409,3034
MEPS,race_includehispAsian,race_includehisp,Race/Ethnicity,Asian,White,18-29,2000,-0.13762,0.096097,-0.327257,0.052016,3034
MEPS,race_includehispHispanic,race_includehisp,Race/Ethnicity,Hispanic,White,18-29,2000,-0.180695,0.050588,-0.280524,-0.080867,3034
MEPS,educ_3catHS_SomeColl,educ_3cat,Education,HS_SomeColl,LT_HS,18-29,2000,0.108422,0.042649,0.02426,0.192585,3034
MEPS,educ_3catBA_plus,educ_3cat,Education,BA_plus,LT_HS,18-29,2000,0.303361,0.052062,0.200623,0.406099,3034
MEPS,sexFemale,sex,Sex,Female,Male,18-29,2001,-0.153156,0.026822,-0.205887,-0.100426,4216
MEPS,race_includehispBlack,race_includehisp,Race/Ethnicity,Black,White,18-29,2001,-0.092532,0.051978,-0.194719,0.009656,4216
MEPS,race_includehispAIAN,race_includehisp,Race/Ethnicity,AIAN,White,18-29,2001,-0.248578,0.16355,-0.570113,0.072957,4216
MEPS,race_includehispAsian,race_includehisp,Race/Ethnicity,Asian,White,18-29,2001,0.028432,0.087236,-0.143071,0.199935,4216
MEPS,race_includehispHispanic,race_includehisp,Race/Ethnicity,Hispanic,White,18-29,2001,-0.16312,0.043236,-0.248121,-0.078118,4216
MEPS,educ_3catHS_SomeColl,educ_3cat,Education,HS_SomeColl,LT_HS,18-29,2001,0.057644,0.039651,-0.020308,0.135597,4216
MEPS,educ_3catBA_plus,educ_3cat,Education,BA_plus,LT_HS,18-29,2001,0.323862,0.050269,0.225036,0.422689,4216
MEPS,sexFemale,sex,Sex,Female,Male,18-29,2002,-0.178014,0.028237,-0.233659,-0.122368,5024
MEPS,race_includehispBlack,race_includehisp,Race/Ethnicity,Black,White,18-29,2002,-0.101022,0.046172,-0.192012,-0.010032,5024
MEPS,race_includehispAIAN,race_includehisp,Race/Ethnicity,AIAN,White,18-29,2002,-0.129372,0.158269,-0.441266,0.182521,5024
MEPS,race_includehispAsian,race_includehisp,Race/Ethnicity,Asian,White,18-29,2002,-0.044435,0.062397,-0.167399,0.078529,5024
MEPS,race_includehispHispanic,race_includehisp,Race/Ethnicity,Hispanic,White,18-29,2002,-0.214325,0.045285,-0.303566,-0.125083,5024
MEPS,race_includehispOther,race_includehisp,Race/Ethnicity,Other,White,18-29,2002,-0.126092,0.117924,-0.358481,0.106296,5024
MEPS,educ_3catHS_SomeColl,educ_3cat,Education,HS_SomeColl,LT_HS,18-29,2002,0.059079,0.036315,-0.012487,0.130644,5024
MEPS,educ_3catBA_plus,educ_3cat,Education,BA_plus,LT_HS,18-29,2002,0.233356,0.048243,0.138285,0.328426,5024
MEPS,sexFemale,sex,Sex,Female,Male,18-29,2003,-0.173515,0.029713,-0.232068,-0.114961,4494
MEPS,race_includehispBlack,race_includehisp,Race/Ethnicity,Black,White,18-29,2003,-0.116477,0.050528000000000003,-0.216051,-0.016903,4494
MEPS,race_includehispAIAN,race_includehisp,Race/Ethnicity,AIAN,White,18-29,2003,-0.035661,0.160222,-0.351403,0.280082,4494
MEPS,race_includehispAsian,race_includehisp,Race/Ethnicity,Asian,White,18-29,2003,-0.005879,0.062981,-0.129994,0.118236,4494
MEPS,race_includehispHispanic,race_includehisp,Race/Ethnicity,Hispanic,White,18-29,2003,-0.169729,0.042325,-0.25313600000000003,-0.086322,4494
MEPS,race_includehispOther,race_includehisp,Race/Ethnicity,Other,White,18-29,2003,-0.427181,0.162433,-0.747281,-0.107082,4494
MEPS,educ_3catHS_SomeColl,educ_3cat,Education,HS_SomeColl,LT_HS,18-29,2003,0.073189,0.037619,-9.46e-4,0.147323,4494
MEPS,educ_3catBA_plus,educ_3cat,Education,BA_plus,LT_HS,18-29,2003,0.26814,0.050332,0.168953,0.367328,4494
MEPS,sexFemale,sex,Sex,Female,Male,18-29,2004,-0.186304,0.031258,-0.247904,-0.124704,4466
MEPS,race_includehispBlack,race_includehisp,Race/Ethnicity,Black,White,18-29,2004,-0.178556,0.05465,-0.286256,-0.070856,4466
MEPS,race_includehispAIAN,race_includehisp,Race/Ethnicity,AIAN,White,18-29,2004,-0.005158,0.160167,-0.320799,0.310484,4466
MEPS,race_includehispAsian,race_includehisp,Race/Ethnicity,Asian,White,18-29,2004,-0.01924,0.069286,-0.155782,0.117302,4466
MEPS,race_includehispHispanic,race_includehisp,Race/Ethnicity,Hispanic,White,18-29,2004,-0.10999,0.042083,-0.192924,-0.027057,4466
MEPS,race_includehispOther,race_includehisp,Race/Ethnicity,Other,White,18-29,2004,-0.121801,0.141332,-0.400326,0.156724,4466
MEPS,educ_3catHS_SomeColl,educ_3cat,Education,HS_SomeColl,LT_HS,18-29,2004,0.087227,0.044788,-0.001038,0.175492,4466
MEPS,educ_3catBA_plus,educ_3cat,Education,BA_plus,LT_HS,18-29,2004,0.26224,0.057855,0.148225,0.376254,4466
MEPS,sexFemale,sex,Sex,Female,Male,18-29,2005,-0.181146,0.032122,-0.244449,-0.117843,4334
MEPS,race_includehispBlack,race_includehisp,Race/Ethnicity,Black,White,18-29,2005,-0.18387,0.050529,-0.283447,-0.084293,4334
MEPS,race_includehispAIAN,race_includehisp,Race/Ethnicity,AIAN,White,18-29,2005,-0.05929,0.184999,-0.423869,0.30529,4334
MEPS,race_includehispAsian,race_includehisp,Race/Ethnicity,Asian,White,18-29,2005,-0.072231,0.10061,-0.270504,0.126042,4334
MEPS,race_includehispHispanic,race_includehisp,Race/Ethnicity,Hispanic,White,18-29,2005,-0.174582,0.043084,-0.259488,-0.089676,4334
MEPS,race_includehispOther,race_includehisp,Race/Ethnicity,Other,White,18-29,2005,-0.110219,0.113878,-0.334639,0.1142,4334
MEPS,educ_3catHS_SomeColl,educ_3cat,Education,HS_SomeColl,LT_HS,18-29,2005,0.040997,0.036503,-0.03094,0.112933,4334
MEPS,educ_3catBA_plus,educ_3cat,Education,BA_plus,LT_HS,18-29,2005,0.241999,0.052245,0.13904,0.344958,4334
MEPS,sexFemale,sex,Sex,Female,Male,18-29,2006,-0.113933,0.028957,-0.171006,-0.056859,4139
MEPS,race_includehispBlack,race_includehisp,Race/Ethnicity,Black,White,18-29,2006,-0.088593,0.04601,-0.17928,0.002093,4139
MEPS,race_includehispAIAN,race_includehisp,Race/Ethnicity,AIAN,White,18-29,2006,-0.209541,0.195639,-0.595148,0.176066,4139
MEPS,race_includehispAsian,race_includehisp,Race/Ethnicity,Asian,White,18-29,2006,-0.078168,0.0839,-0.243535,0.0872,4139
MEPS,race_includehispHispanic,race_includehisp,Race/Ethnicity,Hispanic,White,18-29,2006,-0.170649,0.043945,-0.257265,-0.084033,4139
MEPS,race_includehispOther,race_includehisp,Race/Ethnicity,Other,White,18-29,2006,-0.328372,0.14343,-0.611073,-0.04567,4139
MEPS,educ_3catHS_SomeColl,educ_3cat,Education,HS_SomeColl,LT_HS,18-29,2006,0.008432,0.037858,-0.066186,0.083051,4139
MEPS,educ_3catBA_plus,educ_3cat,Education,BA_plus,LT_HS,18-29,2006,0.160345,0.046185,0.069314,0.251377,4139
MEPS,sexFemale,sex,Sex,Female,Male,18-29,2007,-0.13889,0.031898,-0.201631,-0.076149,3840
MEPS,race_includehispBlack,race_includehisp,Race/Ethnicity,Black,White,18-29,2007,-0.205686,0.046535,-0.297218,-0.114153,3840
MEPS,race_includehispAIAN,race_includehisp,Race/Ethnicity,AIAN,White,18-29,2007,0.111006,0.208408,-0.298921,0.520933,3840
MEPS,race_includehispAsian,race_includehisp,Race/Ethnicity,Asian,White,18-29,2007,-0.12896,0.075469,-0.277402,0.019483,3840
MEPS,race_includehispHispanic,race_includehisp,Race/Ethnicity,Hispanic,White,18-29,2007,-0.161538,0.050466,-0.260803,-0.062274,3840
MEPS,race_includehispOther,race_includehisp,Race/Ethnicity,Other,White,18-29,2007,-0.31236,0.125836,-0.559872,-0.064849,3840
MEPS,educ_3catHS_SomeColl,educ_3cat,Education,HS_SomeColl,LT_HS,18-29,2007,-0.070118,0.044278,-0.157211,0.016974,3840
MEPS,educ_3catBA_plus,educ_3cat,Education,BA_plus,LT_HS,18-29,2007,0.12283,0.050968,0.022579,0.223081,3840
MEPS,sexFemale,sex,Sex,Female,Male,18-29,2008,-0.190255,0.029082,-0.247634,-0.132875,4530
MEPS,race_includehispBlack,race_includehisp,Race/Ethnicity,Black,White,18-29,2008,-0.112868,0.050786,-0.213068,-0.012667,4530
MEPS,race_includehispAIAN,race_includehisp,Race/Ethnicity,AIAN,White,18-29,2008,-0.779519,0.357496,-1.484863,-0.074175,4530
MEPS,race_includehispAsian,race_includehisp,Race/Ethnicity,Asian,White,18-29,2008,-0.077072,0.071954,-0.219038,0.064894,4530
MEPS,race_includehispHispanic,race_includehisp,Race/Ethnicity,Hispanic,White,18-29,2008,-0.149554,0.045068,-0.238473,-0.060635,4530
MEPS,race_includehispOther,race_includehisp,Race/Ethnicity,Other,White,18-29,2008,-0.333286,0.137788,-0.605143,-0.061428,4530
MEPS,educ_3catHS_SomeColl,educ_3cat,Education,HS_SomeColl,LT_HS,18-29,2008,0.019022,0.04723,-0.074165,0.112208,4530
MEPS,educ_3catBA_plus,educ_3cat,Education,BA_plus,LT_HS,18-29,2008,0.172371,0.060336,0.053328,0.291413,4530
MEPS,sexFemale,sex,Sex,Female,Male,18-29,2009,-0.198973,0.027048,-0.25234,-0.145605,4992
MEPS,race_includehispBlack,race_includehisp,Race/Ethnicity,Black,White,18-29,2009,-0.069204,0.044985,-0.157963,0.019555,4992
MEPS,race_includehispAIAN,race_includehisp,Race/Ethnicity,AIAN,White,18-29,2009,-0.419539,0.127891,-0.671877,-0.1672,4992
MEPS,race_includehispAsian,race_includehisp,Race/Ethnicity,Asian,White,18-29,2009,0.092085,0.069858,-0.045752,0.229921,4992
MEPS,race_includehispHispanic,race_includehisp,Race/Ethnicity,Hispanic,White,18-29,2009,-0.078884,0.036521,-0.150944,-0.006824,4992
MEPS,race_includehispOther,race_includehisp,Race/Ethnicity,Other,White,18-29,2009,-0.139958,0.132847,-0.402075,0.12216,4992
MEPS,educ_3catHS_SomeColl,educ_3cat,Education,HS_SomeColl,LT_HS,18-29,2009,0.012541,0.041726,-0.069787,0.094869,4992
MEPS,educ_3catBA_plus,educ_3cat,Education,BA_plus,LT_HS,18-29,2009,0.213209,0.055753,0.103204,0.323214,4992
MEPS,sexFemale,sex,Sex,Female,Male,18-29,2010,-0.167981,0.032303,-0.231725,-0.104236,4334
MEPS,race_includehispBlack,race_includehisp,Race/Ethnicity,Black,White,18-29,2010,-0.103033,0.049608,-0.200925,-0.005141,4334
MEPS,race_includehispAIAN,race_includehisp,Race/Ethnicity,AIAN,White,18-29,2010,0.031233,0.191348,-0.346355,0.40882,4334
MEPS,race_includehispAsian,race_includehisp,Race/Ethnicity,Asian,White,18-29,2010,-0.016206,0.073098,-0.16045,0.128037,4334
MEPS,race_includehispHispanic,race_includehisp,Race/Ethnicity,Hispanic,White,18-29,2010,-0.085483,0.044549,-0.173391,0.002425,4334
MEPS,race_includehispOther,race_includehisp,Race/Ethnicity,Other,White,18-29,2010,-0.174652,0.148704,-0.468092,0.118787,4334
MEPS,educ_3catHS_SomeColl,educ_3cat,Education,HS_SomeColl,LT_HS,18-29,2010,0.014265,0.045172,-0.074872,0.103402,4334
MEPS,educ_3catBA_plus,educ_3cat,Education,BA_plus,LT_HS,18-29,2010,0.244404,0.055969,0.133961,0.354847,4334
MEPS,sexFemale,sex,Sex,Female,Male,18-29,2011,-0.140787,0.029367,-0.198735,-0.082838,4887
MEPS,race_includehispBlack,race_includehisp,Race/Ethnicity,Black,White,18-29,2011,-0.092892,0.038771,-0.169396,-0.016389,4887
MEPS,race_includehispAIAN,race_includehisp,Race/Ethnicity,AIAN,White,18-29,2011,-0.404058,0.170506,-0.740505,-0.067611,4887
MEPS,race_includehispAsian,race_includehisp,Race/Ethnicity,Asian,White,18-29,2011,0.021582,0.066001,-0.108652,0.151817,4887
MEPS,race_includehispHispanic,race_includehisp,Race/Ethnicity,Hispanic,White,18-29,2011,-0.104301,0.044241,-0.191598,-0.017004,4887
MEPS,race_includehispOther,race_includehisp,Race/Ethnicity,Other,White,18-29,2011,-0.149831,0.145325,-0.436591,0.136929,4887
MEPS,educ_3catHS_SomeColl,educ_3cat,Education,HS_SomeColl,LT_HS,18-29,2011,-0.048051,0.041306,-0.129558,0.033455,4887
MEPS,educ_3catBA_plus,educ_3cat,Education,BA_plus,LT_HS,18-29,2011,0.132388,0.050306,0.033123,0.231654,4887
MEPS,sexFemale,sex,Sex,Female,Male,18-29,2012,-0.170168,0.03004,-0.229446,-0.11089,5548
MEPS,race_includehispBlack,race_includehisp,Race/Ethnicity,Black,White,18-29,2012,-0.087961,0.049026,-0.184704,0.008781,5548
MEPS,race_includehispAIAN,race_includehisp,Race/Ethnicity,AIAN,White,18-29,2012,-0.270911,0.287795,-0.838818,0.296996,5548
MEPS,race_includehispAsian,race_includehisp,Race/Ethnicity,Asian,White,18-29,2012,0.017053,0.070919,-0.122891,0.156997,5548
MEPS,race_includehispHispanic,race_includehisp,Race/Ethnicity,Hispanic,White,18-29,2012,-0.118681,0.042041,-0.201641,-0.035721,5548
MEPS,race_includehispOther,race_includehisp,Race/Ethnicity,Other,White,18-29,2012,-0.060893,0.121185,-0.300027,0.178241,5548
MEPS,educ_3catHS_SomeColl,educ_3cat,Education,HS_SomeColl,LT_HS,18-29,2012,0.089817,0.037413,0.015991,0.163644,5548
MEPS,educ_3catBA_plus,educ_3cat,Education,BA_plus,LT_HS,18-29,2012,0.301166,0.048532,0.205398,0.396933,5548
MEPS,sexFemale,sex,Sex,Female,Male,18-29,2013,-0.204919,0.035771,-0.275515,-0.134324,5085
MEPS,race_includehispBlack,race_includehisp,Race/Ethnicity,Black,White,18-29,2013,-0.09817,0.046271,-0.189487,-0.006853,5085
MEPS,race_includehispAIAN,race_includehisp,Race/Ethnicity,AIAN,White,18-29,2013,0.073426,0.125319,-0.173895,0.320747,5085
MEPS,race_includehispAsian,race_includehisp,Race/Ethnicity,Asian,White,18-29,2013,0.030818,0.071455,-0.1102,0.171836,5085
MEPS,race_includehispHispanic,race_includehisp,Race/Ethnicity,Hispanic,White,18-29,2013,-0.089588,0.041764,-0.17201,-0.007165,5085
MEPS,race_includehispOther,race_includehisp,Race/Ethnicity,Other,White,18-29,2013,-0.047476,0.106856,-0.258361,0.163409,5085
MEPS,educ_3catHS_SomeColl,educ_3cat,Education,HS_SomeColl,LT_HS,18-29,2013,0.038383,0.039068,-0.038718,0.115484,5085
MEPS,educ_3catBA_plus,educ_3cat,Education,BA_plus,LT_HS,18-29,2013,0.196726,0.055586000000000003,0.087026,0.306426,5085
MEPS,sexFemale,sex,Sex,Female,Male,18-29,2014,-0.160065,0.031821,-0.222856,-0.097274,4520
MEPS,race_includehispBlack,race_includehisp,Race/Ethnicity,Black,White,18-29,2014,-0.077514,0.044076,-0.164485,0.009458,4520
MEPS,race_includehispAIAN,race_includehisp,Race/Ethnicity,AIAN,White,18-29,2014,-0.590681,0.176841,-0.939629,-0.241733,4520
MEPS,race_includehispAsian,race_includehisp,Race/Ethnicity,Asian,White,18-29,2014,0.098425,0.069054,-0.037834,0.234684,4520
MEPS,race_includehispHispanic,race_includehisp,Race/Ethnicity,Hispanic,White,18-29,2014,-0.089404,0.039814,-0.167966,-0.010843,4520
MEPS,race_includehispOther,race_includehisp,Race/Ethnicity,Other,White,18-29,2014,-0.063148,0.102462,-0.26533,0.139034,4520
MEPS,educ_3catHS_SomeColl,educ_3cat,Education,HS_SomeColl,LT_HS,18-29,2014,0.062153,0.049821,-0.036156,0.160462,4520
MEPS,educ_3catBA_plus,educ_3cat,Education,BA_plus,LT_HS,18-29,2014,0.220863,0.06303,0.09649,0.345235,4520
MEPS,sexFemale,sex,Sex,Female,Male,18-29,2015,-0.145771,0.031662,-0.208253,-0.08329,4402
MEPS,race_includehispBlack,race_includehisp,Race/Ethnicity,Black,White,18-29,2015,-0.051413,0.051634,-0.153307,0.050482,4402
MEPS,race_includehispAIAN,race_includehisp,Race/Ethnicity,AIAN,White,18-29,2015,-0.408308,0.291446,-0.983441,0.166826,4402
MEPS,race_includehispAsian,race_includehisp,Race/Ethnicity,Asian,White,18-29,2015,-0.007042,0.052507,-0.110658,0.096575,4402
MEPS,race_includehispHispanic,race_includehisp,Race/Ethnicity,Hispanic,White,18-29,2015,-0.055004,0.042609,-0.139088,0.02908,4402
MEPS,race_includehispOther,race_includehisp,Race/Ethnicity,Other,White,18-29,2015,-0.046172,0.106043,-0.255435,0.163091,4402
MEPS,educ_3catHS_SomeColl,educ_3cat,Education,HS_SomeColl,LT_HS,18-29,2015,0.052861,0.04675,-0.039395,0.145116,4402
MEPS,educ_3catBA_plus,educ_3cat,Education,BA_plus,LT_HS,18-29,2015,0.19877,0.05967,0.081019,0.316521,4402
MEPS,sexFemale,sex,Sex,Female,Male,18-29,2016,-0.0834,0.030165,-0.142932,-0.023868,4234
MEPS,race_includehispBlack,race_includehisp,Race/Ethnicity,Black,White,18-29,2016,0.108899,0.052061,0.006156,0.211643,4234
MEPS,race_includehispAIAN,race_includehisp,Race/Ethnicity,AIAN,White,18-29,2016,-0.35503,0.364989,-1.07535,0.365289,4234
MEPS,race_includehispAsian,race_includehisp,Race/Ethnicity,Asian,White,18-29,2016,0.021847,0.069273,-0.114865,0.158559,4234
MEPS,race_includehispHispanic,race_includehisp,Race/Ethnicity,Hispanic,White,18-29,2016,0.002315,0.042952,-0.082453,0.087083,4234
MEPS,race_includehispOther,race_includehisp,Race/Ethnicity,Other,White,18-29,2016,-0.172647,0.116438,-0.402442,0.057148,4234
MEPS,educ_3catHS_SomeColl,educ_3cat,Education,HS_SomeColl,LT_HS,18-29,2016,-0.077331,0.056189,-0.188222,0.03356,4234
MEPS,educ_3catBA_plus,educ_3cat,Education,BA_plus,LT_HS,18-29,2016,0.062514,0.057759,-0.051474,0.176503,4234
MEPS,sexFemale,sex,Sex,Female,Male,18-29,2017,-0.164125,0.036457,-0.235873,-0.092378,3715
MEPS,race_includehispBlack,race_includehisp,Race/Ethnicity,Black,White,18-29,2017,0.097393,0.051202,-0.003375,0.19816,3715
MEPS,race_includehispAIAN,race_includehisp,Race/Ethnicity,AIAN,White,18-29,2017,-0.783848,0.388806,-1.549034,-0.018662,3715
MEPS,race_includehispAsian,race_includehisp,Race/Ethnicity,Asian,White,18-29,2017,0.047623,0.066843,-0.083927,0.179172,3715
MEPS,race_includehispHispanic,race_includehisp,Race/Ethnicity,Hispanic,White,18-29,2017,-0.005865,0.042373,-0.089257,0.077527,3715
MEPS,race_includehispOther,race_includehisp,Race/Ethnicity,Other,White,18-29,2017,-0.029469,0.090939,-0.208441,0.149504,3715
MEPS,educ_3catHS_SomeColl,educ_3cat,Education,HS_SomeColl,LT_HS,18-29,2017,-0.010697,0.046318,-0.101851,0.080458,3715
MEPS,educ_3catBA_plus,educ_3cat,Education,BA_plus,LT_HS,18-29,2017,0.13852,0.052705,0.034795,0.242246,3715
MEPS,sexFemale,sex,Sex,Female,Male,18-29,2018,-0.132937,0.033547,-0.199295,-0.066578,3165
MEPS,race_includehispBlack,race_includehisp,Race/Ethnicity,Black,White,18-29,2018,0.062342,0.068654,-0.073462,0.198146,3165
MEPS,race_includehispAIAN,race_includehisp,Race/Ethnicity,AIAN,White,18-29,2018,-0.06889,0.33292,-0.727439,0.58966,3165
MEPS,race_includehispAsian,race_includehisp,Race/Ethnicity,Asian,White,18-29,2018,0.21286,0.074093,0.066296,0.359423,3165
MEPS,race_includehispHispanic,race_includehisp,Race/Ethnicity,Hispanic,White,18-29,2018,0.053184,0.052239,-0.050149,0.156517,3165
MEPS,race_includehispOther,race_includehisp,Race/Ethnicity,Other,White,18-29,2018,-0.210212,0.098345,-0.404749,-0.015675,3165
MEPS,educ_3catHS_SomeColl,educ_3cat,Education,HS_SomeColl,LT_HS,18-29,2018,-0.081894,0.046454,-0.173784,0.009996,3165
MEPS,educ_3catBA_plus,educ_3cat,Education,BA_plus,LT_HS,18-29,2018,0.095036,0.054118,-0.012013,0.202086,3165
MEPS,sexFemale,sex,Sex,Female,Male,18-29,2019,-0.154496,0.034215,-0.222048,-0.086945,2723
MEPS,race_includehispBlack,race_includehisp,Race/Ethnicity,Black,White,18-29,2019,0.075533,0.059696,-0.042328,0.193395,2723
MEPS,race_includehispAIAN,race_includehisp,Race/Ethnicity,AIAN,White,18-29,2019,-0.131104,0.328999,-0.780666,0.518458,2723
MEPS,race_includehispAsian,race_includehisp,Race/Ethnicity,Asian,White,18-29,2019,0.297572,0.09103,0.117845,0.477299,2723
MEPS,race_includehispHispanic,race_includehisp,Race/Ethnicity,Hispanic,White,18-29,2019,0.118867,0.06072,-0.001015,0.238749,2723
MEPS,race_includehispOther,race_includehisp,Race/Ethnicity,Other,White,18-29,2019,-0.192338,0.136163,-0.461173,0.076497,2723
MEPS,educ_3catHS_SomeColl,educ_3cat,Education,HS_SomeColl,LT_HS,18-29,2019,-0.176161,0.056361,-0.287437,-0.064885,2723
MEPS,educ_3catBA_plus,educ_3cat,Education,BA_plus,LT_HS,18-29,2019,-0.008715,0.05668,-0.120622,0.10319299999999999,2723
MEPS,sexFemale,sex,Sex,Female,Male,18-29,2020,-0.17954,0.054811,-0.287824,-0.071256,1721
MEPS,race_includehispBlack,race_includehisp,Race/Ethnicity,Black,White,18-29,2020,0.111267,0.076499,-0.039865,0.262398,1721
MEPS,race_includehispAIAN,race_includehisp,Race/Ethnicity,AIAN,White,18-29,2020,-0.466558,0.478997,-1.41286,0.479745,1721
MEPS,race_includehispAsian,race_includehisp,Race/Ethnicity,Asian,White,18-29,2020,0.176194,0.106441,-0.03409,0.386478,1721
MEPS,race_includehispHispanic,race_includehisp,Race/Ethnicity,Hispanic,White,18-29,2020,-0.056219,0.066184,-0.186971,0.074532,1721
MEPS,race_includehispOther,race_includehisp,Race/Ethnicity,Other,White,18-29,2020,-0.160903,0.15404,-0.465223,0.143417,1721
MEPS,educ_3catHS_SomeColl,educ_3cat,Education,HS_SomeColl,LT_HS,18-29,2020,-0.159956,0.067865,-0.294028,-0.025883,1721
MEPS,educ_3catBA_plus,educ_3cat,Education,BA_plus,LT_HS,18-29,2020,-0.105326,0.079338,-0.262064,0.051413,1721
MEPS,sexFemale,sex,Sex,Female,Male,18-29,2021,-0.222425,0.057089,-0.334942,-0.109907,1883
MEPS,race_includehispBlack,race_includehisp,Race/Ethnicity,Black,White,18-29,2021,0.085996,0.083805,-0.079176,0.251168,1883
MEPS,race_includehispAIAN,race_includehisp,Race/Ethnicity,AIAN,White,18-29,2021,-0.738899,0.525366,-1.774346,0.296548,1883
MEPS,race_includehispAsian,race_includehisp,Race/Ethnicity,Asian,White,18-29,2021,0.206086,0.105291,-0.001432,0.413604,1883
MEPS,race_includehispHispanic,race_includehisp,Race/Ethnicity,Hispanic,White,18-29,2021,0.055723,0.066512,-0.075366,0.186812,1883
MEPS,race_includehispOther,race_includehisp,Race/Ethnicity,Other,White,18-29,2021,0.009461,0.139685,-0.265845,0.284767,1883
MEPS,educ_3catHS_SomeColl,educ_3cat,Education,HS_SomeColl,LT_HS,18-29,2021,-0.142858,0.068987,-0.278826,-0.00689,1883
MEPS,educ_3catBA_plus,educ_3cat,Education,BA_plus,LT_HS,18-29,2021,-0.080079,0.074321,-0.22656,0.066401,1883
MEPS,sexFemale,sex,Sex,Female,Male,18-29,2022,-0.209971,0.064487,-0.337214,-0.082727,1209
MEPS,race_includehispBlack,race_includehisp,Race/Ethnicity,Black,White,18-29,2022,0.123027,0.09901,-0.072336,0.31839,1209
MEPS,race_includehispAIAN,race_includehisp,Race/Ethnicity,AIAN,White,18-29,2022,0.407739,0.399696,-0.380923,1.196401,1209
MEPS,race_includehispAsian,race_includehisp,Race/Ethnicity,Asian,White,18-29,2022,0.241586,0.134536,-0.023875,0.507048,1209
MEPS,race_includehispHispanic,race_includehisp,Race/Ethnicity,Hispanic,White,18-29,2022,0.135752,0.07743,-0.017029,0.288533,1209
MEPS,race_includehispOther,race_includehisp,Race/Ethnicity,Other,White,18-29,2022,0.393124,0.144278,0.108441,0.677808,1209
MEPS,educ_3catHS_SomeColl,educ_3cat,Education,HS_SomeColl,LT_HS,18-29,2022,-0.120742,0.089531,-0.297401,0.055917,1209
MEPS,educ_3catBA_plus,educ_3cat,Education,BA_plus,LT_HS,18-29,2022,-0.031521,0.101023,-0.230855,0.167814,1209
MEPS,sexFemale,sex,Sex,Female,Male,18-29,2023,-0.238818,0.071009,-0.379311,-0.098326,1057
MEPS,race_includehispBlack,race_includehisp,Race/Ethnicity,Black,White,18-29,2023,0.110615,0.120204,-0.127211,0.348442,1057
MEPS,race_includehispAIAN,race_includehisp,Race/Ethnicity,AIAN,White,18-29,2023,0.544922,0.321421,-0.091017,1.180861,1057
MEPS,race_includehispAsian,race_includehisp,Race/Ethnicity,Asian,White,18-29,2023,0.024479,0.12322,-0.219315,0.268273,1057
MEPS,race_includehispHispanic,race_includehisp,Race/Ethnicity,Hispanic,White,18-29,2023,0.126089,0.089884,-0.051748,0.303927,1057
MEPS,race_includehispOther,race_includehisp,Race/Ethnicity,Other,White,18-29,2023,-0.210643,0.170643,-0.548264,0.126978,1057
MEPS,educ_3catHS_SomeColl,educ_3cat,Education,HS_SomeColl,LT_HS,18-29,2023,-0.170825,0.113891,-0.39616,0.054511,1057
MEPS,educ_3catBA_plus,educ_3cat,Education,BA_plus,LT_HS,18-29,2023,-0.037539,0.109752,-0.254686,0.179607,1057
MEPS,sexFemale,sex,Sex,Female,Male,30-39,2000,-0.124598,0.031554,-0.18686,-0.062337,3167
MEPS,race_includehispBlack,race_includehisp,Race/Ethnicity,Black,White,30-39,2000,0.01629,0.057914,-0.097983,0.130564,3167
MEPS,race_includehispAIAN,race_includehisp,Race/Ethnicity,AIAN,White,30-39,2000,-0.464044,0.459584,-1.370875,0.442786,3167
MEPS,race_includehispAsian,race_includehisp,Race/Ethnicity,Asian,White,30-39,2000,-0.114845,0.102723,-0.317534,0.087844,3167
MEPS,race_includehispHispanic,race_includehisp,Race/Ethnicity,Hispanic,White,30-39,2000,-0.065756,0.052597,-0.169539,0.038027,3167
MEPS,educ_3catHS_SomeColl,educ_3cat,Education,HS_SomeColl,LT_HS,30-39,2000,0.396494,0.063995,0.270221,0.522767,3167
MEPS,educ_3catBA_plus,educ_3cat,Education,BA_plus,LT_HS,30-39,2000,0.730714,0.067733,0.597066,0.864363,3167
MEPS,sexFemale,sex,Sex,Female,Male,30-39,2001,-0.158525,0.028143,-0.213857,-0.103194,4080
MEPS,race_includehispBlack,race_includehisp,Race/Ethnicity,Black,White,30-39,2001,-0.037711,0.051503,-0.138969,0.063546,4080
MEPS,race_includehispAIAN,race_includehisp,Race/Ethnicity,AIAN,White,30-39,2001,0.037833,0.201769,-0.358858,0.434525,4080
MEPS,race_includehispAsian,race_includehisp,Race/Ethnicity,Asian,White,30-39,2001,-0.017562,0.083711,-0.182143,0.14702,4080
MEPS,race_includehispHispanic,race_includehisp,Race/Ethnicity,Hispanic,White,30-39,2001,-0.084697,0.05523,-0.193282,0.023888,4080
MEPS,educ_3catHS_SomeColl,educ_3cat,Education,HS_SomeColl,LT_HS,30-39,2001,0.326441,0.053895,0.220481,0.432402,4080
MEPS,educ_3catBA_plus,educ_3cat,Education,BA_plus,LT_HS,30-39,2001,0.624945,0.057234,0.512421,0.73747,4080
MEPS,sexFemale,sex,Sex,Female,Male,30-39,2002,-0.117914,0.029882,-0.176804,-0.059025,4760
MEPS,race_includehispBlack,race_includehisp,Race/Ethnicity,Black,White,30-39,2002,0.00542,0.04884,-0.090829,0.101668,4760
MEPS,race_includehispAIAN,race_includehisp,Race/Ethnicity,AIAN,White,30-39,2002,-0.132276,0.15878,-0.445184,0.180632,4760
MEPS,race_includehispAsian,race_includehisp,Race/Ethnicity,Asian,White,30-39,2002,-0.131271,0.080202,-0.289326,0.026783,4760
MEPS,race_includehispHispanic,race_includehisp,Race/Ethnicity,Hispanic,White,30-39,2002,-0.049815,0.046136,-0.140735,0.041105,4760
MEPS,race_includehispOther,race_includehisp,Race/Ethnicity,Other,White,30-39,2002,-0.276328,0.128178,-0.52893,-0.023726,4760
MEPS,educ_3catHS_SomeColl,educ_3cat,Education,HS_SomeColl,LT_HS,30-39,2002,0.316878,0.056396,0.205737,0.428018,4760
MEPS,educ_3catBA_plus,educ_3cat,Education,BA_plus,LT_HS,30-39,2002,0.58765,0.058809,0.471755,0.703545,4760
MEPS,sexFemale,sex,Sex,Female,Male,30-39,2003,-0.101329,0.029887,-0.16023,-0.042428,4037
MEPS,race_includehispBlack,race_includehisp,Race/Ethnicity,Black,White,30-39,2003,-0.070605,0.052757,-0.174576,0.033366,4037
MEPS,race_includehispAIAN,race_includehisp,Race/Ethnicity,AIAN,White,30-39,2003,-0.035346,0.269752,-0.566962,0.49627,4037
MEPS,race_includehispAsian,race_includehisp,Race/Ethnicity,Asian,White,30-39,2003,-0.071015,0.074896,-0.218615,0.076586,4037
MEPS,race_includehispHispanic,race_includehisp,Race/Ethnicity,Hispanic,White,30-39,2003,0.003195,0.049187,-0.09374,0.10013,4037
MEPS,race_includehispOther,race_includehisp,Race/Ethnicity,Other,White,30-39,2003,-0.288675,0.135277,-0.555273,-0.022076,4037
MEPS,educ_3catHS_SomeColl,educ_3cat,Education,HS_SomeColl,LT_HS,30-39,2003,0.203071,0.065268,0.074444,0.331698,4037
MEPS,educ_3catBA_plus,educ_3cat,Education,BA_plus,LT_HS,30-39,2003,0.489167,0.067947,0.35526,0.623074,4037
MEPS,sexFemale,sex,Sex,Female,Male,30-39,2004,-0.154274,0.033885,-0.221062,-0.087487,4088
MEPS,race_includehispBlack,race_includehisp,Race/Ethnicity,Black,White,30-39,2004,0.00701,0.060743,-0.112715,0.126735,4088
MEPS,race_includehispAIAN,race_includehisp,Race/Ethnicity,AIAN,White,30-39,2004,-0.594727,0.266018,-1.119051,-0.070404,4088
MEPS,race_includehispAsian,race_includehisp,Race/Ethnicity,Asian,White,30-39,2004,0.146297,0.062903,0.022315,0.270278,4088
MEPS,race_includehispHispanic,race_includehisp,Race/Ethnicity,Hispanic,White,30-39,2004,0.099933,0.051576,-0.001723,0.20159,4088
MEPS,race_includehispOther,race_includehisp,Race/Ethnicity,Other,White,30-39,2004,-0.343705,0.15544,-0.650079,-0.037331,4088
MEPS,educ_3catHS_SomeColl,educ_3cat,Education,HS_SomeColl,LT_HS,30-39,2004,0.288109,0.057677,0.174426,0.401792,4088
MEPS,educ_3catBA_plus,educ_3cat,Education,BA_plus,LT_HS,30-39,2004,0.61349,0.063213,0.488897,0.738084,4088
MEPS,sexFemale,sex,Sex,Female,Male,30-39,2005,-0.177016,0.03019,-0.236515,-0.117517,3938
MEPS,race_includehispBlack,race_includehisp,Race/Ethnicity,Black,White,30-39,2005,-0.087936,0.060071,-0.206326,0.030453,3938
MEPS,race_includehispAIAN,race_includehisp,Race/Ethnicity,AIAN,White,30-39,2005,0.181851,0.195807,-0.204046,0.567748,3938
MEPS,race_includehispAsian,race_includehisp,Race/Ethnicity,Asian,White,30-39,2005,0.02091,0.083939,-0.144517,0.186337,3938
MEPS,race_includehispHispanic,race_includehisp,Race/Ethnicity,Hispanic,White,30-39,2005,0.040631,0.050194,-0.058291,0.139553,3938
MEPS,race_includehispOther,race_includehisp,Race/Ethnicity,Other,White,30-39,2005,-0.152933,0.146409,-0.441476,0.135609,3938
MEPS,educ_3catHS_SomeColl,educ_3cat,Education,HS_SomeColl,LT_HS,30-39,2005,0.342867,0.059687,0.225235,0.460499,3938
MEPS,educ_3catBA_plus,educ_3cat,Education,BA_plus,LT_HS,30-39,2005,0.667315,0.06492,0.53937,0.795261,3938
MEPS,sexFemale,sex,Sex,Female,Male,30-39,2006,-0.076688,0.028987,-0.133809,-0.019566,3843
MEPS,race_includehispBlack,race_includehisp,Race/Ethnicity,Black,White,30-39,2006,-0.10015400000000001,0.048895,-0.196506,-0.003801,3843
MEPS,race_includehispAIAN,race_includehisp,Race/Ethnicity,AIAN,White,30-39,2006,-0.345746,0.213439,-0.766351,0.074858,3843
MEPS,race_includehispAsian,race_includehisp,Race/Ethnicity,Asian,White,30-39,2006,-0.05926,0.069742,-0.196695,0.078174,3843
MEPS,race_includehispHispanic,race_includehisp,Race/Ethnicity,Hispanic,White,30-39,2006,0.030194,0.050851,-0.070014,0.130402,3843
MEPS,race_includehispOther,race_includehisp,Race/Ethnicity,Other,White,30-39,2006,-0.116651,0.141047,-0.394599,0.161297,3843
MEPS,educ_3catHS_SomeColl,educ_3cat,Education,HS_SomeColl,LT_HS,30-39,2006,0.236918,0.06029,0.118111,0.355726,3843
MEPS,educ_3catBA_plus,educ_3cat,Education,BA_plus,LT_HS,30-39,2006,0.594125,0.065789,0.464481,0.723769,3843
MEPS,sexFemale,sex,Sex,Female,Male,30-39,2007,-0.140636,0.030484,-0.200595,-0.080676,3488
MEPS,race_includehispBlack,race_includehisp,Race/Ethnicity,Black,White,30-39,2007,-0.066146,0.051331,-0.16711,0.034818,3488
MEPS,race_includehispAIAN,race_includehisp,Race/Ethnicity,AIAN,White,30-39,2007,-0.52152,0.364005,-1.237484,0.194444,3488
MEPS,race_includehispAsian,race_includehisp,Race/Ethnicity,Asian,White,30-39,2007,0.062659,0.079157,-0.093035,0.218353,3488
MEPS,race_includehispHispanic,race_includehisp,Race/Ethnicity,Hispanic,White,30-39,2007,0.068354,0.049745,-0.029489,0.166197,3488
MEPS,race_includehispOther,race_includehisp,Race/Ethnicity,Other,White,30-39,2007,-0.204921,0.165859,-0.531151,0.121308,3488
MEPS,educ_3catHS_SomeColl,educ_3cat,Education,HS_SomeColl,LT_HS,30-39,2007,0.272941,0.064292,0.146484,0.399398,3488
MEPS,educ_3catBA_plus,educ_3cat,Education,BA_plus,LT_HS,30-39,2007,0.536474,0.065281,0.408073,0.664875,3488
MEPS,sexFemale,sex,Sex,Female,Male,30-39,2008,-0.134031,0.0367,-0.206443,-0.061619,3812
MEPS,race_includehispBlack,race_includehisp,Race/Ethnicity,Black,White,30-39,2008,-0.119507,0.052474,-0.223043,-0.015972,3812
MEPS,race_includehispAIAN,race_includehisp,Race/Ethnicity,AIAN,White,30-39,2008,-0.482734,0.407443,-1.286653,0.321186,3812
MEPS,race_includehispAsian,race_includehisp,Race/Ethnicity,Asian,White,30-39,2008,-0.018201,0.064699,-0.145858,0.109457,3812
MEPS,race_includehispHispanic,race_includehisp,Race/Ethnicity,Hispanic,White,30-39,2008,0.007259,0.052574,-0.096474,0.110992,3812
MEPS,race_includehispOther,race_includehisp,Race/Ethnicity,Other,White,30-39,2008,-0.043895000000000003,0.192796,-0.424297,0.336507,3812
MEPS,educ_3catHS_SomeColl,educ_3cat,Education,HS_SomeColl,LT_HS,30-39,2008,0.188439,0.056793,0.076382,0.300497,3812
MEPS,educ_3catBA_plus,educ_3cat,Education,BA_plus,LT_HS,30-39,2008,0.467207,0.057021,0.3547,0.579713,3812
MEPS,sexFemale,sex,Sex,Female,Male,30-39,2009,-0.136698,0.03413,-0.204028,-0.069368,4317
MEPS,race_includehispBlack,race_includehisp,Race/Ethnicity,Black,White,30-39,2009,-0.074988,0.048436,-0.170539,0.020563,4317
MEPS,race_includehispAIAN,race_includehisp,Race/Ethnicity,AIAN,White,30-39,2009,0.040623,0.147321,-0.250001,0.331247,4317
MEPS,race_includehispAsian,race_includehisp,Race/Ethnicity,Asian,White,30-39,2009,0.031373,0.057658,-0.08237,0.145117,4317
MEPS,race_includehispHispanic,race_includehisp,Race/Ethnicity,Hispanic,White,30-39,2009,0.040551,0.048107,-0.054351,0.135453,4317
MEPS,race_includehispOther,race_includehisp,Race/Ethnicity,Other,White,30-39,2009,0.006243,0.125902,-0.242128,0.254613,4317
MEPS,educ_3catHS_SomeColl,educ_3cat,Education,HS_SomeColl,LT_HS,30-39,2009,0.241779,0.058439,0.126495,0.357063,4317
MEPS,educ_3catBA_plus,educ_3cat,Education,BA_plus,LT_HS,30-39,2009,0.603482,0.065331,0.474602,0.732361,4317
MEPS,sexFemale,sex,Sex,Female,Male,30-39,2010,-0.025487,0.030192,-0.085057,0.034083,3808
MEPS,race_includehispBlack,race_includehisp,Race/Ethnicity,Black,White,30-39,2010,-0.067985,0.052205,-0.170987,0.035016,3808
MEPS,race_includehispAIAN,race_includehisp,Race/Ethnicity,AIAN,White,30-39,2010,-0.457133,0.180365,-0.812994,-0.101271,3808
MEPS,race_includehispAsian,race_includehisp,Race/Ethnicity,Asian,White,30-39,2010,0.067217,0.059706,-0.050583,0.185018,3808
MEPS,race_includehispHispanic,race_includehisp,Race/Ethnicity,Hispanic,White,30-39,2010,0.055157,0.050676,-0.044827,0.155142,3808
MEPS,race_includehispOther,race_includehisp,Race/Ethnicity,Other,White,30-39,2010,0.064232,0.185069,-0.300912,0.429376,3808
MEPS,educ_3catHS_SomeColl,educ_3cat,Education,HS_SomeColl,LT_HS,30-39,2010,0.211524,0.069502,0.074395,0.348653,3808
MEPS,educ_3catBA_plus,educ_3cat,Education,BA_plus,LT_HS,30-39,2010,0.534013,0.065701,0.404384,0.663641,3808
MEPS,sexFemale,sex,Sex,Female,Male,30-39,2011,-0.10547,0.035916,-0.176332,-0.034608,4075
MEPS,race_includehispBlack,race_includehisp,Race/Ethnicity,Black,White,30-39,2011,-0.105996,0.048186,-0.201067,-0.010924,4075
MEPS,race_includehispAIAN,race_includehisp,Race/Ethnicity,AIAN,White,30-39,2011,-0.302466,0.281586,-0.858039,0.253108,4075
MEPS,race_includehispAsian,race_includehisp,Race/Ethnicity,Asian,White,30-39,2011,0.083191,0.052091,-0.019586,0.185967,4075
MEPS,race_includehispHispanic,race_includehisp,Race/Ethnicity,Hispanic,White,30-39,2011,-0.035111,0.049331,-0.132441,0.062218999999999997,4075
MEPS,race_includehispOther,race_includehisp,Race/Ethnicity,Other,White,30-39,2011,-0.095087,0.162563,-0.415825,0.225651,4075
MEPS,educ_3catHS_SomeColl,educ_3cat,Education,HS_SomeColl,LT_HS,30-39,2011,0.219634,0.056208,0.108736,0.330532,4075
MEPS,educ_3catBA_plus,educ_3cat,Education,BA_plus,LT_HS,30-39,2011,0.55688,0.057157,0.444108,0.669651,4075
MEPS,sexFemale,sex,Sex,Female,Male,30-39,2012,-0.123305,0.032591,-0.187617,-0.058994,4660
MEPS,race_includehispBlack,race_includehisp,Race/Ethnicity,Black,White,30-39,2012,-0.069446,0.042754,-0.153812,0.014921,4660
MEPS,race_includehispAIAN,race_includehisp,Race/Ethnicity,AIAN,White,30-39,2012,-0.368435,0.291999,-0.944638,0.207768,4660
MEPS,race_includehispAsian,race_includehisp,Race/Ethnicity,Asian,White,30-39,2012,0.07219,0.067002,-0.060025,0.204405,4660
MEPS,race_includehispHispanic,race_includehisp,Race/Ethnicity,Hispanic,White,30-39,2012,0.014808,0.051265,-0.086352,0.115969,4660
MEPS,race_includehispOther,race_includehisp,Race/Ethnicity,Other,White,30-39,2012,-0.106032,0.187846,-0.47671,0.264646,4660
MEPS,educ_3catHS_SomeColl,educ_3cat,Education,HS_SomeColl,LT_HS,30-39,2012,0.121238,0.068069,-0.013083,0.255559,4660
MEPS,educ_3catBA_plus,educ_3cat,Education,BA_plus,LT_HS,30-39,2012,0.529244,0.0657,0.399598,0.658889,4660
MEPS,sexFemale,sex,Sex,Female,Male,30-39,2013,-0.117367,0.031491,-0.179512,-0.055221,4276
MEPS,race_includehispBlack,race_includehisp,Race/Ethnicity,Black,White,30-39,2013,-0.083434,0.048549,-0.179244,0.012376,4276
MEPS,race_includehispAIAN,race_includehisp,Race/Ethnicity,AIAN,White,30-39,2013,0.126308,0.177889,-0.224748,0.477364,4276
MEPS,race_includehispAsian,race_includehisp,Race/Ethnicity,Asian,White,30-39,2013,-0.02639,0.060711,-0.146201,0.09342,4276
MEPS,race_includehispHispanic,race_includehisp,Race/Ethnicity,Hispanic,White,30-39,2013,0.096888,0.050434,-0.002641,0.196418,4276
MEPS,race_includehispOther,race_includehisp,Race/Ethnicity,Other,White,30-39,2013,-0.339264,0.183026,-0.700459,0.021931,4276
MEPS,educ_3catHS_SomeColl,educ_3cat,Education,HS_SomeColl,LT_HS,30-39,2013,0.108808,0.062582,-0.014694,0.232311,4276
MEPS,educ_3catBA_plus,educ_3cat,Education,BA_plus,LT_HS,30-39,2013,0.506436,0.072236,0.363882,0.64899,4276
MEPS,sexFemale,sex,Sex,Female,Male,30-39,2014,-0.164248,0.031226,-0.225875,-0.102622,3952
MEPS,race_includehispBlack,race_includehisp,Race/Ethnicity,Black,White,30-39,2014,-0.069814,0.05769,-0.183667,0.044039,3952
MEPS,race_includehispAIAN,race_includehisp,Race/Ethnicity,AIAN,White,30-39,2014,-0.225918,0.293368,-0.80489,0.353054,3952
MEPS,race_includehispAsian,race_includehisp,Race/Ethnicity,Asian,White,30-39,2014,0.024529,0.070564,-0.114731,0.163789,3952
MEPS,race_includehispHispanic,race_includehisp,Race/Ethnicity,Hispanic,White,30-39,2014,0.004577,0.050494,-0.095074,0.104228,3952
MEPS,race_includehispOther,race_includehisp,Race/Ethnicity,Other,White,30-39,2014,-0.087456,0.113729,-0.311904,0.136993,3952
MEPS,educ_3catHS_SomeColl,educ_3cat,Education,HS_SomeColl,LT_HS,30-39,2014,0.19908,0.058042,0.084531,0.313628,3952
MEPS,educ_3catBA_plus,educ_3cat,Education,BA_plus,LT_HS,30-39,2014,0.518668,0.073162,0.37428,0.663055,3952
MEPS,sexFemale,sex,Sex,Female,Male,30-39,2015,-0.149449,0.0368,-0.222064,-0.076833,3966
MEPS,race_includehispBlack,race_includehisp,Race/Ethnicity,Black,White,30-39,2015,-0.027284,0.053669,-0.133186,0.078618,3966
MEPS,race_includehispAIAN,race_includehisp,Race/Ethnicity,AIAN,White,30-39,2015,-0.309756,0.400271,-1.099583,0.480072,3966
MEPS,race_includehispAsian,race_includehisp,Race/Ethnicity,Asian,White,30-39,2015,0.046917,0.068799,-0.088839,0.182673,3966
MEPS,race_includehispHispanic,race_includehisp,Race/Ethnicity,Hispanic,White,30-39,2015,0.030203,0.053755,-0.075867,0.136274,3966
MEPS,race_includehispOther,race_includehisp,Race/Ethnicity,Other,White,30-39,2015,-0.084454,0.096554,-0.274978,0.10607,3966
MEPS,educ_3catHS_SomeColl,educ_3cat,Education,HS_SomeColl,LT_HS,30-39,2015,0.115849,0.058244,9.2e-4,0.230779,3966
MEPS,educ_3catBA_plus,educ_3cat,Education,BA_plus,LT_HS,30-39,2015,0.393523,0.061986,0.27121,0.515836,3966
MEPS,sexFemale,sex,Sex,Female,Male,30-39,2016,-0.081532,0.035309,-0.1512,-0.011864,3857
MEPS,race_includehispBlack,race_includehisp,Race/Ethnicity,Black,White,30-39,2016,0.007424,0.057502,-0.106034,0.120881,3857
MEPS,race_includehispAIAN,race_includehisp,Race/Ethnicity,AIAN,White,30-39,2016,-0.350619,0.293115,-0.928959,0.227722,3857
MEPS,race_includehispAsian,race_includehisp,Race/Ethnicity,Asian,White,30-39,2016,0.12606,0.060477,0.006734,0.245385,3857
MEPS,race_includehispHispanic,race_includehisp,Race/Ethnicity,Hispanic,White,30-39,2016,0.084776,0.051432,-0.016704,0.186255,3857
MEPS,race_includehispOther,race_includehisp,Race/Ethnicity,Other,White,30-39,2016,-0.27473,0.09563,-0.463417,-0.086043,3857
MEPS,educ_3catHS_SomeColl,educ_3cat,Education,HS_SomeColl,LT_HS,30-39,2016,0.223334,0.06401,0.097037,0.349632,3857
MEPS,educ_3catBA_plus,educ_3cat,Education,BA_plus,LT_HS,30-39,2016,0.48377,0.071851,0.342003,0.625537,3857
MEPS,sexFemale,sex,Sex,Female,Male,30-39,2017,-0.150781,0.033117,-0.215958,-0.085604,3500
MEPS,race_includehispBlack,race_includehisp,Race/Ethnicity,Black,White,30-39,2017,-0.076489,0.05964,-0.193867,0.040888,3500
MEPS,race_includehispAIAN,race_includehisp,Race/Ethnicity,AIAN,White,30-39,2017,-0.22978,0.239092,-0.700335,0.240775,3500
MEPS,race_includehispAsian,race_includehisp,Race/Ethnicity,Asian,White,30-39,2017,0.187388,0.068673,0.052232,0.322544,3500
MEPS,race_includehispHispanic,race_includehisp,Race/Ethnicity,Hispanic,White,30-39,2017,-0.024557,0.052574,-0.128028,0.078915,3500
MEPS,race_includehispOther,race_includehisp,Race/Ethnicity,Other,White,30-39,2017,-0.16108,0.128056,-0.413106,0.090946,3500
MEPS,educ_3catHS_SomeColl,educ_3cat,Education,HS_SomeColl,LT_HS,30-39,2017,0.145402,0.072067,0.003568,0.287237,3500
MEPS,educ_3catBA_plus,educ_3cat,Education,BA_plus,LT_HS,30-39,2017,0.357229,0.069342,0.220757,0.493702,3500
MEPS,sexFemale,sex,Sex,Female,Male,30-39,2018,-0.076827,0.033082,-0.142267,-0.011386,3226
MEPS,race_includehispBlack,race_includehisp,Race/Ethnicity,Black,White,30-39,2018,-0.027115,0.061071,-0.147919,0.093688,3226
MEPS,race_includehispAIAN,race_includehisp,Race/Ethnicity,AIAN,White,30-39,2018,-0.062365,0.284538,-0.62521,0.50048,3226
MEPS,race_includehispAsian,race_includehisp,Race/Ethnicity,Asian,White,30-39,2018,0.159407,0.076522,0.008039,0.310774,3226
MEPS,race_includehispHispanic,race_includehisp,Race/Ethnicity,Hispanic,White,30-39,2018,0.05975,0.056426,-0.051867,0.171367,3226
MEPS,race_includehispOther,race_includehisp,Race/Ethnicity,Other,White,30-39,2018,-0.183462,0.118095,-0.417066,0.050142,3226
MEPS,educ_3catHS_SomeColl,educ_3cat,Education,HS_SomeColl,LT_HS,30-39,2018,0.049801,0.086003,-0.120321,0.219923,3226
MEPS,educ_3catBA_plus,educ_3cat,Education,BA_plus,LT_HS,30-39,2018,0.36902,0.077072,0.216565,0.521476,3226
MEPS,sexFemale,sex,Sex,Female,Male,30-39,2019,-0.033154,0.031462,-0.095268,0.028959,2779
MEPS,race_includehispBlack,race_includehisp,Race/Ethnicity,Black,White,30-39,2019,-0.038713,0.062807,-0.16271,0.085285,2779
MEPS,race_includehispAIAN,race_includehisp,Race/Ethnicity,AIAN,White,30-39,2019,-0.123987,0.350911,-0.816781,0.568808,2779
MEPS,race_includehispAsian,race_includehisp,Race/Ethnicity,Asian,White,30-39,2019,0.132225,0.073469,-0.012823,0.277274,2779
MEPS,race_includehispHispanic,race_includehisp,Race/Ethnicity,Hispanic,White,30-39,2019,0.13981,0.053847,0.033502,0.246118,2779
MEPS,race_includehispOther,race_includehisp,Race/Ethnicity,Other,White,30-39,2019,-0.281383,0.145405,-0.568451,0.005686,2779
MEPS,educ_3catHS_SomeColl,educ_3cat,Education,HS_SomeColl,LT_HS,30-39,2019,0.154861,0.101195,-0.044926,0.354648,2779
MEPS,educ_3catBA_plus,educ_3cat,Education,BA_plus,LT_HS,30-39,2019,0.475069,0.094989,0.287535,0.662604,2779
MEPS,sexFemale,sex,Sex,Female,Male,30-39,2020,-0.166761,0.043141,-0.251956,-0.081567,1992
MEPS,race_includehispBlack,race_includehisp,Race/Ethnicity,Black,White,30-39,2020,0.062233,0.082274,-0.100243,0.224709,1992
MEPS,race_includehispAIAN,race_includehisp,Race/Ethnicity,AIAN,White,30-39,2020,-1.262631,0.123457,-1.506436,-1.018826,1992
MEPS,race_includehispAsian,race_includehisp,Race/Ethnicity,Asian,White,30-39,2020,0.249289,0.080085,0.091137,0.407441,1992
MEPS,race_includehispHispanic,race_includehisp,Race/Ethnicity,Hispanic,White,30-39,2020,0.092998,0.058378,-0.022287,0.208283,1992
MEPS,race_includehispOther,race_includehisp,Race/Ethnicity,Other,White,30-39,2020,0.022807,0.154053,-0.281419,0.327032,1992
MEPS,educ_3catHS_SomeColl,educ_3cat,Education,HS_SomeColl,LT_HS,30-39,2020,0.036702,0.095808,-0.152501,0.225905,1992
MEPS,educ_3catBA_plus,educ_3cat,Education,BA_plus,LT_HS,30-39,2020,0.3543,0.096804,0.163131,0.54547,1992
MEPS,sexFemale,sex,Sex,Female,Male,30-39,2021,-0.023441,0.046286,-0.114671,0.06779,2079
MEPS,race_includehispBlack,race_includehisp,Race/Ethnicity,Black,White,30-39,2021,0.039685,0.094251,-0.146084,0.225453,2079
MEPS,race_includehispAIAN,race_includehisp,Race/Ethnicity,AIAN,White,30-39,2021,-0.506537,0.444448,-1.382547,0.369473,2079
MEPS,race_includehispAsian,race_includehisp,Race/Ethnicity,Asian,White,30-39,2021,0.229113,0.078689,0.074017,0.384209,2079
MEPS,race_includehispHispanic,race_includehisp,Race/Ethnicity,Hispanic,White,30-39,2021,0.103494,0.064579,-0.023792,0.23078,2079
MEPS,race_includehispOther,race_includehisp,Race/Ethnicity,Other,White,30-39,2021,-0.267747,0.127163,-0.518386,-0.017108,2079
MEPS,educ_3catHS_SomeColl,educ_3cat,Education,HS_SomeColl,LT_HS,30-39,2021,0.02977,0.099357,-0.166064,0.225603,2079
MEPS,educ_3catBA_plus,educ_3cat,Education,BA_plus,LT_HS,30-39,2021,0.264773,0.096267,0.075031,0.454515,2079
MEPS,sexFemale,sex,Sex,Female,Male,30-39,2022,-0.092872,0.056805,-0.204965,0.019222,1495
MEPS,race_includehispBlack,race_includehisp,Race/Ethnicity,Black,White,30-39,2022,-0.026672,0.122272,-0.267953,0.214609,1495
MEPS,race_includehispAIAN,race_includehisp,Race/Ethnicity,AIAN,White,30-39,2022,-0.945795,0.334668,-1.606198,-0.285392,1495
MEPS,race_includehispAsian,race_includehisp,Race/Ethnicity,Asian,White,30-39,2022,0.179684,0.085468,0.011029,0.34834,1495
MEPS,race_includehispHispanic,race_includehisp,Race/Ethnicity,Hispanic,White,30-39,2022,0.218875,0.085134,0.050879,0.386872,1495
MEPS,race_includehispOther,race_includehisp,Race/Ethnicity,Other,White,30-39,2022,-0.002206,0.189801,-0.376741,0.372329,1495
MEPS,educ_3catHS_SomeColl,educ_3cat,Education,HS_SomeColl,LT_HS,30-39,2022,0.031998,0.111603,-0.188229,0.252225,1495
MEPS,educ_3catBA_plus,educ_3cat,Education,BA_plus,LT_HS,30-39,2022,0.383235,0.110699,0.164792,0.601678,1495
MEPS,sexFemale,sex,Sex,Female,Male,30-39,2023,-0.011511,0.055747,-0.121768,0.098746,1362
MEPS,race_includehispBlack,race_includehisp,Race/Ethnicity,Black,White,30-39,2023,0.086125,0.080062,-0.072224,0.244474,1362
MEPS,race_includehispAIAN,race_includehisp,Race/Ethnicity,AIAN,White,30-39,2023,0.364293,0.315757,-0.26022,0.988806,1362
MEPS,race_includehispAsian,race_includehisp,Race/Ethnicity,Asian,White,30-39,2023,0.020982,0.115838,-0.208125,0.250088,1362
MEPS,race_includehispHispanic,race_includehisp,Race/Ethnicity,Hispanic,White,30-39,2023,0.146322,0.080968,-0.013818,0.306462,1362
MEPS,race_includehispOther,race_includehisp,Race/Ethnicity,Other,White,30-39,2023,-0.252062,0.302242,-0.849844,0.345719,1362
MEPS,educ_3catHS_SomeColl,educ_3cat,Education,HS_SomeColl,LT_HS,30-39,2023,0.036765,0.153579,-0.266988,0.340517,1362
MEPS,educ_3catBA_plus,educ_3cat,Education,BA_plus,LT_HS,30-39,2023,0.229036,0.152273,-0.072135,0.530206,1362
MEPS,sexFemale,sex,Sex,Female,Male,40-49,2000,-0.061526,0.032335,-0.125331,0.002279,3190
MEPS,race_includehispBlack,race_includehisp,Race/Ethnicity,Black,White,40-49,2000,-0.150322,0.077146,-0.30255,0.001906,3190
MEPS,race_includehispAIAN,race_includehisp,Race/Ethnicity,AIAN,White,40-49,2000,-0.273352,0.249108,-0.764899,0.218194,3190
MEPS,race_includehispAsian,race_includehisp,Race/Ethnicity,Asian,White,40-49,2000,-0.122037,0.153727,-0.425375,0.181301,3190
MEPS,race_includehispHispanic,race_includehisp,Race/Ethnicity,Hispanic,White,40-49,2000,-0.163097,0.060211,-0.281906,-0.044288,3190
MEPS,educ_3catHS_SomeColl,educ_3cat,Education,HS_SomeColl,LT_HS,40-49,2000,0.376502,0.076572,0.225407,0.527597,3190
MEPS,educ_3catBA_plus,educ_3cat,Education,BA_plus,LT_HS,40-49,2000,0.764257,0.086332,0.593904,0.934611,3190
MEPS,sexFemale,sex,Sex,Female,Male,40-49,2001,-0.137764,0.02922,-0.19521,-0.080318,4332
MEPS,race_includehispBlack,race_includehisp,Race/Ethnicity,Black,White,40-49,2001,-0.157163,0.05422,-0.263758,-0.050569,4332
MEPS,race_includehispAIAN,race_includehisp,Race/Ethnicity,AIAN,White,40-49,2001,-0.790866,0.186158,-1.156845,-0.424888,4332
MEPS,race_includehispAsian,race_includehisp,Race/Ethnicity,Asian,White,40-49,2001,-0.246868,0.104188,-0.451697,-0.042038,4332
MEPS,race_includehispHispanic,race_includehisp,Race/Ethnicity,Hispanic,White,40-49,2001,-0.153892,0.049572,-0.251349,-0.056435,4332
MEPS,educ_3catHS_SomeColl,educ_3cat,Education,HS_SomeColl,LT_HS,40-49,2001,0.377039,0.062436,0.254293,0.499785,4332
MEPS,educ_3catBA_plus,educ_3cat,Education,BA_plus,LT_HS,40-49,2001,0.740109,0.063097,0.616063,0.864156,4332
MEPS,sexFemale,sex,Sex,Female,Male,40-49,2002,-0.061395,0.029342,-0.119209,-0.00358,4967
MEPS,race_includehispBlack,race_includehisp,Race/Ethnicity,Black,White,40-49,2002,-0.143537,0.047142,-0.236423,-0.05065,4967
MEPS,race_includehispAIAN,race_includehisp,Race/Ethnicity,AIAN,White,40-49,2002,-0.310845,0.13911,-0.584944,-0.036746,4967
MEPS,race_includehispAsian,race_includehisp,Race/Ethnicity,Asian,White,40-49,2002,-0.186281,0.087961,-0.359598,-0.012964,4967
MEPS,race_includehispHispanic,race_includehisp,Race/Ethnicity,Hispanic,White,40-49,2002,-0.04613,0.053697,-0.151933,0.059672,4967
MEPS,race_includehispOther,race_includehisp,Race/Ethnicity,Other,White,40-49,2002,-0.246968,0.157806,-0.557905,0.06397,4967
MEPS,educ_3catHS_SomeColl,educ_3cat,Education,HS_SomeColl,LT_HS,40-49,2002,0.381907,0.058943,0.265766,0.498048,4967
MEPS,educ_3catBA_plus,educ_3cat,Education,BA_plus,LT_HS,40-49,2002,0.702302,0.066386,0.571496,0.833107,4967
MEPS,sexFemale,sex,Sex,Female,Male,40-49,2003,-0.049468,0.03055,-0.109672,0.010737,4224
MEPS,race_includehispBlack,race_includehisp,Race/Ethnicity,Black,White,40-49,2003,-0.1709,0.053292,-0.27592,-0.06588,4224
MEPS,race_includehispAIAN,race_includehisp,Race/Ethnicity,AIAN,White,40-49,2003,-0.402112,0.163115,-0.723557,-0.080667,4224
MEPS,race_includehispAsian,race_includehisp,Race/Ethnicity,Asian,White,40-49,2003,-0.085688,0.078741,-0.240859,0.069483,4224
MEPS,race_includehispHispanic,race_includehisp,Race/Ethnicity,Hispanic,White,40-49,2003,-0.087616,0.052876,-0.191816,0.016584,4224
MEPS,race_includehispOther,race_includehisp,Race/Ethnicity,Other,White,40-49,2003,-0.457976,0.145253,-0.744221,-0.171731,4224
MEPS,educ_3catHS_SomeColl,educ_3cat,Education,HS_SomeColl,LT_HS,40-49,2003,0.364878,0.057303,0.251953,0.477803,4224
MEPS,educ_3catBA_plus,educ_3cat,Education,BA_plus,LT_HS,40-49,2003,0.737894,0.063414,0.612926,0.862862,4224
MEPS,sexFemale,sex,Sex,Female,Male,40-49,2004,-0.061926,0.031237,-0.123483,-3.69e-4,4169
MEPS,race_includehispBlack,race_includehisp,Race/Ethnicity,Black,White,40-49,2004,-0.177851,0.046179,-0.268855,-0.086847,4169
MEPS,race_includehispAIAN,race_includehisp,Race/Ethnicity,AIAN,White,40-49,2004,-0.665698,0.188609,-1.037383,-0.294014,4169
MEPS,race_includehispAsian,race_includehisp,Race/Ethnicity,Asian,White,40-49,2004,0.079694,0.082174,-0.082243,0.241631,4169
MEPS,race_includehispHispanic,race_includehisp,Race/Ethnicity,Hispanic,White,40-49,2004,-0.072793,0.055482,-0.18213,0.036544,4169
MEPS,race_includehispOther,race_includehisp,Race/Ethnicity,Other,White,40-49,2004,-0.479452,0.12988,-0.735402,-0.223502,4169
MEPS,educ_3catHS_SomeColl,educ_3cat,Education,HS_SomeColl,LT_HS,40-49,2004,0.330954,0.063728,0.205369,0.45654,4169
MEPS,educ_3catBA_plus,educ_3cat,Education,BA_plus,LT_HS,40-49,2004,0.740172,0.060058,0.621819,0.858526,4169
MEPS,sexFemale,sex,Sex,Female,Male,40-49,2005,-0.104055,0.03355,-0.170171,-0.037939,4090
MEPS,race_includehispBlack,race_includehisp,Race/Ethnicity,Black,White,40-49,2005,-0.164836,0.050884,-0.265111,-0.064561,4090
MEPS,race_includehispAIAN,race_includehisp,Race/Ethnicity,AIAN,White,40-49,2005,-0.934216,0.327244,-1.579102,-0.28933,4090
MEPS,race_includehispAsian,race_includehisp,Race/Ethnicity,Asian,White,40-49,2005,0.068459,0.094685,-0.118133,0.25505100000000003,4090
MEPS,race_includehispHispanic,race_includehisp,Race/Ethnicity,Hispanic,White,40-49,2005,-0.051426,0.060415,-0.170483,0.067631,4090
MEPS,race_includehispOther,race_includehisp,Race/Ethnicity,Other,White,40-49,2005,-0.586566,0.142819,-0.868013,-0.305118,4090
MEPS,educ_3catHS_SomeColl,educ_3cat,Education,HS_SomeColl,LT_HS,40-49,2005,0.266327,0.064433,0.139353,0.393302,4090
MEPS,educ_3catBA_plus,educ_3cat,Education,BA_plus,LT_HS,40-49,2005,0.68183,0.066087,0.551595,0.812065,4090
MEPS,sexFemale,sex,Sex,Female,Male,40-49,2006,-0.116344,0.03315,-0.18168,-0.051008,4091
MEPS,race_includehispBlack,race_includehisp,Race/Ethnicity,Black,White,40-49,2006,-0.179288,0.05369,-0.285105,-0.07347,4091
MEPS,race_includehispAIAN,race_includehisp,Race/Ethnicity,AIAN,White,40-49,2006,-0.553069,0.343703,-1.230475,0.124336,4091
MEPS,race_includehispAsian,race_includehisp,Race/Ethnicity,Asian,White,40-49,2006,-0.032005,0.098927,-0.226981,0.162971,4091
MEPS,race_includehispHispanic,race_includehisp,Race/Ethnicity,Hispanic,White,40-49,2006,-0.129179,0.056674,-0.240878,-0.01748,4091
MEPS,race_includehispOther,race_includehisp,Race/Ethnicity,Other,White,40-49,2006,-0.325612,0.167485,-0.655708,0.004484,4091
MEPS,educ_3catHS_SomeColl,educ_3cat,Education,HS_SomeColl,LT_HS,40-49,2006,0.245182,0.063449,0.120129,0.370235,4091
MEPS,educ_3catBA_plus,educ_3cat,Education,BA_plus,LT_HS,40-49,2006,0.620218,0.07152,0.47926,0.761176,4091
MEPS,sexFemale,sex,Sex,Female,Male,40-49,2007,-0.102689,0.034333,-0.170219,-0.035158,3650
MEPS,race_includehispBlack,race_includehisp,Race/Ethnicity,Black,White,40-49,2007,-0.11354,0.060217,-0.231985,0.004905,3650
MEPS,race_includehispAIAN,race_includehisp,Race/Ethnicity,AIAN,White,40-49,2007,-0.358884,0.377963,-1.102324,0.384556,3650
MEPS,race_includehispAsian,race_includehisp,Race/Ethnicity,Asian,White,40-49,2007,-0.01382,0.086525,-0.184012,0.156372,3650
MEPS,race_includehispHispanic,race_includehisp,Race/Ethnicity,Hispanic,White,40-49,2007,-0.002562,0.055531,-0.111789,0.106666,3650
MEPS,race_includehispOther,race_includehisp,Race/Ethnicity,Other,White,40-49,2007,-0.0675,0.183205,-0.427857,0.292857,3650
MEPS,educ_3catHS_SomeColl,educ_3cat,Education,HS_SomeColl,LT_HS,40-49,2007,0.372406,0.066174,0.242244,0.502568,3650
MEPS,educ_3catBA_plus,educ_3cat,Education,BA_plus,LT_HS,40-49,2007,0.698442,0.070287,0.56019,0.836693,3650
MEPS,sexFemale,sex,Sex,Female,Male,40-49,2008,-0.070512,0.034387,-0.138361,-0.002663,3909
MEPS,race_includehispBlack,race_includehisp,Race/Ethnicity,Black,White,40-49,2008,-0.071955,0.056645,-0.18372,0.03981,3909
MEPS,race_includehispAIAN,race_includehisp,Race/Ethnicity,AIAN,White,40-49,2008,-0.63576,0.247027,-1.123165,-0.148356,3909
MEPS,race_includehispAsian,race_includehisp,Race/Ethnicity,Asian,White,40-49,2008,0.01052,0.090452,-0.167949,0.188989,3909
MEPS,race_includehispHispanic,race_includehisp,Race/Ethnicity,Hispanic,White,40-49,2008,0.055237,0.051252,-0.045888,0.156361,3909
MEPS,race_includehispOther,race_includehisp,Race/Ethnicity,Other,White,40-49,2008,-0.34749,0.164186,-0.671443,-0.023536,3909
MEPS,educ_3catHS_SomeColl,educ_3cat,Education,HS_SomeColl,LT_HS,40-49,2008,0.492407,0.060328,0.373374,0.611439,3909
MEPS,educ_3catBA_plus,educ_3cat,Education,BA_plus,LT_HS,40-49,2008,0.781828,0.064947,0.653683,0.909973,3909
MEPS,sexFemale,sex,Sex,Female,Male,40-49,2009,-0.068514,0.035565,-0.138674,0.001647,4394
MEPS,race_includehispBlack,race_includehisp,Race/Ethnicity,Black,White,40-49,2009,-0.129211,0.047335,-0.222591,-0.035831,4394
MEPS,race_includehispAIAN,race_includehisp,Race/Ethnicity,AIAN,White,40-49,2009,-0.47387,0.233112,-0.933737,-0.014003,4394
MEPS,race_includehispAsian,race_includehisp,Race/Ethnicity,Asian,White,40-49,2009,0.071444,0.07954,-0.085466,0.228355,4394
MEPS,race_includehispHispanic,race_includehisp,Race/Ethnicity,Hispanic,White,40-49,2009,-0.089159,0.055164,-0.197984,0.019665,4394
MEPS,race_includehispOther,race_includehisp,Race/Ethnicity,Other,White,40-49,2009,-0.2694,0.162074,-0.589129,0.050329,4394
MEPS,educ_3catHS_SomeColl,educ_3cat,Education,HS_SomeColl,LT_HS,40-49,2009,0.304087,0.058196,0.189281,0.418892,4394
MEPS,educ_3catBA_plus,educ_3cat,Education,BA_plus,LT_HS,40-49,2009,0.615089,0.062166,0.492453,0.737725,4394
MEPS,sexFemale,sex,Sex,Female,Male,40-49,2010,-0.075268,0.033854,-0.142055,-0.00848,3845
MEPS,race_includehispBlack,race_includehisp,Race/Ethnicity,Black,White,40-49,2010,-0.161441,0.045634,-0.251468,-0.071413,3845
MEPS,race_includehispAIAN,race_includehisp,Race/Ethnicity,AIAN,White,40-49,2010,-0.275298,0.217785,-0.704944,0.154348,3845
MEPS,race_includehispAsian,race_includehisp,Race/Ethnicity,Asian,White,40-49,2010,0.053417,0.069379,-0.083454,0.190288,3845
MEPS,race_includehispHispanic,race_includehisp,Race/Ethnicity,Hispanic,White,40-49,2010,0.00885,0.059608,-0.108745,0.126445,3845
MEPS,race_includehispOther,race_includehisp,Race/Ethnicity,Other,White,40-49,2010,-0.265,0.133621,-0.528607,-0.001392,3845
MEPS,educ_3catHS_SomeColl,educ_3cat,Education,HS_SomeColl,LT_HS,40-49,2010,0.337935,0.052556,0.234253,0.441617,3845
MEPS,educ_3catBA_plus,educ_3cat,Education,BA_plus,LT_HS,40-49,2010,0.725079,0.05762,0.611406,0.838752,3845
MEPS,sexFemale,sex,Sex,Female,Male,40-49,2011,-0.083398,0.034577,-0.151619,-0.015177,3994
MEPS,race_includehispBlack,race_includehisp,Race/Ethnicity,Black,White,40-49,2011,-0.04072,0.051063,-0.141467,0.060027,3994
MEPS,race_includehispAIAN,race_includehisp,Race/Ethnicity,AIAN,White,40-49,2011,-0.496564,0.220547,-0.931705,-0.061422,3994
MEPS,race_includehispAsian,race_includehisp,Race/Ethnicity,Asian,White,40-49,2011,0.063125,0.058312,-0.051925,0.178175,3994
MEPS,race_includehispHispanic,race_includehisp,Race/Ethnicity,Hispanic,White,40-49,2011,0.026197,0.047645,-0.067807,0.1202,3994
MEPS,race_includehispOther,race_includehisp,Race/Ethnicity,Other,White,40-49,2011,-0.430555,0.143256,-0.713201,-0.147909,3994
MEPS,educ_3catHS_SomeColl,educ_3cat,Education,HS_SomeColl,LT_HS,40-49,2011,0.36916,0.060299,0.250189,0.488131,3994
MEPS,educ_3catBA_plus,educ_3cat,Education,BA_plus,LT_HS,40-49,2011,0.739994,0.061494,0.618666,0.861322,3994
MEPS,sexFemale,sex,Sex,Female,Male,40-49,2012,-0.093314,0.034269,-0.160935,-0.025693,4412
MEPS,race_includehispBlack,race_includehisp,Race/Ethnicity,Black,White,40-49,2012,-0.019867,0.055716,-0.129806,0.090073,4412
MEPS,race_includehispAIAN,race_includehisp,Race/Ethnicity,AIAN,White,40-49,2012,-0.235114,0.156684,-0.544288,0.07406,4412
MEPS,race_includehispAsian,race_includehisp,Race/Ethnicity,Asian,White,40-49,2012,0.067468,0.062278,-0.055421,0.190357,4412
MEPS,race_includehispHispanic,race_includehisp,Race/Ethnicity,Hispanic,White,40-49,2012,0.003042,0.047613,-0.090909,0.096992,4412
MEPS,race_includehispOther,race_includehisp,Race/Ethnicity,Other,White,40-49,2012,-0.105641,0.173796,-0.448581,0.237299,4412
MEPS,educ_3catHS_SomeColl,educ_3cat,Education,HS_SomeColl,LT_HS,40-49,2012,0.345798,0.063908,0.219693,0.471902,4412
MEPS,educ_3catBA_plus,educ_3cat,Education,BA_plus,LT_HS,40-49,2012,0.717155,0.066516,0.585904,0.848407,4412
MEPS,sexFemale,sex,Sex,Female,Male,40-49,2013,-0.03987,0.035465000000000003,-0.109851,0.030111,4024
MEPS,race_includehispBlack,race_includehisp,Race/Ethnicity,Black,White,40-49,2013,-0.079991,0.047685,-0.174085,0.014103,4024
MEPS,race_includehispAIAN,race_includehisp,Race/Ethnicity,AIAN,White,40-49,2013,-0.278605,0.134279,-0.543569,-0.013641,4024
MEPS,race_includehispAsian,race_includehisp,Race/Ethnicity,Asian,White,40-49,2013,0.148802,0.062597,0.025283,0.27232,4024
MEPS,race_includehispHispanic,race_includehisp,Race/Ethnicity,Hispanic,White,40-49,2013,0.011485,0.043813,-0.074969,0.09794,4024
MEPS,race_includehispOther,race_includehisp,Race/Ethnicity,Other,White,40-49,2013,-0.060681,0.14737,-0.351475,0.230114,4024
MEPS,educ_3catHS_SomeColl,educ_3cat,Education,HS_SomeColl,LT_HS,40-49,2013,0.369751,0.059459,0.252426,0.487077,4024
MEPS,educ_3catBA_plus,educ_3cat,Education,BA_plus,LT_HS,40-49,2013,0.70863,0.064885,0.580596,0.836663,4024
MEPS,sexFemale,sex,Sex,Female,Male,40-49,2014,-0.078792,0.036648,-0.151102,-0.006483,3564
MEPS,race_includehispBlack,race_includehisp,Race/Ethnicity,Black,White,40-49,2014,-0.104422,0.057213,-0.217309,0.008465,3564
MEPS,race_includehispAIAN,race_includehisp,Race/Ethnicity,AIAN,White,40-49,2014,0.201415,0.351505,-0.492134,0.894964,3564
MEPS,race_includehispAsian,race_includehisp,Race/Ethnicity,Asian,White,40-49,2014,0.059727,0.068194,-0.074826,0.19428,3564
MEPS,race_includehispHispanic,race_includehisp,Race/Ethnicity,Hispanic,White,40-49,2014,0.00905,0.058788,-0.106945,0.125044,3564
MEPS,race_includehispOther,race_includehisp,Race/Ethnicity,Other,White,40-49,2014,0.163777,0.141069,-0.114564,0.442117,3564
MEPS,educ_3catHS_SomeColl,educ_3cat,Education,HS_SomeColl,LT_HS,40-49,2014,0.263823,0.069339,0.127012,0.400634,3564
MEPS,educ_3catBA_plus,educ_3cat,Education,BA_plus,LT_HS,40-49,2014,0.630108,0.078065,0.47608,0.784137,3564
MEPS,sexFemale,sex,Sex,Female,Male,40-49,2015,-0.095231,0.034182,-0.16267,-0.027791,3631
MEPS,race_includehispBlack,race_includehisp,Race/Ethnicity,Black,White,40-49,2015,-0.074808,0.061135,-0.195424,0.045808,3631
MEPS,race_includehispAIAN,race_includehisp,Race/Ethnicity,AIAN,White,40-49,2015,0.167206,0.236696,-0.299781,0.634194,3631
MEPS,race_includehispAsian,race_includehisp,Race/Ethnicity,Asian,White,40-49,2015,0.04993,0.079079,-0.106087,0.205948,3631
MEPS,race_includehispHispanic,race_includehisp,Race/Ethnicity,Hispanic,White,40-49,2015,0.036693,0.054712,-0.07125,0.144636,3631
MEPS,race_includehispOther,race_includehisp,Race/Ethnicity,Other,White,40-49,2015,-0.306654,0.136718,-0.57639,-0.036919,3631
MEPS,educ_3catHS_SomeColl,educ_3cat,Education,HS_SomeColl,LT_HS,40-49,2015,0.28319,0.066101,0.152777,0.413603,3631
MEPS,educ_3catBA_plus,educ_3cat,Education,BA_plus,LT_HS,40-49,2015,0.65273,0.06588,0.522752,0.782707,3631
MEPS,sexFemale,sex,Sex,Female,Male,40-49,2016,-0.105481,0.040693,-0.185769,-0.025193,3684
MEPS,race_includehispBlack,race_includehisp,Race/Ethnicity,Black,White,40-49,2016,-0.065109,0.056642,-0.176865,0.046647,3684
MEPS,race_includehispAIAN,race_includehisp,Race/Ethnicity,AIAN,White,40-49,2016,-0.171653,0.229146,-0.623761,0.280455,3684
MEPS,race_includehispAsian,race_includehisp,Race/Ethnicity,Asian,White,40-49,2016,0.090407,0.076253,-0.06004,0.240855,3684
MEPS,race_includehispHispanic,race_includehisp,Race/Ethnicity,Hispanic,White,40-49,2016,0.046954,0.050382,-0.052449,0.146358,3684
MEPS,race_includehispOther,race_includehisp,Race/Ethnicity,Other,White,40-49,2016,-0.313611,0.11989,-0.550156,-0.077066,3684
MEPS,educ_3catHS_SomeColl,educ_3cat,Education,HS_SomeColl,LT_HS,40-49,2016,0.348905,0.070205,0.210391,0.48742,3684
MEPS,educ_3catBA_plus,educ_3cat,Education,BA_plus,LT_HS,40-49,2016,0.667067,0.067588,0.533715,0.800418,3684
MEPS,sexFemale,sex,Sex,Female,Male,40-49,2017,-0.153803,0.035854,-0.22436,-0.083246,3368
MEPS,race_includehispBlack,race_includehisp,Race/Ethnicity,Black,White,40-49,2017,0.006217,0.06028,-0.112408,0.124843,3368
MEPS,race_includehispAIAN,race_includehisp,Race/Ethnicity,AIAN,White,40-49,2017,-0.556061,0.391917,-1.327316,0.215194,3368
MEPS,race_includehispAsian,race_includehisp,Race/Ethnicity,Asian,White,40-49,2017,0.209775,0.069152,0.073689,0.34586,3368
MEPS,race_includehispHispanic,race_includehisp,Race/Ethnicity,Hispanic,White,40-49,2017,0.035925,0.05634,-0.074947,0.146797,3368
MEPS,race_includehispOther,race_includehisp,Race/Ethnicity,Other,White,40-49,2017,-0.222683,0.144719,-0.507476,0.06211,3368
MEPS,educ_3catHS_SomeColl,educ_3cat,Education,HS_SomeColl,LT_HS,40-49,2017,0.341743,0.068818,0.206315,0.477171,3368
MEPS,educ_3catBA_plus,educ_3cat,Education,BA_plus,LT_HS,40-49,2017,0.590296,0.070497,0.451564,0.729028,3368
MEPS,sexFemale,sex,Sex,Female,Male,40-49,2018,-0.123984,0.03339,-0.190038,-0.05793,2933
MEPS,race_includehispBlack,race_includehisp,Race/Ethnicity,Black,White,40-49,2018,-0.095281,0.057769,-0.209562,0.019,2933
MEPS,race_includehispAIAN,race_includehisp,Race/Ethnicity,AIAN,White,40-49,2018,-0.39049,0.21922,-0.82416,0.04318,2933
MEPS,race_includehispAsian,race_includehisp,Race/Ethnicity,Asian,White,40-49,2018,0.106119,0.084124,-0.060299,0.272536,2933
MEPS,race_includehispHispanic,race_includehisp,Race/Ethnicity,Hispanic,White,40-49,2018,0.037796,0.052867,-0.066788,0.142379,2933
MEPS,race_includehispOther,race_includehisp,Race/Ethnicity,Other,White,40-49,2018,-0.188377,0.112024,-0.409988,0.033235,2933
MEPS,educ_3catHS_SomeColl,educ_3cat,Education,HS_SomeColl,LT_HS,40-49,2018,0.227139,0.074453,0.079853,0.374425,2933
MEPS,educ_3catBA_plus,educ_3cat,Education,BA_plus,LT_HS,40-49,2018,0.508901,0.081042,0.348581,0.669222,2933
MEPS,sexFemale,sex,Sex,Female,Male,40-49,2019,-0.114782,0.039048,-0.191884,-0.03768,2660
MEPS,race_includehispBlack,race_includehisp,Race/Ethnicity,Black,White,40-49,2019,-0.0869,0.063038,-0.21137,0.03757,2660
MEPS,race_includehispAIAN,race_includehisp,Race/Ethnicity,AIAN,White,40-49,2019,0.068858,0.315067,-0.553252,0.69096900000000006,2660
MEPS,race_includehispAsian,race_includehisp,Race/Ethnicity,Asian,White,40-49,2019,0.076919,0.072464,-0.066164,0.220002,2660
MEPS,race_includehispHispanic,race_includehisp,Race/Ethnicity,Hispanic,White,40-49,2019,0.169249,0.058654,0.053436,0.285063,2660
MEPS,race_includehispOther,race_includehisp,Race/Ethnicity,Other,White,40-49,2019,-0.246495,0.189665,-0.620995,0.128005,2660
MEPS,educ_3catHS_SomeColl,educ_3cat,Education,HS_SomeColl,LT_HS,40-49,2019,0.144955,0.087605,-0.028023,0.317934,2660
MEPS,educ_3catBA_plus,educ_3cat,Education,BA_plus,LT_HS,40-49,2019,0.531132,0.086829,0.359686,0.702578,2660
MEPS,sexFemale,sex,Sex,Female,Male,40-49,2020,-0.096342,0.047242,-0.189637,-0.003048,1972
MEPS,race_includehispBlack,race_includehisp,Race/Ethnicity,Black,White,40-49,2020,-0.17688,0.082076,-0.338965,-0.014795,1972
MEPS,race_includehispAIAN,race_includehisp,Race/Ethnicity,AIAN,White,40-49,2020,-0.431961,0.46408,-1.348429,0.484507,1972
MEPS,race_includehispAsian,race_includehisp,Race/Ethnicity,Asian,White,40-49,2020,0.222908,0.085575,0.053913,0.391902,1972
MEPS,race_includehispHispanic,race_includehisp,Race/Ethnicity,Hispanic,White,40-49,2020,0.13184,0.065236,0.003011,0.26067,1972
MEPS,race_includehispOther,race_includehisp,Race/Ethnicity,Other,White,40-49,2020,-0.580303,0.20592,-0.986957,-0.17365,1972
MEPS,educ_3catHS_SomeColl,educ_3cat,Education,HS_SomeColl,LT_HS,40-49,2020,0.167284,0.100121,-0.030437,0.365004,1972
MEPS,educ_3catBA_plus,educ_3cat,Education,BA_plus,LT_HS,40-49,2020,0.618498,0.096171,0.428579,0.808417,1972
MEPS,sexFemale,sex,Sex,Female,Male,40-49,2021,-0.158721,0.044613,-0.246647,-0.070794,2048
MEPS,race_includehispBlack,race_includehisp,Race/Ethnicity,Black,White,40-49,2021,0.136523,0.098338,-0.057288,0.330334,2048
MEPS,race_includehispAIAN,race_includehisp,Race/Ethnicity,AIAN,White,40-49,2021,-0.220281,0.186258,-0.587369,0.146807,2048
MEPS,race_includehispAsian,race_includehisp,Race/Ethnicity,Asian,White,40-49,2021,0.179725,0.082656,0.016822,0.342629,2048
MEPS,race_includehispHispanic,race_includehisp,Race/Ethnicity,Hispanic,White,40-49,2021,0.143144,0.067307,0.010491,0.275798,2048
MEPS,race_includehispOther,race_includehisp,Race/Ethnicity,Other,White,40-49,2021,-0.448753,0.186871,-0.817049,-0.080457,2048
MEPS,educ_3catHS_SomeColl,educ_3cat,Education,HS_SomeColl,LT_HS,40-49,2021,0.211397,0.096044,0.022107,0.400686,2048
MEPS,educ_3catBA_plus,educ_3cat,Education,BA_plus,LT_HS,40-49,2021,0.61799,0.092907,0.434883,0.801096,2048
MEPS,sexFemale,sex,Sex,Female,Male,40-49,2022,-0.065221,0.05762,-0.178915,0.048472,1407
MEPS,race_includehispBlack,race_includehisp,Race/Ethnicity,Black,White,40-49,2022,0.232817,0.104261,0.027093,0.438541,1407
MEPS,race_includehispAIAN,race_includehisp,Race/Ethnicity,AIAN,White,40-49,2022,-0.050836,0.258913,-0.561712,0.46004,1407
MEPS,race_includehispAsian,race_includehisp,Race/Ethnicity,Asian,White,40-49,2022,0.169391,0.097789,-0.023561,0.362344,1407
MEPS,race_includehispHispanic,race_includehisp,Race/Ethnicity,Hispanic,White,40-49,2022,0.175873,0.08053,0.016975,0.33477,1407
MEPS,race_includehispOther,race_includehisp,Race/Ethnicity,Other,White,40-49,2022,-0.150162,0.208555,-0.561672,0.261349,1407
MEPS,educ_3catHS_SomeColl,educ_3cat,Education,HS_SomeColl,LT_HS,40-49,2022,0.441104,0.113861,0.216438,0.66577,1407
MEPS,educ_3catBA_plus,educ_3cat,Education,BA_plus,LT_HS,40-49,2022,0.76798,0.107665,0.55554,0.98042,1407
MEPS,sexFemale,sex,Sex,Female,Male,40-49,2023,-0.18344,0.058462,-0.299022,-0.067857,1273
MEPS,race_includehispBlack,race_includehisp,Race/Ethnicity,Black,White,40-49,2023,-0.009687,0.092482,-0.192529,0.173155,1273
MEPS,race_includehispAIAN,race_includehisp,Race/Ethnicity,AIAN,White,40-49,2023,-0.792108,0.257532,-1.301262,-0.282953,1273
MEPS,race_includehispAsian,race_includehisp,Race/Ethnicity,Asian,White,40-49,2023,0.180445,0.089929,0.00265,0.358239,1273
MEPS,race_includehispHispanic,race_includehisp,Race/Ethnicity,Hispanic,White,40-49,2023,-0.007602,0.079392,-0.164565,0.14936,1273
MEPS,race_includehispOther,race_includehisp,Race/Ethnicity,Other,White,40-49,2023,-0.293209,0.166643,-0.622671,0.036252,1273
MEPS,educ_3catHS_SomeColl,educ_3cat,Education,HS_SomeColl,LT_HS,40-49,2023,0.076826,0.12513,-0.170562,0.324214,1273
MEPS,educ_3catBA_plus,educ_3cat,Education,BA_plus,LT_HS,40-49,2023,0.395087,0.126804,0.144389,0.645785,1273
MEPS,sexFemale,sex,Sex,Female,Male,50-59,2000,-0.026806,0.039465,-0.104697,0.051085,2410
MEPS,race_includehispBlack,race_includehisp,Race/Ethnicity,Black,White,50-59,2000,-0.153919,0.078135,-0.308135,2.96e-4,2410
MEPS,race_includehispAIAN,race_includehisp,Race/Ethnicity,AIAN,White,50-59,2000,-0.180311,0.255792,-0.685165,0.324543,2410
MEPS,race_includehispAsian,race_includehisp,Race/Ethnicity,Asian,White,50-59,2000,0.018499,0.130824,-0.239707,0.276706,2410
MEPS,race_includehispHispanic,race_includehisp,Race/Ethnicity,Hispanic,White,50-59,2000,-0.220667,0.076684,-0.372017,-0.069316,2410
MEPS,educ_3catHS_SomeColl,educ_3cat,Education,HS_SomeColl,LT_HS,50-59,2000,0.544665,0.074706,0.397218,0.692111,2410
MEPS,educ_3catBA_plus,educ_3cat,Education,BA_plus,LT_HS,50-59,2000,0.993412,0.077431,0.840588,1.146236,2410
MEPS,sexFemale,sex,Sex,Female,Male,50-59,2001,-0.013909,0.033573,-0.079923,0.052105,3328
MEPS,race_includehispBlack,race_includehisp,Race/Ethnicity,Black,White,50-59,2001,-0.201889,0.060488,-0.320825,-0.082954,3328
MEPS,race_includehispAIAN,race_includehisp,Race/Ethnicity,AIAN,White,50-59,2001,-0.584196,0.181244,-0.940571,-0.22782,3328
MEPS,race_includehispAsian,race_includehisp,Race/Ethnicity,Asian,White,50-59,2001,-0.120902,0.137266,-0.390804,0.149,3328
MEPS,race_includehispHispanic,race_includehisp,Race/Ethnicity,Hispanic,White,50-59,2001,-0.086639,0.06821,-0.220759,0.047481,3328
MEPS,educ_3catHS_SomeColl,educ_3cat,Education,HS_SomeColl,LT_HS,50-59,2001,0.526478,0.065749,0.397198,0.655759,3328
MEPS,educ_3catBA_plus,educ_3cat,Education,BA_plus,LT_HS,50-59,2001,0.958434,0.06663,0.82742,1.089448,3328
MEPS,sexFemale,sex,Sex,Female,Male,50-59,2002,-0.029464,0.030513,-0.089601,0.030673,3881
MEPS,race_includehispBlack,race_includehisp,Race/Ethnicity,Black,White,50-59,2002,-0.34352,0.056906,-0.455676,-0.231364,3881
MEPS,race_includehispAIAN,race_includehisp,Race/Ethnicity,AIAN,White,50-59,2002,-0.395316,0.194627,-0.778907,-0.011725,3881
MEPS,race_includehispAsian,race_includehisp,Race/Ethnicity,Asian,White,50-59,2002,-0.249428,0.098789,-0.444132,-0.054724,3881
MEPS,race_includehispHispanic,race_includehisp,Race/Ethnicity,Hispanic,White,50-59,2002,-0.183992,0.066865,-0.315777,-0.052206,3881
MEPS,race_includehispOther,race_includehisp,Race/Ethnicity,Other,White,50-59,2002,-0.572161,0.231594,-1.028611,-0.115712,3881
MEPS,educ_3catHS_SomeColl,educ_3cat,Education,HS_SomeColl,LT_HS,50-59,2002,0.554292,0.06545,0.425296,0.683288,3881
MEPS,educ_3catBA_plus,educ_3cat,Education,BA_plus,LT_HS,50-59,2002,0.986487,0.066639,0.855149,1.117825,3881
MEPS,sexFemale,sex,Sex,Female,Male,50-59,2003,-0.030007,0.036356,-0.101671,0.041657,3222
MEPS,race_includehispBlack,race_includehisp,Race/Ethnicity,Black,White,50-59,2003,-0.274947,0.060748,-0.394692,-0.155202,3222
MEPS,race_includehispAIAN,race_includehisp,Race/Ethnicity,AIAN,White,50-59,2003,-0.364424,0.276116,-0.908694,0.179846,3222
MEPS,race_includehispAsian,race_includehisp,Race/Ethnicity,Asian,White,50-59,2003,-0.017847,0.09784,-0.210706,0.175011,3222
MEPS,race_includehispHispanic,race_includehisp,Race/Ethnicity,Hispanic,White,50-59,2003,-0.022751,0.067242,-0.155296,0.109794,3222
MEPS,race_includehispOther,race_includehisp,Race/Ethnicity,Other,White,50-59,2003,-0.594947,0.170024,-0.930093,-0.259801,3222
MEPS,educ_3catHS_SomeColl,educ_3cat,Education,HS_SomeColl,LT_HS,50-59,2003,0.564782,0.063623,0.43937,0.690194,3222
MEPS,educ_3catBA_plus,educ_3cat,Education,BA_plus,LT_HS,50-59,2003,0.895137,0.066726,0.76361,1.026664,3222
MEPS,sexFemale,sex,Sex,Female,Male,50-59,2004,-0.012386,0.039471,-0.090181,0.065409,3355
MEPS,race_includehispBlack,race_includehisp,Race/Ethnicity,Black,White,50-59,2004,-0.200177,0.063864,-0.32605,-0.074305,3355
MEPS,race_includehispAIAN,race_includehisp,Race/Ethnicity,AIAN,White,50-59,2004,-0.657637,0.159364,-0.971736,-0.343538,3355
MEPS,race_includehispAsian,race_includehisp,Race/Ethnicity,Asian,White,50-59,2004,-0.02914,0.091876,-0.210223,0.151943,3355
MEPS,race_includehispHispanic,race_includehisp,Race/Ethnicity,Hispanic,White,50-59,2004,-0.090116,0.07463,-0.237208,0.056975,3355
MEPS,race_includehispOther,race_includehisp,Race/Ethnicity,Other,White,50-59,2004,-0.408815,0.20111,-0.805195,-0.012436,3355
MEPS,educ_3catHS_SomeColl,educ_3cat,Education,HS_SomeColl,LT_HS,50-59,2004,0.489946,0.065034,0.361768,0.618124,3355
MEPS,educ_3catBA_plus,educ_3cat,Education,BA_plus,LT_HS,50-59,2004,0.843569,0.071767,0.702119,0.985019,3355
MEPS,sexFemale,sex,Sex,Female,Male,50-59,2005,-0.02544,0.034772,-0.093968,0.043088,3507
MEPS,race_includehispBlack,race_includehisp,Race/Ethnicity,Black,White,50-59,2005,-0.346265,0.061989,-0.468429,-0.2241,3507
MEPS,race_includehispAIAN,race_includehisp,Race/Ethnicity,AIAN,White,50-59,2005,-0.735992,0.274116,-1.276208,-0.195775,3507
MEPS,race_includehispAsian,race_includehisp,Race/Ethnicity,Asian,White,50-59,2005,-0.110802,0.102327,-0.312464,0.090859,3507
MEPS,race_includehispHispanic,race_includehisp,Race/Ethnicity,Hispanic,White,50-59,2005,-0.178909,0.061457,-0.300025,-0.057792,3507
MEPS,race_includehispOther,race_includehisp,Race/Ethnicity,Other,White,50-59,2005,-0.366564,0.149587,-0.661362,-0.071765,3507
MEPS,educ_3catHS_SomeColl,educ_3cat,Education,HS_SomeColl,LT_HS,50-59,2005,0.452655,0.060746,0.33294,0.57237,3507
MEPS,educ_3catBA_plus,educ_3cat,Education,BA_plus,LT_HS,50-59,2005,0.828479,0.060171,0.709897,0.947061,3507
MEPS,sexFemale,sex,Sex,Female,Male,50-59,2006,-0.027051,0.032102,-0.09033,0.036229,3672
MEPS,race_includehispBlack,race_includehisp,Race/Ethnicity,Black,White,50-59,2006,-0.289663,0.059487,-0.406924,-0.172401,3672
MEPS,race_includehispAIAN,race_includehisp,Race/Ethnicity,AIAN,White,50-59,2006,0.07295,0.328072,-0.573751,0.719652,3672
MEPS,race_includehispAsian,race_includehisp,Race/Ethnicity,Asian,White,50-59,2006,-0.102795,0.093348,-0.286804,0.081214,3672
MEPS,race_includehispHispanic,race_includehisp,Race/Ethnicity,Hispanic,White,50-59,2006,-0.072659,0.066119,-0.202993,0.057676,3672
MEPS,race_includehispOther,race_includehisp,Race/Ethnicity,Other,White,50-59,2006,-0.500837,0.161062,-0.818326,-0.183348,3672
MEPS,educ_3catHS_SomeColl,educ_3cat,Education,HS_SomeColl,LT_HS,50-59,2006,0.492656,0.059056,0.376243,0.609068,3672
MEPS,educ_3catBA_plus,educ_3cat,Education,BA_plus,LT_HS,50-59,2006,0.905064,0.064509,0.777903,1.032224,3672
MEPS,sexFemale,sex,Sex,Female,Male,50-59,2007,-0.036647,0.034087,-0.103703,0.03041,3337
MEPS,race_includehispBlack,race_includehisp,Race/Ethnicity,Black,White,50-59,2007,-0.192875,0.05938,-0.309689,-0.076061,3337
MEPS,race_includehispAIAN,race_includehisp,Race/Ethnicity,AIAN,White,50-59,2007,-0.178545,0.296323,-0.761484,0.404394,3337
MEPS,race_includehispAsian,race_includehisp,Race/Ethnicity,Asian,White,50-59,2007,-0.162351,0.081458,-0.322599,-0.002103,3337
MEPS,race_includehispHispanic,race_includehisp,Race/Ethnicity,Hispanic,White,50-59,2007,-0.072005,0.070486,-0.210668,0.066658,3337
MEPS,race_includehispOther,race_includehisp,Race/Ethnicity,Other,White,50-59,2007,-0.287104,0.15851,-0.598932,0.024724,3337
MEPS,educ_3catHS_SomeColl,educ_3cat,Education,HS_SomeColl,LT_HS,50-59,2007,0.526346,0.064873,0.398724,0.653968,3337
MEPS,educ_3catBA_plus,educ_3cat,Education,BA_plus,LT_HS,50-59,2007,0.896473,0.068515,0.761687,1.031259,3337
MEPS,sexFemale,sex,Sex,Female,Male,50-59,2008,-0.032882,0.03359,-0.099178,0.033414,3509
MEPS,race_includehispBlack,race_includehisp,Race/Ethnicity,Black,White,50-59,2008,-0.128731,0.048176,-0.223816,-0.033645,3509
MEPS,race_includehispAIAN,race_includehisp,Race/Ethnicity,AIAN,White,50-59,2008,-1.056969,0.362575,-1.772581,-0.341356,3509
MEPS,race_includehispAsian,race_includehisp,Race/Ethnicity,Asian,White,50-59,2008,-0.167258,0.068416,-0.30229,-0.032226,3509
MEPS,race_includehispHispanic,race_includehisp,Race/Ethnicity,Hispanic,White,50-59,2008,-0.051834,0.057365,-0.165055,0.061388,3509
MEPS,race_includehispOther,race_includehisp,Race/Ethnicity,Other,White,50-59,2008,-0.148648,0.216735,-0.576417,0.279121,3509
MEPS,educ_3catHS_SomeColl,educ_3cat,Education,HS_SomeColl,LT_HS,50-59,2008,0.458984,0.05449,0.351437,0.56653,3509
MEPS,educ_3catBA_plus,educ_3cat,Education,BA_plus,LT_HS,50-59,2008,0.850502,0.06077,0.73056,0.97044299999999994,3509
MEPS,sexFemale,sex,Sex,Female,Male,50-59,2009,-0.041598,0.03648,-0.113579,0.030382,4027
MEPS,race_includehispBlack,race_includehisp,Race/Ethnicity,Black,White,50-59,2009,-0.186486,0.043328,-0.27198,-0.100993,4027
MEPS,race_includehispAIAN,race_includehisp,Race/Ethnicity,AIAN,White,50-59,2009,-0.628742,0.20151,-1.026352,-0.231132,4027
MEPS,race_includehispAsian,race_includehisp,Race/Ethnicity,Asian,White,50-59,2009,-0.065103,0.065311,-0.193972,0.063765,4027
MEPS,race_includehispHispanic,race_includehisp,Race/Ethnicity,Hispanic,White,50-59,2009,-0.09939,0.048505,-0.195099,-0.003681,4027
MEPS,race_includehispOther,race_includehisp,Race/Ethnicity,Other,White,50-59,2009,0.075167,0.200272,-0.320001,0.470335,4027
MEPS,educ_3catHS_SomeColl,educ_3cat,Education,HS_SomeColl,LT_HS,50-59,2009,0.452427,0.062525,0.329055,0.575798,4027
MEPS,educ_3catBA_plus,educ_3cat,Education,BA_plus,LT_HS,50-59,2009,0.872825,0.066388,0.741831,1.00382,4027
MEPS,sexFemale,sex,Sex,Female,Male,50-59,2010,-0.034909,0.036794,-0.107515,0.037697,3638
MEPS,race_includehispBlack,race_includehisp,Race/Ethnicity,Black,White,50-59,2010,-0.226577,0.050682,-0.326589,-0.126565,3638
MEPS,race_includehispAIAN,race_includehisp,Race/Ethnicity,AIAN,White,50-59,2010,-0.355431,0.27087,-0.889941,0.179078,3638
MEPS,race_includehispAsian,race_includehisp,Race/Ethnicity,Asian,White,50-59,2010,-0.047445,0.08666,-0.218451,0.123561,3638
MEPS,race_includehispHispanic,race_includehisp,Race/Ethnicity,Hispanic,White,50-59,2010,-0.021853,0.062371,-0.14493,0.101224,3638
MEPS,race_includehispOther,race_includehisp,Race/Ethnicity,Other,White,50-59,2010,-0.223318,0.198816,-0.615643,0.169007,3638
MEPS,educ_3catHS_SomeColl,educ_3cat,Education,HS_SomeColl,LT_HS,50-59,2010,0.514195,0.075714,0.364788,0.663603,3638
MEPS,educ_3catBA_plus,educ_3cat,Education,BA_plus,LT_HS,50-59,2010,0.907729,0.07323,0.763224,1.052234,3638
MEPS,sexFemale,sex,Sex,Female,Male,50-59,2011,-0.042391,0.035117,-0.111681,0.0269,3880
MEPS,race_includehispBlack,race_includehisp,Race/Ethnicity,Black,White,50-59,2011,-0.240556,0.053735,-0.346585,-0.134528,3880
MEPS,race_includehispAIAN,race_includehisp,Race/Ethnicity,AIAN,White,50-59,2011,-0.209783,0.239411,-0.682178,0.262612,3880
MEPS,race_includehispAsian,race_includehisp,Race/Ethnicity,Asian,White,50-59,2011,-0.045876,0.080795,-0.205297,0.113546,3880
MEPS,race_includehispHispanic,race_includehisp,Race/Ethnicity,Hispanic,White,50-59,2011,-0.140875,0.064775,-0.268685,-0.013064,3880
MEPS,race_includehispOther,race_includehisp,Race/Ethnicity,Other,White,50-59,2011,-0.329697,0.179698,-0.68427,0.024875,3880
MEPS,educ_3catHS_SomeColl,educ_3cat,Education,HS_SomeColl,LT_HS,50-59,2011,0.371191,0.058006,0.256737,0.485646,3880
MEPS,educ_3catBA_plus,educ_3cat,Education,BA_plus,LT_HS,50-59,2011,0.772332,0.063995,0.64606,0.898603,3880
MEPS,sexFemale,sex,Sex,Female,Male,50-59,2012,-0.037167,0.03549,-0.107209,0.032874,4337
MEPS,race_includehispBlack,race_includehisp,Race/Ethnicity,Black,White,50-59,2012,-0.236721,0.050795,-0.336966,-0.136477,4337
MEPS,race_includehispAIAN,race_includehisp,Race/Ethnicity,AIAN,White,50-59,2012,-0.527137,0.206209,-0.934098,-0.120176,4337
MEPS,race_includehispAsian,race_includehisp,Race/Ethnicity,Asian,White,50-59,2012,-0.069847,0.091029,-0.249496,0.109802,4337
MEPS,race_includehispHispanic,race_includehisp,Race/Ethnicity,Hispanic,White,50-59,2012,-0.141458,0.057781,-0.255492,-0.027424,4337
MEPS,race_includehispOther,race_includehisp,Race/Ethnicity,Other,White,50-59,2012,-0.049011,0.197541,-0.438865,0.340843,4337
MEPS,educ_3catHS_SomeColl,educ_3cat,Education,HS_SomeColl,LT_HS,50-59,2012,0.322249,0.053471,0.216722,0.427777,4337
MEPS,educ_3catBA_plus,educ_3cat,Education,BA_plus,LT_HS,50-59,2012,0.772855,0.065289,0.644004,0.901706,4337
MEPS,sexFemale,sex,Sex,Female,Male,50-59,2013,-0.066286,0.032427,-0.130278,-0.002295,3938
MEPS,race_includehispBlack,race_includehisp,Race/Ethnicity,Black,White,50-59,2013,-0.198115,0.049329,-0.29546,-0.100769,3938
MEPS,race_includehispAIAN,race_includehisp,Race/Ethnicity,AIAN,White,50-59,2013,-0.327988,0.276893,-0.874403,0.218428,3938
MEPS,race_includehispAsian,race_includehisp,Race/Ethnicity,Asian,White,50-59,2013,0.008514,0.080222,-0.149794,0.166823,3938
MEPS,race_includehispHispanic,race_includehisp,Race/Ethnicity,Hispanic,White,50-59,2013,-0.202086,0.057018,-0.314604,-0.089568,3938
MEPS,race_includehispOther,race_includehisp,Race/Ethnicity,Other,White,50-59,2013,-0.03764,0.177429,-0.387775,0.312494,3938
MEPS,educ_3catHS_SomeColl,educ_3cat,Education,HS_SomeColl,LT_HS,50-59,2013,0.351238,0.057683,0.237407,0.465069,3938
MEPS,educ_3catBA_plus,educ_3cat,Education,BA_plus,LT_HS,50-59,2013,0.810845,0.062811,0.686894,0.934795,3938
MEPS,sexFemale,sex,Sex,Female,Male,50-59,2014,-0.108692,0.039571,-0.186777,-0.030607,3720
MEPS,race_includehispBlack,race_includehisp,Race/Ethnicity,Black,White,50-59,2014,-0.077556,0.052546,-0.181245,0.026133,3720
MEPS,race_includehispAIAN,race_includehisp,Race/Ethnicity,AIAN,White,50-59,2014,-0.26228,0.304581,-0.86331,0.338751,3720
MEPS,race_includehispAsian,race_includehisp,Race/Ethnicity,Asian,White,50-59,2014,0.018199,0.085758,-0.151027,0.187425,3720
MEPS,race_includehispHispanic,race_includehisp,Race/Ethnicity,Hispanic,White,50-59,2014,-0.077673,0.052395,-0.181063,0.025718,3720
MEPS,race_includehispOther,race_includehisp,Race/Ethnicity,Other,White,50-59,2014,-0.11197,0.156773,-0.42133,0.19739,3720
MEPS,educ_3catHS_SomeColl,educ_3cat,Education,HS_SomeColl,LT_HS,50-59,2014,0.404204,0.057103,0.291522,0.516886,3720
MEPS,educ_3catBA_plus,educ_3cat,Education,BA_plus,LT_HS,50-59,2014,0.842774,0.072219,0.700264,0.985284,3720
MEPS,sexFemale,sex,Sex,Female,Male,50-59,2015,-0.040807,0.031291,-0.102557,0.020944,3843
MEPS,race_includehispBlack,race_includehisp,Race/Ethnicity,Black,White,50-59,2015,-0.140306,0.048641,-0.236298,-0.044315,3843
MEPS,race_includehispAIAN,race_includehisp,Race/Ethnicity,AIAN,White,50-59,2015,-0.26851,0.212047,-0.686975,0.149955,3843
MEPS,race_includehispAsian,race_includehisp,Race/Ethnicity,Asian,White,50-59,2015,0.086369,0.075019,-0.061678,0.234415,3843
MEPS,race_includehispHispanic,race_includehisp,Race/Ethnicity,Hispanic,White,50-59,2015,0.013952,0.048445,-0.081652,0.109556,3843
MEPS,race_includehispOther,race_includehisp,Race/Ethnicity,Other,White,50-59,2015,-0.343097,0.139216,-0.617834,-0.068359,3843
MEPS,educ_3catHS_SomeColl,educ_3cat,Education,HS_SomeColl,LT_HS,50-59,2015,0.468046,0.075223,0.319597,0.616496,3843
MEPS,educ_3catBA_plus,educ_3cat,Education,BA_plus,LT_HS,50-59,2015,0.82803,0.077461,0.675163,0.980897,3843
MEPS,sexFemale,sex,Sex,Female,Male,50-59,2016,-0.048226,0.03174,-0.110854,0.014402,3734
MEPS,race_includehispBlack,race_includehisp,Race/Ethnicity,Black,White,50-59,2016,-0.132438,0.054373,-0.239725,-0.025152,3734
MEPS,race_includehispAIAN,race_includehisp,Race/Ethnicity,AIAN,White,50-59,2016,-0.440092,0.22191,-0.877955,-0.002228,3734
MEPS,race_includehispAsian,race_includehisp,Race/Ethnicity,Asian,White,50-59,2016,0.023288,0.084723,-0.143883,0.190459,3734
MEPS,race_includehispHispanic,race_includehisp,Race/Ethnicity,Hispanic,White,50-59,2016,-0.060053,0.054921,-0.168421,0.048315,3734
MEPS,race_includehispOther,race_includehisp,Race/Ethnicity,Other,White,50-59,2016,-0.193942,0.187214,-0.563345,0.175461,3734
MEPS,educ_3catHS_SomeColl,educ_3cat,Education,HS_SomeColl,LT_HS,50-59,2016,0.421001,0.069876,0.283124,0.558878,3734
MEPS,educ_3catBA_plus,educ_3cat,Education,BA_plus,LT_HS,50-59,2016,0.779235,0.070566,0.639997,0.918474,3734
MEPS,sexFemale,sex,Sex,Female,Male,50-59,2017,-0.029887,0.037354,-0.103387,0.043612,3485
MEPS,race_includehispBlack,race_includehisp,Race/Ethnicity,Black,White,50-59,2017,-0.150778,0.055799,-0.26057,-0.040985,3485
MEPS,race_includehispAIAN,race_includehisp,Race/Ethnicity,AIAN,White,50-59,2017,-0.199447,0.325279,-0.839481,0.440587,3485
MEPS,race_includehispAsian,race_includehisp,Race/Ethnicity,Asian,White,50-59,2017,0.133128,0.085973,-0.036036,0.302293,3485
MEPS,race_includehispHispanic,race_includehisp,Race/Ethnicity,Hispanic,White,50-59,2017,-0.055075,0.055034,-0.163362,0.053213,3485
MEPS,race_includehispOther,race_includehisp,Race/Ethnicity,Other,White,50-59,2017,-0.0952,0.110589,-0.312799,0.1224,3485
MEPS,educ_3catHS_SomeColl,educ_3cat,Education,HS_SomeColl,LT_HS,50-59,2017,0.412828,0.061171,0.292465,0.533192,3485
MEPS,educ_3catBA_plus,educ_3cat,Education,BA_plus,LT_HS,50-59,2017,0.766005,0.058693,0.650517,0.881493,3485
MEPS,sexFemale,sex,Sex,Female,Male,50-59,2018,-0.011219,0.033359,-0.077205,0.054768,3187
MEPS,race_includehispBlack,race_includehisp,Race/Ethnicity,Black,White,50-59,2018,-0.235373,0.058948,-0.351978,-0.118767,3187
MEPS,race_includehispAIAN,race_includehisp,Race/Ethnicity,AIAN,White,50-59,2018,-0.687552,0.301695,-1.284335,-0.090768,3187
MEPS,race_includehispAsian,race_includehisp,Race/Ethnicity,Asian,White,50-59,2018,0.011586,0.081439,-0.149508,0.172679,3187
MEPS,race_includehispHispanic,race_includehisp,Race/Ethnicity,Hispanic,White,50-59,2018,0.012594,0.05777,-0.101681,0.12687,3187
MEPS,race_includehispOther,race_includehisp,Race/Ethnicity,Other,White,50-59,2018,-0.429984,0.135261,-0.697543,-0.162424,3187
MEPS,educ_3catHS_SomeColl,educ_3cat,Education,HS_SomeColl,LT_HS,50-59,2018,0.523057,0.069195,0.386182,0.659932,3187
MEPS,educ_3catBA_plus,educ_3cat,Education,BA_plus,LT_HS,50-59,2018,0.944645,0.067752,0.810624,1.078666,3187
MEPS,sexFemale,sex,Sex,Female,Male,50-59,2019,-0.049738,0.04062,-0.129937,0.030461,2921
MEPS,race_includehispBlack,race_includehisp,Race/Ethnicity,Black,White,50-59,2019,-0.138421,0.072611,-0.281781,0.00494,2921
MEPS,race_includehispAIAN,race_includehisp,Race/Ethnicity,AIAN,White,50-59,2019,-0.258136,0.188146,-0.629604,0.113331,2921
MEPS,race_includehispAsian,race_includehisp,Race/Ethnicity,Asian,White,50-59,2019,0.057612,0.080413,-0.101152,0.216376,2921
MEPS,race_includehispHispanic,race_includehisp,Race/Ethnicity,Hispanic,White,50-59,2019,0.093898,0.067093,-0.038567,0.226363,2921
MEPS,race_includehispOther,race_includehisp,Race/Ethnicity,Other,White,50-59,2019,-0.546971,0.237702,-1.01628,-0.077661,2921
MEPS,educ_3catHS_SomeColl,educ_3cat,Education,HS_SomeColl,LT_HS,50-59,2019,0.411832,0.072102,0.269477,0.554186,2921
MEPS,educ_3catBA_plus,educ_3cat,Education,BA_plus,LT_HS,50-59,2019,0.847958,0.07361,0.702625,0.993291,2921
MEPS,sexFemale,sex,Sex,Female,Male,50-59,2020,-0.128476,0.04874,-0.224724,-0.032229,2350
MEPS,race_includehispBlack,race_includehisp,Race/Ethnicity,Black,White,50-59,2020,-0.095461,0.064888,-0.223597,0.032674,2350
MEPS,race_includehispAIAN,race_includehisp,Race/Ethnicity,AIAN,White,50-59,2020,-0.233697,0.183157,-0.59538,0.127986,2350
MEPS,race_includehispAsian,race_includehisp,Race/Ethnicity,Asian,White,50-59,2020,-0.032586,0.089417,-0.20916,0.143988,2350
MEPS,race_includehispHispanic,race_includehisp,Race/Ethnicity,Hispanic,White,50-59,2020,0.009355,0.077209,-0.143111,0.16182,2350
MEPS,race_includehispOther,race_includehisp,Race/Ethnicity,Other,White,50-59,2020,-0.557573,0.241891,-1.035238,-0.079907,2350
MEPS,educ_3catHS_SomeColl,educ_3cat,Education,HS_SomeColl,LT_HS,50-59,2020,0.392637,0.094342,0.206339,0.578935,2350
MEPS,educ_3catBA_plus,educ_3cat,Education,BA_plus,LT_HS,50-59,2020,0.747488,0.096772,0.556392,0.938584,2350
MEPS,sexFemale,sex,Sex,Female,Male,50-59,2021,-0.064815,0.042322,-0.148204,0.018574,2410
MEPS,race_includehispBlack,race_includehisp,Race/Ethnicity,Black,White,50-59,2021,-0.121231,0.070219,-0.259586,0.017124,2410
MEPS,race_includehispAIAN,race_includehisp,Race/Ethnicity,AIAN,White,50-59,2021,-0.32994,0.278768,-0.879206,0.219326,2410
MEPS,race_includehispAsian,race_includehisp,Race/Ethnicity,Asian,White,50-59,2021,0.106003,0.08881,-0.068982,0.280988,2410
MEPS,race_includehispHispanic,race_includehisp,Race/Ethnicity,Hispanic,White,50-59,2021,0.055122,0.078641,-0.099827,0.21007,2410
MEPS,race_includehispOther,race_includehisp,Race/Ethnicity,Other,White,50-59,2021,-0.630278,0.200393,-1.025117,-0.235438,2410
MEPS,educ_3catHS_SomeColl,educ_3cat,Education,HS_SomeColl,LT_HS,50-59,2021,0.334659,0.107691,0.122472,0.546846,2410
MEPS,educ_3catBA_plus,educ_3cat,Education,BA_plus,LT_HS,50-59,2021,0.65569,0.109873,0.439204,0.872176,2410
MEPS,sexFemale,sex,Sex,Female,Male,50-59,2022,-0.133232,0.047435,-0.226765,-0.039698,1758
MEPS,race_includehispBlack,race_includehisp,Race/Ethnicity,Black,White,50-59,2022,-0.112289,0.072401,-0.255052,0.030475,1758
MEPS,race_includehispAIAN,race_includehisp,Race/Ethnicity,AIAN,White,50-59,2022,0.463652,0.240693,-0.010955,0.93826,1758
MEPS,race_includehispAsian,race_includehisp,Race/Ethnicity,Asian,White,50-59,2022,0.260336,0.098466,0.066178,0.454494,1758
MEPS,race_includehispHispanic,race_includehisp,Race/Ethnicity,Hispanic,White,50-59,2022,0.01943,0.080463,-0.13923,0.17809,1758
MEPS,race_includehispOther,race_includehisp,Race/Ethnicity,Other,White,50-59,2022,-0.108436,0.158285,-0.420548,0.203676,1758
MEPS,educ_3catHS_SomeColl,educ_3cat,Education,HS_SomeColl,LT_HS,50-59,2022,0.400884,0.100075,0.203553,0.598215,1758
MEPS,educ_3catBA_plus,educ_3cat,Education,BA_plus,LT_HS,50-59,2022,0.799119,0.09777,0.606333,0.991905,1758
MEPS,sexFemale,sex,Sex,Female,Male,50-59,2023,-0.119052,0.054906,-0.227577,-0.010527,1526
MEPS,race_includehispBlack,race_includehisp,Race/Ethnicity,Black,White,50-59,2023,-0.018979,0.08236,-0.18177,0.143811,1526
MEPS,race_includehispAIAN,race_includehisp,Race/Ethnicity,AIAN,White,50-59,2023,-0.279607,0.213406,-0.701421,0.142206,1526
MEPS,race_includehispAsian,race_includehisp,Race/Ethnicity,Asian,White,50-59,2023,-0.028362,0.112098,-0.249932,0.193209,1526
MEPS,race_includehispHispanic,race_includehisp,Race/Ethnicity,Hispanic,White,50-59,2023,0.018713,0.07727,-0.134017,0.171444,1526
MEPS,race_includehispOther,race_includehisp,Race/Ethnicity,Other,White,50-59,2023,-0.070901,0.150851,-0.36907,0.227268,1526
MEPS,educ_3catHS_SomeColl,educ_3cat,Education,HS_SomeColl,LT_HS,50-59,2023,0.272107,0.094274,0.085768,0.458447,1526
MEPS,educ_3catBA_plus,educ_3cat,Education,BA_plus,LT_HS,50-59,2023,0.659193,0.098429,0.464641,0.853746,1526
MEPS,sexFemale,sex,Sex,Female,Male,60-69,2000,-0.051613,0.052943,-0.156156,0.052929,1539
MEPS,race_includehispBlack,race_includehisp,Race/Ethnicity,Black,White,60-69,2000,-0.147962,0.10474,-0.354785,0.05886,1539
MEPS,race_includehispAIAN,race_includehisp,Race/Ethnicity,AIAN,White,60-69,2000,1.02083,0.258847,0.509704,1.531956,1539
MEPS,race_includehispAsian,race_includehisp,Race/Ethnicity,Asian,White,60-69,2000,-0.034027,0.203262,-0.435394,0.367339,1539
MEPS,race_includehispHispanic,race_includehisp,Race/Ethnicity,Hispanic,White,60-69,2000,-0.232438,0.095402,-0.420821,-0.044055,1539
MEPS,educ_3catHS_SomeColl,educ_3cat,Education,HS_SomeColl,LT_HS,60-69,2000,0.43907,0.070967,0.298937,0.579202,1539
MEPS,educ_3catBA_plus,educ_3cat,Education,BA_plus,LT_HS,60-69,2000,0.866577,0.096583,0.675862,1.057293,1539
MEPS,sexFemale,sex,Sex,Female,Male,60-69,2001,-0.035306,0.050051,-0.133761,0.063148,2149
MEPS,race_includehispBlack,race_includehisp,Race/Ethnicity,Black,White,60-69,2001,-0.167645,0.081316,-0.327601,-0.007689,2149
MEPS,race_includehispAIAN,race_includehisp,Race/Ethnicity,AIAN,White,60-69,2001,-0.002215,0.251116,-0.496182,0.491753,2149
MEPS,race_includehispAsian,race_includehisp,Race/Ethnicity,Asian,White,60-69,2001,0.251081,0.155746,-0.055286,0.557448,2149
MEPS,race_includehispHispanic,race_includehisp,Race/Ethnicity,Hispanic,White,60-69,2001,-0.181189,0.079468,-0.337511,-0.024868,2149
MEPS,educ_3catHS_SomeColl,educ_3cat,Education,HS_SomeColl,LT_HS,60-69,2001,0.555736,0.060442,0.436841,0.67463,2149
MEPS,educ_3catBA_plus,educ_3cat,Education,BA_plus,LT_HS,60-69,2001,0.830492,0.073006,0.686884,0.974101,2149
MEPS,sexFemale,sex,Sex,Female,Male,60-69,2002,-0.035823,0.03953,-0.113769,0.042124,2500
MEPS,race_includehispBlack,race_includehisp,Race/Ethnicity,Black,White,60-69,2002,-0.265483,0.061785,-0.387313,-0.143653,2500
MEPS,race_includehispAIAN,race_includehisp,Race/Ethnicity,AIAN,White,60-69,2002,0.025682,0.226867,-0.421663,0.473027,2500
MEPS,race_includehispAsian,race_includehisp,Race/Ethnicity,Asian,White,60-69,2002,-0.204772,0.141299,-0.483392,0.073847,2500
MEPS,race_includehispHispanic,race_includehisp,Race/Ethnicity,Hispanic,White,60-69,2002,-0.246325,0.082917,-0.409825,-0.082826,2500
MEPS,race_includehispOther,race_includehisp,Race/Ethnicity,Other,White,60-69,2002,-0.322202,0.179638,-0.676419,0.032014,2500
MEPS,educ_3catHS_SomeColl,educ_3cat,Education,HS_SomeColl,LT_HS,60-69,2002,0.458883,0.057894,0.344725,0.573042,2500
MEPS,educ_3catBA_plus,educ_3cat,Education,BA_plus,LT_HS,60-69,2002,0.804202,0.06377,0.678458,0.929946,2500
MEPS,sexFemale,sex,Sex,Female,Male,60-69,2003,0.059258,0.046885,-0.033228,0.151744,2095
MEPS,race_includehispBlack,race_includehisp,Race/Ethnicity,Black,White,60-69,2003,-0.283303,0.096639,-0.473932,-0.092674,2095
MEPS,race_includehispAIAN,race_includehisp,Race/Ethnicity,AIAN,White,60-69,2003,0.19573,0.375506,-0.544991,0.936451,2095
MEPS,race_includehispAsian,race_includehisp,Race/Ethnicity,Asian,White,60-69,2003,-0.391879,0.119858,-0.628312,-0.155447,2095
MEPS,race_includehispHispanic,race_includehisp,Race/Ethnicity,Hispanic,White,60-69,2003,-0.094435,0.087894,-0.267815,0.078945,2095
MEPS,race_includehispOther,race_includehisp,Race/Ethnicity,Other,White,60-69,2003,-0.265919,0.201026,-0.662461,0.130623,2095
MEPS,educ_3catHS_SomeColl,educ_3cat,Education,HS_SomeColl,LT_HS,60-69,2003,0.381493,0.066275,0.25076,0.512226,2095
MEPS,educ_3catBA_plus,educ_3cat,Education,BA_plus,LT_HS,60-69,2003,0.773343,0.076392,0.622653,0.924032,2095
MEPS,sexFemale,sex,Sex,Female,Male,60-69,2004,-0.041537,0.047248,-0.134783,0.051709,2094
MEPS,race_includehispBlack,race_includehisp,Race/Ethnicity,Black,White,60-69,2004,-0.261936,0.078568,-0.416991,-0.10688,2094
MEPS,race_includehispAIAN,race_includehisp,Race/Ethnicity,AIAN,White,60-69,2004,-0.488824,0.431059,-1.339533,0.361886,2094
MEPS,race_includehispAsian,race_includehisp,Race/Ethnicity,Asian,White,60-69,2004,-0.314494,0.151724,-0.613928,-0.015061,2094
MEPS,race_includehispHispanic,race_includehisp,Race/Ethnicity,Hispanic,White,60-69,2004,-0.132378,0.074922,-0.280239,0.015484,2094
MEPS,race_includehispOther,race_includehisp,Race/Ethnicity,Other,White,60-69,2004,-0.701305,0.296612,-1.28668,-0.115931,2094
MEPS,educ_3catHS_SomeColl,educ_3cat,Education,HS_SomeColl,LT_HS,60-69,2004,0.546708,0.062971,0.422434,0.670983,2094
MEPS,educ_3catBA_plus,educ_3cat,Education,BA_plus,LT_HS,60-69,2004,0.935762,0.074448,0.788836,1.082687,2094
MEPS,sexFemale,sex,Sex,Female,Male,60-69,2005,-0.007361,0.042366,-0.090935,0.076213,2157
MEPS,race_includehispBlack,race_includehisp,Race/Ethnicity,Black,White,60-69,2005,-0.167757,0.086373,-0.338141,0.002627,2157
MEPS,race_includehispAIAN,race_includehisp,Race/Ethnicity,AIAN,White,60-69,2005,-0.167763,0.331402,-0.821506,0.485981,2157
MEPS,race_includehispAsian,race_includehisp,Race/Ethnicity,Asian,White,60-69,2005,0.242729,0.10918,0.027354,0.458105,2157
MEPS,race_includehispHispanic,race_includehisp,Race/Ethnicity,Hispanic,White,60-69,2005,-0.156382,0.092001,-0.337869,0.025106,2157
MEPS,race_includehispOther,race_includehisp,Race/Ethnicity,Other,White,60-69,2005,-0.767191,0.239322,-1.239292,-0.295091,2157
MEPS,educ_3catHS_SomeColl,educ_3cat,Education,HS_SomeColl,LT_HS,60-69,2005,0.474115,0.08025,0.315808,0.632421,2157
MEPS,educ_3catBA_plus,educ_3cat,Education,BA_plus,LT_HS,60-69,2005,0.923085,0.078237,0.768749,1.07742,2157
MEPS,sexFemale,sex,Sex,Female,Male,60-69,2006,0.052558,0.046382,-0.038904,0.144021,2307
MEPS,race_includehispBlack,race_includehisp,Race/Ethnicity,Black,White,60-69,2006,-0.184783,0.069521,-0.321877,-0.04769,2307
MEPS,race_includehispAIAN,race_includehisp,Race/Ethnicity,AIAN,White,60-69,2006,0.003218,0.286419,-0.561588,0.568024,2307
MEPS,race_includehispAsian,race_includehisp,Race/Ethnicity,Asian,White,60-69,2006,0.088804,0.154422,-0.21571,0.393319,2307
MEPS,race_includehispHispanic,race_includehisp,Race/Ethnicity,Hispanic,White,60-69,2006,-0.210386,0.104194,-0.415852,-0.00492,2307
MEPS,race_includehispOther,race_includehisp,Race/Ethnicity,Other,White,60-69,2006,-0.244374,0.234286,-0.706376,0.217628,2307
MEPS,educ_3catHS_SomeColl,educ_3cat,Education,HS_SomeColl,LT_HS,60-69,2006,0.450582,0.077943,0.296881,0.604284,2307
MEPS,educ_3catBA_plus,educ_3cat,Education,BA_plus,LT_HS,60-69,2006,0.888027,0.076053,0.738053,1.038,2307
MEPS,sexFemale,sex,Sex,Female,Male,60-69,2007,0.024731,0.049625,-0.072971,0.122433,2237
MEPS,race_includehispBlack,race_includehisp,Race/Ethnicity,Black,White,60-69,2007,-0.070733,0.075224,-0.218832,0.077366,2237
MEPS,race_includehispAIAN,race_includehisp,Race/Ethnicity,AIAN,White,60-69,2007,0.328706,0.274393,-0.211516,0.868927,2237
MEPS,race_includehispAsian,race_includehisp,Race/Ethnicity,Asian,White,60-69,2007,-0.02087,0.114897,-0.247079,0.205339,2237
MEPS,race_includehispHispanic,race_includehisp,Race/Ethnicity,Hispanic,White,60-69,2007,-0.032337,0.109198,-0.247325,0.182651,2237
MEPS,race_includehispOther,race_includehisp,Race/Ethnicity,Other,White,60-69,2007,-0.186113,0.221448,-0.622097,0.249872,2237
MEPS,educ_3catHS_SomeColl,educ_3cat,Education,HS_SomeColl,LT_HS,60-69,2007,0.496453,0.074265,0.35024,0.642666,2237
MEPS,educ_3catBA_plus,educ_3cat,Education,BA_plus,LT_HS,60-69,2007,0.862436,0.076787,0.711259,1.013613,2237
MEPS,sexFemale,sex,Sex,Female,Male,60-69,2008,0.048648,0.044079,-0.038388,0.135684,2295
MEPS,race_includehispBlack,race_includehisp,Race/Ethnicity,Black,White,60-69,2008,-0.128128,0.065478,-0.257417,0.001161,2295
MEPS,race_includehispAIAN,race_includehisp,Race/Ethnicity,AIAN,White,60-69,2008,-0.298197,0.211449,-0.715711,0.119317,2295
MEPS,race_includehispAsian,race_includehisp,Race/Ethnicity,Asian,White,60-69,2008,-0.173937,0.105385,-0.382023,0.034149,2295
MEPS,race_includehispHispanic,race_includehisp,Race/Ethnicity,Hispanic,White,60-69,2008,-0.154512,0.080517,-0.313496,0.004472,2295
MEPS,race_includehispOther,race_includehisp,Race/Ethnicity,Other,White,60-69,2008,0.055956,0.176039,-0.291639,0.403551,2295
MEPS,educ_3catHS_SomeColl,educ_3cat,Education,HS_SomeColl,LT_HS,60-69,2008,0.418348,0.069782,0.280561,0.556135,2295
MEPS,educ_3catBA_plus,educ_3cat,Education,BA_plus,LT_HS,60-69,2008,0.75576,0.074813,0.60804,0.903481,2295
MEPS,sexFemale,sex,Sex,Female,Male,60-69,2009,-0.073321,0.044935,-0.162035,0.015393,2661
MEPS,race_includehispBlack,race_includehisp,Race/Ethnicity,Black,White,60-69,2009,-0.171337,0.059212,-0.288238,-0.054437,2661
MEPS,race_includehispAIAN,race_includehisp,Race/Ethnicity,AIAN,White,60-69,2009,-0.102211,0.102737,-0.305041,0.100619,2661
MEPS,race_includehispAsian,race_includehisp,Race/Ethnicity,Asian,White,60-69,2009,-0.169285,0.092851,-0.352598,0.014029,2661
MEPS,race_includehispHispanic,race_includehisp,Race/Ethnicity,Hispanic,White,60-69,2009,0.029061,0.083966,-0.13671,0.194832,2661
MEPS,race_includehispOther,race_includehisp,Race/Ethnicity,Other,White,60-69,2009,-0.107865,0.18191,-0.467003,0.251274,2661
MEPS,educ_3catHS_SomeColl,educ_3cat,Education,HS_SomeColl,LT_HS,60-69,2009,0.570895,0.066577,0.439454,0.702336,2661
MEPS,educ_3catBA_plus,educ_3cat,Education,BA_plus,LT_HS,60-69,2009,0.956687,0.07199,0.81456,1.098815,2661
MEPS,sexFemale,sex,Sex,Female,Male,60-69,2010,-0.042538,0.040278,-0.122049,0.036972,2512
MEPS,race_includehispBlack,race_includehisp,Race/Ethnicity,Black,White,60-69,2010,-0.174491,0.064867,-0.30254,-0.046441,2512
MEPS,race_includehispAIAN,race_includehisp,Race/Ethnicity,AIAN,White,60-69,2010,-0.020769,0.18978,-0.395397,0.353859,2512
MEPS,race_includehispAsian,race_includehisp,Race/Ethnicity,Asian,White,60-69,2010,-0.270881,0.107251,-0.482596,-0.059166,2512
MEPS,race_includehispHispanic,race_includehisp,Race/Ethnicity,Hispanic,White,60-69,2010,-0.09336,0.083808,-0.258799,0.072079,2512
MEPS,race_includehispOther,race_includehisp,Race/Ethnicity,Other,White,60-69,2010,0.377075,0.187578,0.006793,0.747357,2512
MEPS,educ_3catHS_SomeColl,educ_3cat,Education,HS_SomeColl,LT_HS,60-69,2010,0.464432,0.068479,0.329253,0.599612,2512
MEPS,educ_3catBA_plus,educ_3cat,Education,BA_plus,LT_HS,60-69,2010,0.873475,0.075345,0.724744,1.022207,2512
MEPS,sexFemale,sex,Sex,Female,Male,60-69,2011,-0.047147,0.041465,-0.128999,0.034705,2718
MEPS,race_includehispBlack,race_includehisp,Race/Ethnicity,Black,White,60-69,2011,-0.327338,0.062665,-0.45104,-0.203635,2718
MEPS,race_includehispAIAN,race_includehisp,Race/Ethnicity,AIAN,White,60-69,2011,-0.33554,0.241625,-0.812512,0.141432,2718
MEPS,race_includehispAsian,race_includehisp,Race/Ethnicity,Asian,White,60-69,2011,-0.164899,0.093118,-0.348715,0.018918,2718
MEPS,race_includehispHispanic,race_includehisp,Race/Ethnicity,Hispanic,White,60-69,2011,-0.203995,0.075452,-0.352939,-0.055051,2718
MEPS,race_includehispOther,race_includehisp,Race/Ethnicity,Other,White,60-69,2011,-0.212462,0.20455,-0.616248,0.191324,2718
MEPS,educ_3catHS_SomeColl,educ_3cat,Education,HS_SomeColl,LT_HS,60-69,2011,0.480875,0.075065,0.332696,0.629054,2718
MEPS,educ_3catBA_plus,educ_3cat,Education,BA_plus,LT_HS,60-69,2011,0.844585,0.073585,0.699327,0.989844,2718
MEPS,sexFemale,sex,Sex,Female,Male,60-69,2012,0.038641,0.043512,-0.047256,0.124539,3107
MEPS,race_includehispBlack,race_includehisp,Race/Ethnicity,Black,White,60-69,2012,-0.193465,0.055916,-0.303848,-0.083082,3107
MEPS,race_includehispAIAN,race_includehisp,Race/Ethnicity,AIAN,White,60-69,2012,0.156382,0.296306,-0.428555,0.741319,3107
MEPS,race_includehispAsian,race_includehisp,Race/Ethnicity,Asian,White,60-69,2012,-0.331453,0.075762,-0.481015,-0.181891,3107
MEPS,race_includehispHispanic,race_includehisp,Race/Ethnicity,Hispanic,White,60-69,2012,-0.164063,0.071269,-0.304755,-0.02337,3107
MEPS,race_includehispOther,race_includehisp,Race/Ethnicity,Other,White,60-69,2012,-0.406765,0.215892,-0.832958,0.019428,3107
MEPS,educ_3catHS_SomeColl,educ_3cat,Education,HS_SomeColl,LT_HS,60-69,2012,0.399214,0.075151,0.250859,0.547569,3107
MEPS,educ_3catBA_plus,educ_3cat,Education,BA_plus,LT_HS,60-69,2012,0.8587,0.0771,0.706496,1.010904,3107
MEPS,sexFemale,sex,Sex,Female,Male,60-69,2013,0.044293,0.043868,-0.042303,0.130889,2945
MEPS,race_includehispBlack,race_includehisp,Race/Ethnicity,Black,White,60-69,2013,-0.200852,0.055701,-0.310807,-0.090898,2945
MEPS,race_includehispAIAN,race_includehisp,Race/Ethnicity,AIAN,White,60-69,2013,-0.436254,0.351579,-1.130277,0.257768,2945
MEPS,race_includehispAsian,race_includehisp,Race/Ethnicity,Asian,White,60-69,2013,-0.073662,0.096759,-0.264665,0.117341,2945
MEPS,race_includehispHispanic,race_includehisp,Race/Ethnicity,Hispanic,White,60-69,2013,-0.233564,0.070742,-0.373209,-0.093918,2945
MEPS,race_includehispOther,race_includehisp,Race/Ethnicity,Other,White,60-69,2013,-0.444597,0.180575,-0.801054,-0.08814,2945
MEPS,educ_3catHS_SomeColl,educ_3cat,Education,HS_SomeColl,LT_HS,60-69,2013,0.328164,0.066179,0.197526,0.458802,2945
MEPS,educ_3catBA_plus,educ_3cat,Education,BA_plus,LT_HS,60-69,2013,0.801769,0.063888,0.675652,0.927886,2945
MEPS,sexFemale,sex,Sex,Female,Male,60-69,2014,0.012795,0.049267,-0.084464,0.110053,2708
MEPS,race_includehispBlack,race_includehisp,Race/Ethnicity,Black,White,60-69,2014,-0.216727,0.051518,-0.318428,-0.115025,2708
MEPS,race_includehispAIAN,race_includehisp,Race/Ethnicity,AIAN,White,60-69,2014,-0.146041,0.424213,-0.983479,0.691398,2708
MEPS,race_includehispAsian,race_includehisp,Race/Ethnicity,Asian,White,60-69,2014,-0.096713,0.09694,-0.288082,0.094657,2708
MEPS,race_includehispHispanic,race_includehisp,Race/Ethnicity,Hispanic,White,60-69,2014,-0.195873,0.068872,-0.331832,-0.059913,2708
MEPS,race_includehispOther,race_includehisp,Race/Ethnicity,Other,White,60-69,2014,-0.314887,0.143089,-0.597359,-0.032414,2708
MEPS,educ_3catHS_SomeColl,educ_3cat,Education,HS_SomeColl,LT_HS,60-69,2014,0.40332,0.066237,0.272562,0.534077,2708
MEPS,educ_3catBA_plus,educ_3cat,Education,BA_plus,LT_HS,60-69,2014,0.855701,0.070886,0.715765,0.995638,2708
MEPS,sexFemale,sex,Sex,Female,Male,60-69,2015,0.06855,0.043077,-0.01647,0.15357,2788
MEPS,race_includehispBlack,race_includehisp,Race/Ethnicity,Black,White,60-69,2015,-0.244913,0.056807,-0.357033,-0.132792,2788
MEPS,race_includehispAIAN,race_includehisp,Race/Ethnicity,AIAN,White,60-69,2015,-0.066212,0.431035,-0.916943,0.784519,2788
MEPS,race_includehispAsian,race_includehisp,Race/Ethnicity,Asian,White,60-69,2015,-0.13121,0.09251,-0.313797,0.051376,2788
MEPS,race_includehispHispanic,race_includehisp,Race/Ethnicity,Hispanic,White,60-69,2015,-0.130872,0.066917,-0.262945,0.001201,2788
MEPS,race_includehispOther,race_includehisp,Race/Ethnicity,Other,White,60-69,2015,0.043182,0.162276,-0.277101,0.363466,2788
MEPS,educ_3catHS_SomeColl,educ_3cat,Education,HS_SomeColl,LT_HS,60-69,2015,0.406015,0.074917,0.258151,0.553878,2788
MEPS,educ_3catBA_plus,educ_3cat,Education,BA_plus,LT_HS,60-69,2015,0.807667,0.072999,0.663589,0.951745,2788
MEPS,sexFemale,sex,Sex,Female,Male,60-69,2016,6.06e-4,0.039162,-0.076691,0.077903,2954
MEPS,race_includehispBlack,race_includehisp,Race/Ethnicity,Black,White,60-69,2016,-0.333871,0.056916,-0.44621,-0.221533,2954
MEPS,race_includehispAIAN,race_includehisp,Race/Ethnicity,AIAN,White,60-69,2016,-0.815837,0.303469,-1.414817,-0.216858,2954
MEPS,race_includehispAsian,race_includehisp,Race/Ethnicity,Asian,White,60-69,2016,-0.141183,0.086046,-0.311018,0.028653,2954
MEPS,race_includehispHispanic,race_includehisp,Race/Ethnicity,Hispanic,White,60-69,2016,-0.148758,0.068679,-0.284314,-0.013202,2954
MEPS,race_includehispOther,race_includehisp,Race/Ethnicity,Other,White,60-69,2016,-0.035803,0.153945,-0.339655,0.268049,2954
MEPS,educ_3catHS_SomeColl,educ_3cat,Education,HS_SomeColl,LT_HS,60-69,2016,0.367468,0.064058,0.241033,0.493903,2954
MEPS,educ_3catBA_plus,educ_3cat,Education,BA_plus,LT_HS,60-69,2016,0.747855,0.073394,0.602993,0.892718,2954
MEPS,sexFemale,sex,Sex,Female,Male,60-69,2017,0.017426,0.038101,-0.057567,0.092419,3047
MEPS,race_includehispBlack,race_includehisp,Race/Ethnicity,Black,White,60-69,2017,-0.334172,0.055259,-0.442937,-0.225407,3047
MEPS,race_includehispAIAN,race_includehisp,Race/Ethnicity,AIAN,White,60-69,2017,-1.025172,0.266246,-1.549215,-0.501129,3047
MEPS,race_includehispAsian,race_includehisp,Race/Ethnicity,Asian,White,60-69,2017,-0.089834,0.083585,-0.254351,0.074683,3047
MEPS,race_includehispHispanic,race_includehisp,Race/Ethnicity,Hispanic,White,60-69,2017,-0.088887,0.072016,-0.230634,0.05286,3047
MEPS,race_includehispOther,race_includehisp,Race/Ethnicity,Other,White,60-69,2017,-0.162016,0.180392,-0.517074,0.193043,3047
MEPS,educ_3catHS_SomeColl,educ_3cat,Education,HS_SomeColl,LT_HS,60-69,2017,0.425851,0.07341,0.28136100000000003,0.570342,3047
MEPS,educ_3catBA_plus,educ_3cat,Education,BA_plus,LT_HS,60-69,2017,0.756683,0.078364,0.602442,0.910924,3047
MEPS,sexFemale,sex,Sex,Female,Male,60-69,2018,-0.003244,0.034573,-0.071633,0.065145,3161
MEPS,race_includehispBlack,race_includehisp,Race/Ethnicity,Black,White,60-69,2018,-0.259464,0.069459,-0.396861,-0.122067,3161
MEPS,race_includehispAIAN,race_includehisp,Race/Ethnicity,AIAN,White,60-69,2018,-1.174899,0.294117,-1.756692,-0.593105,3161
MEPS,race_includehispAsian,race_includehisp,Race/Ethnicity,Asian,White,60-69,2018,-0.083625,0.115455,-0.312007,0.144757,3161
MEPS,race_includehispHispanic,race_includehisp,Race/Ethnicity,Hispanic,White,60-69,2018,-0.29846,0.062706,-0.422498,-0.174421,3161
MEPS,race_includehispOther,race_includehisp,Race/Ethnicity,Other,White,60-69,2018,-0.480137,0.132816,-0.742861,-0.217414,3161
MEPS,educ_3catHS_SomeColl,educ_3cat,Education,HS_SomeColl,LT_HS,60-69,2018,0.335467,0.067068,0.2028,0.468134,3161
MEPS,educ_3catBA_plus,educ_3cat,Education,BA_plus,LT_HS,60-69,2018,0.674738,0.074787,0.526802,0.822674,3161
MEPS,sexFemale,sex,Sex,Female,Male,60-69,2019,-0.016405,0.035569,-0.08663,0.05382,3045
MEPS,race_includehispBlack,race_includehisp,Race/Ethnicity,Black,White,60-69,2019,-0.251088,0.054645,-0.358976,-0.1432,3045
MEPS,race_includehispAIAN,race_includehisp,Race/Ethnicity,AIAN,White,60-69,2019,-0.351773,0.428378,-1.197544,0.493998,3045
MEPS,race_includehispAsian,race_includehisp,Race/Ethnicity,Asian,White,60-69,2019,-0.062091,0.096445,-0.252508,0.128326,3045
MEPS,race_includehispHispanic,race_includehisp,Race/Ethnicity,Hispanic,White,60-69,2019,-0.213807,0.070818999999999993,-0.353629,-0.073985,3045
MEPS,race_includehispOther,race_includehisp,Race/Ethnicity,Other,White,60-69,2019,-0.463049,0.134772,-0.729137,-0.196962,3045
MEPS,educ_3catHS_SomeColl,educ_3cat,Education,HS_SomeColl,LT_HS,60-69,2019,0.359649,0.079067,0.203542,0.515755,3045
MEPS,educ_3catBA_plus,educ_3cat,Education,BA_plus,LT_HS,60-69,2019,0.73784,0.080023,0.579846,0.895835,3045
MEPS,sexFemale,sex,Sex,Female,Male,60-69,2020,0.039443,0.041439,-0.04238,0.121265,2792
MEPS,race_includehispBlack,race_includehisp,Race/Ethnicity,Black,White,60-69,2020,-0.270084,0.073726,-0.415659,-0.124508,2792
MEPS,race_includehispAIAN,race_includehisp,Race/Ethnicity,AIAN,White,60-69,2020,0.066823,0.252784,-0.432307,0.565954,2792
MEPS,race_includehispAsian,race_includehisp,Race/Ethnicity,Asian,White,60-69,2020,-0.006707,0.12487,-0.253268,0.239853,2792
MEPS,race_includehispHispanic,race_includehisp,Race/Ethnicity,Hispanic,White,60-69,2020,-0.15037,0.076744,-0.301904,0.001164,2792
MEPS,race_includehispOther,race_includehisp,Race/Ethnicity,Other,White,60-69,2020,-0.247098,0.149399,-0.542092,0.047896,2792
MEPS,educ_3catHS_SomeColl,educ_3cat,Education,HS_SomeColl,LT_HS,60-69,2020,0.413352,0.085866,0.243807,0.582897,2792
MEPS,educ_3catBA_plus,educ_3cat,Education,BA_plus,LT_HS,60-69,2020,0.783683,0.082749,0.620292,0.947074,2792
MEPS,sexFemale,sex,Sex,Female,Male,60-69,2021,-0.0145,0.040585,-0.09444,0.06544,2996
MEPS,race_includehispBlack,race_includehisp,Race/Ethnicity,Black,White,60-69,2021,-0.295444,0.062081,-0.417725,-0.173162,2996
MEPS,race_includehispAIAN,race_includehisp,Race/Ethnicity,AIAN,White,60-69,2021,0.031854,0.148362,-0.260373,0.324082,2996
MEPS,race_includehispAsian,race_includehisp,Race/Ethnicity,Asian,White,60-69,2021,-0.141626,0.102406,-0.343335,0.060084,2996
MEPS,race_includehispHispanic,race_includehisp,Race/Ethnicity,Hispanic,White,60-69,2021,-0.113927,0.075307,-0.262258,0.034405,2996
MEPS,race_includehispOther,race_includehisp,Race/Ethnicity,Other,White,60-69,2021,-0.319877,0.173256,-0.661138,0.021384,2996
MEPS,educ_3catHS_SomeColl,educ_3cat,Education,HS_SomeColl,LT_HS,60-69,2021,0.424052,0.084507,0.2576,0.590504,2996
MEPS,educ_3catBA_plus,educ_3cat,Education,BA_plus,LT_HS,60-69,2021,0.779216,0.081107,0.61946,0.938972,2996
MEPS,sexFemale,sex,Sex,Female,Male,60-69,2022,-0.083414,0.046058,-0.174175,0.007348,2264
MEPS,race_includehispBlack,race_includehisp,Race/Ethnicity,Black,White,60-69,2022,-0.318867,0.072306,-0.461354,-0.17638,2264
MEPS,race_includehispAIAN,race_includehisp,Race/Ethnicity,AIAN,White,60-69,2022,-0.375801,0.174026,-0.718738,-0.032864,2264
MEPS,race_includehispAsian,race_includehisp,Race/Ethnicity,Asian,White,60-69,2022,0.032344,0.14937,-0.262007,0.326695,2264
MEPS,race_includehispHispanic,race_includehisp,Race/Ethnicity,Hispanic,White,60-69,2022,-0.10393,0.08176,-0.265047,0.057187,2264
MEPS,race_includehispOther,race_includehisp,Race/Ethnicity,Other,White,60-69,2022,-0.545244,0.217193,-0.973248,-0.117241,2264
MEPS,educ_3catHS_SomeColl,educ_3cat,Education,HS_SomeColl,LT_HS,60-69,2022,0.372279,0.092639,0.189724,0.554835,2264
MEPS,educ_3catBA_plus,educ_3cat,Education,BA_plus,LT_HS,60-69,2022,0.708792,0.093031,0.525465,0.892119,2264
MEPS,sexFemale,sex,Sex,Female,Male,60-69,2023,0.006852,0.056688,-0.105165,0.118869,2013
MEPS,race_includehispBlack,race_includehisp,Race/Ethnicity,Black,White,60-69,2023,-0.418793,0.069621,-0.556365,-0.281221,2013
MEPS,race_includehispAIAN,race_includehisp,Race/Ethnicity,AIAN,White,60-69,2023,-0.808597,0.155433,-1.115734,-0.501459,2013
MEPS,race_includehispAsian,race_includehisp,Race/Ethnicity,Asian,White,60-69,2023,-0.211278,0.178806,-0.564601,0.142045,2013
MEPS,race_includehispHispanic,race_includehisp,Race/Ethnicity,Hispanic,White,60-69,2023,0.008434,0.0997,-0.188575,0.205443,2013
MEPS,race_includehispOther,race_includehisp,Race/Ethnicity,Other,White,60-69,2023,-0.172313,0.167707,-0.503705,0.159078,2013
MEPS,educ_3catHS_SomeColl,educ_3cat,Education,HS_SomeColl,LT_HS,60-69,2023,0.259719,0.098796,0.064498,0.454941,2013
MEPS,educ_3catBA_plus,educ_3cat,Education,BA_plus,LT_HS,60-69,2023,0.688183,0.09551,0.499454,0.876913,2013
MEPS,sexFemale,sex,Sex,Female,Male,70-79,2000,-0.05631,0.063774,-0.182349,0.069729,1217
MEPS,race_includehispBlack,race_includehisp,Race/Ethnicity,Black,White,70-79,2000,-0.064376,0.112157,-0.286038,0.157285,1217
MEPS,race_includehispAIAN,race_includehisp,Race/Ethnicity,AIAN,White,70-79,2000,-0.606425,0.514622,-1.623496,0.410645,1217
MEPS,race_includehispAsian,race_includehisp,Race/Ethnicity,Asian,White,70-79,2000,0.057507,0.23184,-0.400688,0.515702,1217
MEPS,race_includehispHispanic,race_includehisp,Race/Ethnicity,Hispanic,White,70-79,2000,-0.082705,0.111313,-0.302697,0.137287,1217
MEPS,educ_3catHS_SomeColl,educ_3cat,Education,HS_SomeColl,LT_HS,70-79,2000,0.314959,0.088117,0.14081,0.489109,1217
MEPS,educ_3catBA_plus,educ_3cat,Education,BA_plus,LT_HS,70-79,2000,0.658782,0.102128,0.456941,0.860623,1217
MEPS,sexFemale,sex,Sex,Female,Male,70-79,2001,0.031452,0.0525,-0.071882,0.134786,1607
MEPS,race_includehispBlack,race_includehisp,Race/Ethnicity,Black,White,70-79,2001,-0.113969,0.093149,-0.297311,0.069374,1607
MEPS,race_includehispAIAN,race_includehisp,Race/Ethnicity,AIAN,White,70-79,2001,-0.247965,0.329647,-0.896797,0.400867,1607
MEPS,race_includehispAsian,race_includehisp,Race/Ethnicity,Asian,White,70-79,2001,-0.132181,0.202632,-0.531013,0.266652,1607
MEPS,race_includehispHispanic,race_includehisp,Race/Ethnicity,Hispanic,White,70-79,2001,-0.246843,0.098194,-0.440115,-0.053571,1607
MEPS,educ_3catHS_SomeColl,educ_3cat,Education,HS_SomeColl,LT_HS,70-79,2001,0.435863,0.056793,0.324079,0.547646,1607
MEPS,educ_3catBA_plus,educ_3cat,Education,BA_plus,LT_HS,70-79,2001,0.651365,0.083514,0.486988,0.815742,1607
MEPS,sexFemale,sex,Sex,Female,Male,70-79,2002,0.007217,0.044582,-0.080777,0.095211,1819
MEPS,race_includehispBlack,race_includehisp,Race/Ethnicity,Black,White,70-79,2002,-0.290959,0.083322,-0.455418,-0.126501,1819
MEPS,race_includehispAIAN,race_includehisp,Race/Ethnicity,AIAN,White,70-79,2002,-0.126248,0.296016,-0.710516,0.45802,1819
MEPS,race_includehispAsian,race_includehisp,Race/Ethnicity,Asian,White,70-79,2002,-0.186838,0.184522,-0.551042,0.177366,1819
MEPS,race_includehispHispanic,race_includehisp,Race/Ethnicity,Hispanic,White,70-79,2002,-0.012763,0.102162,-0.214408,0.188882,1819
MEPS,race_includehispOther,race_includehisp,Race/Ethnicity,Other,White,70-79,2002,-0.493336,0.230837,-0.948955,-0.037717,1819
MEPS,educ_3catHS_SomeColl,educ_3cat,Education,HS_SomeColl,LT_HS,70-79,2002,0.409801,0.065025,0.281457,0.538145,1819
MEPS,educ_3catBA_plus,educ_3cat,Education,BA_plus,LT_HS,70-79,2002,0.638731,0.081803,0.477272,0.800191,1819
MEPS,sexFemale,sex,Sex,Female,Male,70-79,2003,-0.053277,0.05241,-0.156763,0.050209,1638
MEPS,race_includehispBlack,race_includehisp,Race/Ethnicity,Black,White,70-79,2003,-0.171027,0.083295,-0.335495,-0.006558,1638
MEPS,race_includehispAIAN,race_includehisp,Race/Ethnicity,AIAN,White,70-79,2003,0.217739,0.251541,-0.278938,0.714416,1638
MEPS,race_includehispAsian,race_includehisp,Race/Ethnicity,Asian,White,70-79,2003,0.253852,0.213003,-0.16673,0.674434,1638
MEPS,race_includehispHispanic,race_includehisp,Race/Ethnicity,Hispanic,White,70-79,2003,-0.058149,0.137902,-0.330441,0.214143,1638
MEPS,race_includehispOther,race_includehisp,Race/Ethnicity,Other,White,70-79,2003,-0.478007,0.240152,-0.952196,-0.003819,1638
MEPS,educ_3catHS_SomeColl,educ_3cat,Education,HS_SomeColl,LT_HS,70-79,2003,0.391523,0.076471,0.240528,0.542518,1638
MEPS,educ_3catBA_plus,educ_3cat,Education,BA_plus,LT_HS,70-79,2003,0.633814,0.08202,0.471863,0.795766,1638
MEPS,sexFemale,sex,Sex,Female,Male,70-79,2004,0.040874,0.05016,-0.058239,0.139986,1630
MEPS,race_includehispBlack,race_includehisp,Race/Ethnicity,Black,White,70-79,2004,-0.058494,0.083819,-0.224111,0.107124,1630
MEPS,race_includehispAIAN,race_includehisp,Race/Ethnicity,AIAN,White,70-79,2004,-0.155235,0.246618,-0.642529,0.332059,1630
MEPS,race_includehispAsian,race_includehisp,Race/Ethnicity,Asian,White,70-79,2004,0.291603,0.176703,-0.057546,0.640752,1630
MEPS,race_includehispHispanic,race_includehisp,Race/Ethnicity,Hispanic,White,70-79,2004,-0.258338,0.095116,-0.446278,-0.070398,1630
MEPS,race_includehispOther,race_includehisp,Race/Ethnicity,Other,White,70-79,2004,-0.293885,0.20443,-0.69782,0.11005,1630
MEPS,educ_3catHS_SomeColl,educ_3cat,Education,HS_SomeColl,LT_HS,70-79,2004,0.332259,0.067849,0.198196,0.466322,1630
MEPS,educ_3catBA_plus,educ_3cat,Education,BA_plus,LT_HS,70-79,2004,0.584732,0.075363,0.435822,0.733641,1630
MEPS,sexFemale,sex,Sex,Female,Male,70-79,2005,0.017935,0.053767,-0.088221,0.12409,1533
MEPS,race_includehispBlack,race_includehisp,Race/Ethnicity,Black,White,70-79,2005,-0.294991,0.090118,-0.472916,-0.117067,1533
MEPS,race_includehispAIAN,race_includehisp,Race/Ethnicity,AIAN,White,70-79,2005,0.026723,0.200685,-0.369501,0.422946,1533
MEPS,race_includehispAsian,race_includehisp,Race/Ethnicity,Asian,White,70-79,2005,-0.164283,0.209539,-0.577988,0.249422,1533
MEPS,race_includehispHispanic,race_includehisp,Race/Ethnicity,Hispanic,White,70-79,2005,-0.244989,0.111393,-0.464919,-0.02506,1533
MEPS,race_includehispOther,race_includehisp,Race/Ethnicity,Other,White,70-79,2005,-0.201168,0.232234,-0.65968,0.257345,1533
MEPS,educ_3catHS_SomeColl,educ_3cat,Education,HS_SomeColl,LT_HS,70-79,2005,0.28363,0.067721,0.149924,0.417336,1533
MEPS,educ_3catBA_plus,educ_3cat,Education,BA_plus,LT_HS,70-79,2005,0.587731,0.079331,0.431103,0.744359,1533
MEPS,sexFemale,sex,Sex,Female,Male,70-79,2006,0.055453,0.05673,-0.056527,0.167434,1530
MEPS,race_includehispBlack,race_includehisp,Race/Ethnicity,Black,White,70-79,2006,-0.049465,0.102137,-0.251077,0.152146,1530
MEPS,race_includehispAIAN,race_includehisp,Race/Ethnicity,AIAN,White,70-79,2006,-0.346956,0.400626,-1.137765,0.443853,1530
MEPS,race_includehispAsian,race_includehisp,Race/Ethnicity,Asian,White,70-79,2006,-0.114207,0.136066,-0.382791,0.154378,1530
MEPS,race_includehispHispanic,race_includehisp,Race/Ethnicity,Hispanic,White,70-79,2006,-0.405363,0.109926,-0.622351,-0.188376,1530
MEPS,race_includehispOther,race_includehisp,Race/Ethnicity,Other,White,70-79,2006,-0.145743,0.345412,-0.827565,0.536078,1530
MEPS,educ_3catHS_SomeColl,educ_3cat,Education,HS_SomeColl,LT_HS,70-79,2006,0.31137,0.07544,0.162456,0.460284,1530
MEPS,educ_3catBA_plus,educ_3cat,Education,BA_plus,LT_HS,70-79,2006,0.584241,0.090365,0.405865,0.762616,1530
MEPS,sexFemale,sex,Sex,Female,Male,70-79,2007,-0.019571,0.059197,-0.13638,0.097239,1356
MEPS,race_includehispBlack,race_includehisp,Race/Ethnicity,Black,White,70-79,2007,0.015389,0.092785,-0.167699,0.198476,1356
MEPS,race_includehispAIAN,race_includehisp,Race/Ethnicity,AIAN,White,70-79,2007,0.05163,0.26176,-0.464883,0.568143,1356
MEPS,race_includehispAsian,race_includehisp,Race/Ethnicity,Asian,White,70-79,2007,-0.172744,0.111356,-0.392475,0.046987,1356
MEPS,race_includehispHispanic,race_includehisp,Race/Ethnicity,Hispanic,White,70-79,2007,-0.14015,0.115733,-0.368517,0.088217,1356
MEPS,race_includehispOther,race_includehisp,Race/Ethnicity,Other,White,70-79,2007,-0.733115,0.280309,-1.286229,-0.18,1356
MEPS,educ_3catHS_SomeColl,educ_3cat,Education,HS_SomeColl,LT_HS,70-79,2007,0.506295,0.075924,0.356479,0.656111,1356
MEPS,educ_3catBA_plus,educ_3cat,Education,BA_plus,LT_HS,70-79,2007,0.709486,0.08815,0.535546,0.883426,1356
MEPS,sexFemale,sex,Sex,Female,Male,70-79,2008,-0.036471,0.053629,-0.142525,0.069583,1332
MEPS,race_includehispBlack,race_includehisp,Race/Ethnicity,Black,White,70-79,2008,-0.297518,0.086798,-0.469166,-0.125869,1332
MEPS,race_includehispAIAN,race_includehisp,Race/Ethnicity,AIAN,White,70-79,2008,0.352497,0.263968,-0.169516,0.87451,1332
MEPS,race_includehispAsian,race_includehisp,Race/Ethnicity,Asian,White,70-79,2008,-0.28337,0.104558,-0.49014,-0.076601,1332
MEPS,race_includehispHispanic,race_includehisp,Race/Ethnicity,Hispanic,White,70-79,2008,-0.095915,0.098351,-0.290409,0.09858,1332
MEPS,race_includehispOther,race_includehisp,Race/Ethnicity,Other,White,70-79,2008,-0.355152,0.335595,-1.018811,0.308507,1332
MEPS,educ_3catHS_SomeColl,educ_3cat,Education,HS_SomeColl,LT_HS,70-79,2008,0.382815,0.06846,0.247432,0.518199,1332
MEPS,educ_3catBA_plus,educ_3cat,Education,BA_plus,LT_HS,70-79,2008,0.536302,0.077827,0.382394,0.690209,1332
MEPS,sexFemale,sex,Sex,Female,Male,70-79,2009,0.011402,0.05901,-0.105237,0.12804,1418
MEPS,race_includehispBlack,race_includehisp,Race/Ethnicity,Black,White,70-79,2009,-0.297781,0.068506,-0.433187,-0.162375,1418
MEPS,race_includehispAIAN,race_includehisp,Race/Ethnicity,AIAN,White,70-79,2009,-0.300889,0.454895,-1.200024,0.598245,1418
MEPS,race_includehispAsian,race_includehisp,Race/Ethnicity,Asian,White,70-79,2009,-0.099417,0.109014,-0.314891,0.116057,1418
MEPS,race_includehispHispanic,race_includehisp,Race/Ethnicity,Hispanic,White,70-79,2009,-0.367981,0.085014,-0.536017,-0.199946,1418
MEPS,race_includehispOther,race_includehisp,Race/Ethnicity,Other,White,70-79,2009,-0.477885,0.199521,-0.872254,-0.083517,1418
MEPS,educ_3catHS_SomeColl,educ_3cat,Education,HS_SomeColl,LT_HS,70-79,2009,0.214352,0.07035,0.075299,0.353404,1418
MEPS,educ_3catBA_plus,educ_3cat,Education,BA_plus,LT_HS,70-79,2009,0.407604,0.093687,0.222424,0.592784,1418
MEPS,sexFemale,sex,Sex,Female,Male,70-79,2010,0.047725,0.054616,-0.060267,0.155717,1379
MEPS,race_includehispBlack,race_includehisp,Race/Ethnicity,Black,White,70-79,2010,-0.283294,0.087511,-0.456329,-0.110259,1379
MEPS,race_includehispAIAN,race_includehisp,Race/Ethnicity,AIAN,White,70-79,2010,-0.015526,0.484686,-0.973897,0.942846,1379
MEPS,race_includehispAsian,race_includehisp,Race/Ethnicity,Asian,White,70-79,2010,-0.152594,0.094933,-0.340305,0.035117,1379
MEPS,race_includehispHispanic,race_includehisp,Race/Ethnicity,Hispanic,White,70-79,2010,-0.170517,0.090153,-0.348777,0.007743,1379
MEPS,race_includehispOther,race_includehisp,Race/Ethnicity,Other,White,70-79,2010,-0.44803,0.291434,-1.024284,0.128224,1379
MEPS,educ_3catHS_SomeColl,educ_3cat,Education,HS_SomeColl,LT_HS,70-79,2010,0.488439,0.086638,0.317129,0.65975,1379
MEPS,educ_3catBA_plus,educ_3cat,Education,BA_plus,LT_HS,70-79,2010,0.673153,0.092318,0.490613,0.855694,1379
MEPS,sexFemale,sex,Sex,Female,Male,70-79,2011,0.02432,0.054165,-0.082749,0.131388,1495
MEPS,race_includehispBlack,race_includehisp,Race/Ethnicity,Black,White,70-79,2011,-0.251049,0.077581,-0.404403,-0.097695,1495
MEPS,race_includehispAIAN,race_includehisp,Race/Ethnicity,AIAN,White,70-79,2011,0.175201,0.278985,-0.376265,0.726668,1495
MEPS,race_includehispAsian,race_includehisp,Race/Ethnicity,Asian,White,70-79,2011,-0.341957,0.180702,-0.69915,0.015235,1495
MEPS,race_includehispHispanic,race_includehisp,Race/Ethnicity,Hispanic,White,70-79,2011,-0.271374,0.109902,-0.488616,-0.054131,1495
MEPS,race_includehispOther,race_includehisp,Race/Ethnicity,Other,White,70-79,2011,-0.421808,0.343841,-1.101476,0.25786,1495
MEPS,educ_3catHS_SomeColl,educ_3cat,Education,HS_SomeColl,LT_HS,70-79,2011,0.358102,0.076989,0.205917,0.510286,1495
MEPS,educ_3catBA_plus,educ_3cat,Education,BA_plus,LT_HS,70-79,2011,0.604977,0.089979,0.427116,0.782837,1495
MEPS,sexFemale,sex,Sex,Female,Male,70-79,2012,-0.005018,0.060831,-0.125208,0.115171,1580
MEPS,race_includehispBlack,race_includehisp,Race/Ethnicity,Black,White,70-79,2012,-0.370163,0.068171,-0.504855,-0.235472,1580
MEPS,race_includehispAIAN,race_includehisp,Race/Ethnicity,AIAN,White,70-79,2012,-0.307093,0.219677,-0.741131,0.126944,1580
MEPS,race_includehispAsian,race_includehisp,Race/Ethnicity,Asian,White,70-79,2012,-0.480358,0.123109,-0.723597,-0.237119,1580
MEPS,race_includehispHispanic,race_includehisp,Race/Ethnicity,Hispanic,White,70-79,2012,-0.152977,0.095265,-0.341202,0.035249,1580
MEPS,race_includehispOther,race_includehisp,Race/Ethnicity,Other,White,70-79,2012,0.188893,0.231437,-0.26838,0.646166,1580
MEPS,educ_3catHS_SomeColl,educ_3cat,Education,HS_SomeColl,LT_HS,70-79,2012,0.377278,0.062088,0.254604,0.499952,1580
MEPS,educ_3catBA_plus,educ_3cat,Education,BA_plus,LT_HS,70-79,2012,0.647361,0.088624,0.472257,0.822465,1580
MEPS,sexFemale,sex,Sex,Female,Male,70-79,2013,0.076928,0.058325,-0.038335,0.192192,1423
MEPS,race_includehispBlack,race_includehisp,Race/Ethnicity,Black,White,70-79,2013,-0.209651,0.07456,-0.356999,-0.062303,1423
MEPS,race_includehispAIAN,race_includehisp,Race/Ethnicity,AIAN,White,70-79,2013,-0.340101,0.146147,-0.628923,-0.05128,1423
MEPS,race_includehispAsian,race_includehisp,Race/Ethnicity,Asian,White,70-79,2013,-0.349213,0.148976,-0.643623,-0.054802,1423
MEPS,race_includehispHispanic,race_includehisp,Race/Ethnicity,Hispanic,White,70-79,2013,-0.03131,0.090719,-0.210593,0.147972,1423
MEPS,race_includehispOther,race_includehisp,Race/Ethnicity,Other,White,70-79,2013,-0.301792,0.227338,-0.751065,0.147481,1423
MEPS,educ_3catHS_SomeColl,educ_3cat,Education,HS_SomeColl,LT_HS,70-79,2013,0.385734,0.074212,0.239073,0.532395,1423
MEPS,educ_3catBA_plus,educ_3cat,Education,BA_plus,LT_HS,70-79,2013,0.739513,0.091266,0.55915,0.919876,1423
MEPS,sexFemale,sex,Sex,Female,Male,70-79,2014,0.052244,0.055802,-0.058059,0.162547,1439
MEPS,race_includehispBlack,race_includehisp,Race/Ethnicity,Black,White,70-79,2014,-0.217714,0.080247,-0.376337,-0.059091,1439
MEPS,race_includehispAIAN,race_includehisp,Race/Ethnicity,AIAN,White,70-79,2014,-0.59633100000000006,0.235299,-1.061445,-0.131216,1439
MEPS,race_includehispAsian,race_includehisp,Race/Ethnicity,Asian,White,70-79,2014,-0.391891,0.126404,-0.641753,-0.14203,1439
MEPS,race_includehispHispanic,race_includehisp,Race/Ethnicity,Hispanic,White,70-79,2014,-0.141643,0.117017,-0.372949,0.089663,1439
MEPS,race_includehispOther,race_includehisp,Race/Ethnicity,Other,White,70-79,2014,-0.506953,0.279214,-1.058872,0.044967,1439
MEPS,educ_3catHS_SomeColl,educ_3cat,Education,HS_SomeColl,LT_HS,70-79,2014,0.469281,0.080619,0.309923,0.62864,1439
MEPS,educ_3catBA_plus,educ_3cat,Education,BA_plus,LT_HS,70-79,2014,0.794142,0.104639,0.587303,1.00098,1439
MEPS,sexFemale,sex,Sex,Female,Male,70-79,2015,0.078173,0.051675,-0.023927,0.180273,1585
MEPS,race_includehispBlack,race_includehisp,Race/Ethnicity,Black,White,70-79,2015,-0.349322,0.070149,-0.487922,-0.210721,1585
MEPS,race_includehispAIAN,race_includehisp,Race/Ethnicity,AIAN,White,70-79,2015,-0.045071,0.158195,-0.357632,0.267491,1585
MEPS,race_includehispAsian,race_includehisp,Race/Ethnicity,Asian,White,70-79,2015,0.001669,0.097225,-0.190428,0.193766,1585
MEPS,race_includehispHispanic,race_includehisp,Race/Ethnicity,Hispanic,White,70-79,2015,-0.226862,0.097288,-0.419083,-0.034641,1585
MEPS,race_includehispOther,race_includehisp,Race/Ethnicity,Other,White,70-79,2015,-0.094276,0.19381,-0.477205,0.288654,1585
MEPS,educ_3catHS_SomeColl,educ_3cat,Education,HS_SomeColl,LT_HS,70-79,2015,0.368908,0.078275,0.214252,0.523564,1585
MEPS,educ_3catBA_plus,educ_3cat,Education,BA_plus,LT_HS,70-79,2015,0.745,0.086766,0.573568,0.916432,1585
MEPS,sexFemale,sex,Sex,Female,Male,70-79,2016,0.047987,0.051796,-0.054325,0.150299,1727
MEPS,race_includehispBlack,race_includehisp,Race/Ethnicity,Black,White,70-79,2016,-0.300193,0.071541,-0.441507,-0.158879,1727
MEPS,race_includehispAIAN,race_includehisp,Race/Ethnicity,AIAN,White,70-79,2016,-0.133321,0.148485,-0.426621,0.159979,1727
MEPS,race_includehispAsian,race_includehisp,Race/Ethnicity,Asian,White,70-79,2016,-0.214097,0.10338,-0.418303,-0.009891,1727
MEPS,race_includehispHispanic,race_includehisp,Race/Ethnicity,Hispanic,White,70-79,2016,-0.164957,0.077469,-0.317982,-0.011933,1727
MEPS,race_includehispOther,race_includehisp,Race/Ethnicity,Other,White,70-79,2016,0.040789,0.207268,-0.368626,0.450204,1727
MEPS,educ_3catHS_SomeColl,educ_3cat,Education,HS_SomeColl,LT_HS,70-79,2016,0.37159,0.078296,0.216934,0.526247,1727
MEPS,educ_3catBA_plus,educ_3cat,Education,BA_plus,LT_HS,70-79,2016,0.704255,0.085632,0.535106,0.873403,1727
MEPS,sexFemale,sex,Sex,Female,Male,70-79,2017,0.051287,0.046084,-0.039494,0.142068,1899
MEPS,race_includehispBlack,race_includehisp,Race/Ethnicity,Black,White,70-79,2017,-0.231148,0.070566,-0.370155,-0.09214,1899
MEPS,race_includehispAIAN,race_includehisp,Race/Ethnicity,AIAN,White,70-79,2017,-0.558323,0.123622,-0.801846,-0.314801,1899
MEPS,race_includehispAsian,race_includehisp,Race/Ethnicity,Asian,White,70-79,2017,-0.263888,0.115602,-0.491612,-0.036165,1899
MEPS,race_includehispHispanic,race_includehisp,Race/Ethnicity,Hispanic,White,70-79,2017,-0.111825,0.083844,-0.276988,0.053338000000000003,1899
MEPS,race_includehispOther,race_includehisp,Race/Ethnicity,Other,White,70-79,2017,-0.078849,0.197791,-0.468477,0.310779,1899
MEPS,educ_3catHS_SomeColl,educ_3cat,Education,HS_SomeColl,LT_HS,70-79,2017,0.418507,0.085936,0.249222,0.587791,1899
MEPS,educ_3catBA_plus,educ_3cat,Education,BA_plus,LT_HS,70-79,2017,0.77968,0.094582,0.593363,0.965998,1899
MEPS,sexFemale,sex,Sex,Female,Male,70-79,2018,-3.76e-4,0.04811,-0.09555,0.094797,2103
MEPS,race_includehispBlack,race_includehisp,Race/Ethnicity,Black,White,70-79,2018,-0.214305,0.073663,-0.360029,-0.068582,2103
MEPS,race_includehispAIAN,race_includehisp,Race/Ethnicity,AIAN,White,70-79,2018,-0.094406,0.288289,-0.66471,0.475899,2103
MEPS,race_includehispAsian,race_includehisp,Race/Ethnicity,Asian,White,70-79,2018,-0.226054,0.164075,-0.550633,0.098525,2103
MEPS,race_includehispHispanic,race_includehisp,Race/Ethnicity,Hispanic,White,70-79,2018,-0.083304,0.116645,-0.314055,0.147448,2103
MEPS,race_includehispOther,race_includehisp,Race/Ethnicity,Other,White,70-79,2018,0.007097,0.150227,-0.290089,0.304282,2103
MEPS,educ_3catHS_SomeColl,educ_3cat,Education,HS_SomeColl,LT_HS,70-79,2018,0.371299,0.081483,0.210106,0.532492,2103
MEPS,educ_3catBA_plus,educ_3cat,Education,BA_plus,LT_HS,70-79,2018,0.715268,0.084738,0.547636,0.8829,2103
MEPS,sexFemale,sex,Sex,Female,Male,70-79,2019,0.04393,0.046683,-0.048254,0.136115,2057
MEPS,race_includehispBlack,race_includehisp,Race/Ethnicity,Black,White,70-79,2019,-0.346488,0.097145,-0.538321,-0.154655,2057
MEPS,race_includehispAIAN,race_includehisp,Race/Ethnicity,AIAN,White,70-79,2019,-0.324031,0.41499,-1.143519,0.495456,2057
MEPS,race_includehispAsian,race_includehisp,Race/Ethnicity,Asian,White,70-79,2019,-0.095685,0.123023,-0.33862,0.14725,2057
MEPS,race_includehispHispanic,race_includehisp,Race/Ethnicity,Hispanic,White,70-79,2019,-0.152025,0.113792,-0.376732,0.072683,2057
MEPS,race_includehispOther,race_includehisp,Race/Ethnicity,Other,White,70-79,2019,0.010604,0.130308,-0.246718,0.267926,2057
MEPS,educ_3catHS_SomeColl,educ_3cat,Education,HS_SomeColl,LT_HS,70-79,2019,0.382136,0.085198,0.213894,0.550377,2057
MEPS,educ_3catBA_plus,educ_3cat,Education,BA_plus,LT_HS,70-79,2019,0.73928,0.090996,0.559589,0.918972,2057
MEPS,sexFemale,sex,Sex,Female,Male,70-79,2020,0.02439,0.050714,-0.075761,0.124541,2058
MEPS,race_includehispBlack,race_includehisp,Race/Ethnicity,Black,White,70-79,2020,-0.190834,0.078552,-0.345959,-0.035708,2058
MEPS,race_includehispAIAN,race_includehisp,Race/Ethnicity,AIAN,White,70-79,2020,0.032065,0.313616,-0.587266,0.651396,2058
MEPS,race_includehispAsian,race_includehisp,Race/Ethnicity,Asian,White,70-79,2020,0.031418,0.131386,-0.228044,0.290879,2058
MEPS,race_includehispHispanic,race_includehisp,Race/Ethnicity,Hispanic,White,70-79,2020,-0.042143,0.12328,-0.285597,0.201311,2058
MEPS,race_includehispOther,race_includehisp,Race/Ethnicity,Other,White,70-79,2020,-0.169781,0.169301,-0.504118,0.164556,2058
MEPS,educ_3catHS_SomeColl,educ_3cat,Education,HS_SomeColl,LT_HS,70-79,2020,0.401528,0.094748,0.214418,0.588638,2058
MEPS,educ_3catBA_plus,educ_3cat,Education,BA_plus,LT_HS,70-79,2020,0.795305,0.092997,0.611654,0.978957,2058
MEPS,sexFemale,sex,Sex,Female,Male,70-79,2021,0.014076,0.046664,-0.077855,0.106008,2415
MEPS,race_includehispBlack,race_includehisp,Race/Ethnicity,Black,White,70-79,2021,-0.286915,0.092116,-0.46839,-0.105439,2415
MEPS,race_includehispAIAN,race_includehisp,Race/Ethnicity,AIAN,White,70-79,2021,-0.589591,0.379336,-1.336909,0.157726,2415
MEPS,race_includehispAsian,race_includehisp,Race/Ethnicity,Asian,White,70-79,2021,-0.09297,0.119794,-0.328973,0.143033,2415
MEPS,race_includehispHispanic,race_includehisp,Race/Ethnicity,Hispanic,White,70-79,2021,-0.1141,0.089703,-0.290821,0.062622,2415
MEPS,race_includehispOther,race_includehisp,Race/Ethnicity,Other,White,70-79,2021,-0.395641,0.146677,-0.684606,-0.106677,2415
MEPS,educ_3catHS_SomeColl,educ_3cat,Education,HS_SomeColl,LT_HS,70-79,2021,0.243648,0.11045,0.026054,0.461242,2415
MEPS,educ_3catBA_plus,educ_3cat,Education,BA_plus,LT_HS,70-79,2021,0.498773,0.104336,0.293224,0.704323,2415
MEPS,sexFemale,sex,Sex,Female,Male,70-79,2022,-0.040654,0.063792,-0.166419,0.085112,1820
MEPS,race_includehispBlack,race_includehisp,Race/Ethnicity,Black,White,70-79,2022,-0.234586,0.088656,-0.409371,-0.059802,1820
MEPS,race_includehispAIAN,race_includehisp,Race/Ethnicity,AIAN,White,70-79,2022,0.156839,0.577384,-0.981468,1.295146,1820
MEPS,race_includehispAsian,race_includehisp,Race/Ethnicity,Asian,White,70-79,2022,-0.335404,0.14691,-0.625035,-0.045772,1820
MEPS,race_includehispHispanic,race_includehisp,Race/Ethnicity,Hispanic,White,70-79,2022,-0.247993,0.106762,-0.458473,-0.037513,1820
MEPS,race_includehispOther,race_includehisp,Race/Ethnicity,Other,White,70-79,2022,-0.274976,0.203705,-0.676578,0.126626,1820
MEPS,educ_3catHS_SomeColl,educ_3cat,Education,HS_SomeColl,LT_HS,70-79,2022,0.453821,0.105781,0.245274,0.662367,1820
MEPS,educ_3catBA_plus,educ_3cat,Education,BA_plus,LT_HS,70-79,2022,0.737737,0.109094,0.522658,0.952816,1820
MEPS,sexFemale,sex,Sex,Female,Male,70-79,2023,0.03194,0.053332,-0.073486,0.137367,1589
MEPS,race_includehispBlack,race_includehisp,Race/Ethnicity,Black,White,70-79,2023,-0.217664,0.081825,-0.379417,-0.055912,1589
MEPS,race_includehispAIAN,race_includehisp,Race/Ethnicity,AIAN,White,70-79,2023,-0.36419,0.349102,-1.0543,0.325919,1589
MEPS,race_includehispAsian,race_includehisp,Race/Ethnicity,Asian,White,70-79,2023,-0.183069,0.15962,-0.498608,0.132469,1589
MEPS,race_includehispHispanic,race_includehisp,Race/Ethnicity,Hispanic,White,70-79,2023,-0.232634,0.099081,-0.428498,-0.03677,1589
MEPS,race_includehispOther,race_includehisp,Race/Ethnicity,Other,White,70-79,2023,-0.415738,0.17469,-0.761068,-0.070408,1589
MEPS,educ_3catHS_SomeColl,educ_3cat,Education,HS_SomeColl,LT_HS,70-79,2023,0.324372,0.0985,0.129655,0.519088,1589
MEPS,educ_3catBA_plus,educ_3cat,Education,BA_plus,LT_HS,70-79,2023,0.632418,0.098917,0.436878,0.827959,1589
MEPS,sexFemale,sex,Sex,Female,Male,80-89,2000,-0.055333,0.113453,-0.280081,0.169416,550
MEPS,race_includehispBlack,race_includehisp,Race/Ethnicity,Black,White,80-89,2000,-0.026296,0.152686,-0.328766,0.276175,550
MEPS,race_includehispAIAN,race_includehisp,Race/Ethnicity,AIAN,White,80-89,2000,-0.30442,0.535488,-1.365218,0.756378,550
MEPS,race_includehispAsian,race_includehisp,Race/Ethnicity,Asian,White,80-89,2000,0.532425,0.665793,-0.786506,1.851357,550
MEPS,race_includehispHispanic,race_includehisp,Race/Ethnicity,Hispanic,White,80-89,2000,-0.307441,0.204789,-0.713128,0.098245,550
MEPS,educ_3catHS_SomeColl,educ_3cat,Education,HS_SomeColl,LT_HS,80-89,2000,0.199718,0.112703,-0.023545,0.422981,550
MEPS,educ_3catBA_plus,educ_3cat,Education,BA_plus,LT_HS,80-89,2000,0.447845,0.168617,0.113816,0.781875,550
MEPS,sexFemale,sex,Sex,Female,Male,80-89,2001,-0.109743,0.072997,-0.2537,0.034213,841
MEPS,race_includehispBlack,race_includehisp,Race/Ethnicity,Black,White,80-89,2001,-0.124892,0.13254,-0.386271,0.136487,841
MEPS,race_includehispAIAN,race_includehisp,Race/Ethnicity,AIAN,White,80-89,2001,-1.009911,0.538604,-2.072081,0.05226,841
MEPS,race_includehispAsian,race_includehisp,Race/Ethnicity,Asian,White,80-89,2001,0.254293,0.421348,-0.576638,1.085224,841
MEPS,race_includehispHispanic,race_includehisp,Race/Ethnicity,Hispanic,White,80-89,2001,-0.317103,0.158814,-0.630297,-0.003909,841
MEPS,educ_3catHS_SomeColl,educ_3cat,Education,HS_SomeColl,LT_HS,80-89,2001,0.153193,0.097779,-0.039634,0.346021,841
MEPS,educ_3catBA_plus,educ_3cat,Education,BA_plus,LT_HS,80-89,2001,0.300209,0.124266,0.055147,0.545271,841
MEPS,sexFemale,sex,Sex,Female,Male,80-89,2002,0.030715,0.083953,-0.135506,0.196936,965
MEPS,race_includehispBlack,race_includehisp,Race/Ethnicity,Black,White,80-89,2002,-0.38149,0.159085,-0.696467,-0.066512,965
MEPS,race_includehispAIAN,race_includehisp,Race/Ethnicity,AIAN,White,80-89,2002,0.113863,0.890047,-1.648368,1.876095,965
MEPS,race_includehispAsian,race_includehisp,Race/Ethnicity,Asian,White,80-89,2002,-0.152955,0.31885,-0.784256,0.478345,965
MEPS,race_includehispHispanic,race_includehisp,Race/Ethnicity,Hispanic,White,80-89,2002,-0.303533,0.150936,-0.602377,-0.00469,965
MEPS,race_includehispOther,race_includehisp,Race/Ethnicity,Other,White,80-89,2002,-0.253514,0.211607,-0.672481,0.165453,965
MEPS,educ_3catHS_SomeColl,educ_3cat,Education,HS_SomeColl,LT_HS,80-89,2002,0.289924,0.075673,0.140097,0.439751,965
MEPS,educ_3catBA_plus,educ_3cat,Education,BA_plus,LT_HS,80-89,2002,0.339859,0.112722,0.116678,0.563041,965
MEPS,sexFemale,sex,Sex,Female,Male,80-89,2003,0.22327,0.086633,0.051433,0.395107,826
MEPS,race_includehispBlack,race_includehisp,Race/Ethnicity,Black,White,80-89,2003,-0.220115,0.166365,-0.550099,0.109869,826
MEPS,race_includehispAIAN,race_includehisp,Race/Ethnicity,AIAN,White,80-89,2003,-0.39659,0.054299,-0.504292,-0.288889,826
MEPS,race_includehispAsian,race_includehisp,Race/Ethnicity,Asian,White,80-89,2003,-0.744453,0.451496,-1.639993,0.151087,826
MEPS,race_includehispHispanic,race_includehisp,Race/Ethnicity,Hispanic,White,80-89,2003,-0.246686,0.116749,-0.478258,-0.015114,826
MEPS,race_includehispOther,race_includehisp,Race/Ethnicity,Other,White,80-89,2003,-0.641886,0.087305,-0.815054,-0.468718,826
MEPS,educ_3catHS_SomeColl,educ_3cat,Education,HS_SomeColl,LT_HS,80-89,2003,0.242301,0.083266,0.077144,0.407458,826
MEPS,educ_3catBA_plus,educ_3cat,Education,BA_plus,LT_HS,80-89,2003,0.376053,0.138427,0.101484,0.650623,826
MEPS,sexFemale,sex,Sex,Female,Male,80-89,2004,0.099591,0.086006,-0.070942,0.270125,826
MEPS,race_includehispBlack,race_includehisp,Race/Ethnicity,Black,White,80-89,2004,-0.065001,0.121141,-0.305202,0.1752,826
MEPS,race_includehispAIAN,race_includehisp,Race/Ethnicity,AIAN,White,80-89,2004,0.814119,0.373643,0.073254,1.554983,826
MEPS,race_includehispAsian,race_includehisp,Race/Ethnicity,Asian,White,80-89,2004,-0.174372,0.296338,-0.761955,0.413211,826
MEPS,race_includehispHispanic,race_includehisp,Race/Ethnicity,Hispanic,White,80-89,2004,-0.133034,0.165443,-0.461077,0.195009,826
MEPS,race_includehispOther,race_includehisp,Race/Ethnicity,Other,White,80-89,2004,-0.550875,0.547064,-1.635603,0.533852,826
MEPS,educ_3catHS_SomeColl,educ_3cat,Education,HS_SomeColl,LT_HS,80-89,2004,0.402467,0.09493,0.214239,0.590695,826
MEPS,educ_3catBA_plus,educ_3cat,Education,BA_plus,LT_HS,80-89,2004,0.681587,0.123511,0.436686,0.926487,826
MEPS,sexFemale,sex,Sex,Female,Male,80-89,2005,0.038319,0.088419,-0.136822,0.213459,840
MEPS,race_includehispBlack,race_includehisp,Race/Ethnicity,Black,White,80-89,2005,-0.239371,0.152305,-0.541058,0.062317,840
MEPS,race_includehispAIAN,race_includehisp,Race/Ethnicity,AIAN,White,80-89,2005,0.250273,0.109372,0.033627,0.466919,840
MEPS,race_includehispAsian,race_includehisp,Race/Ethnicity,Asian,White,80-89,2005,0.079083,0.349819,-0.613841,0.772007,840
MEPS,race_includehispHispanic,race_includehisp,Race/Ethnicity,Hispanic,White,80-89,2005,-0.45509,0.152708,-0.757575,-0.152604,840
MEPS,race_includehispOther,race_includehisp,Race/Ethnicity,Other,White,80-89,2005,-0.251358,0.493729,-1.22934,0.726625,840
MEPS,educ_3catHS_SomeColl,educ_3cat,Education,HS_SomeColl,LT_HS,80-89,2005,0.341367,0.091077,0.160961,0.521772,840
MEPS,educ_3catBA_plus,educ_3cat,Education,BA_plus,LT_HS,80-89,2005,0.607544,0.103098,0.403327,0.811761,840
MEPS,sexFemale,sex,Sex,Female,Male,80-89,2006,-0.109828,0.072629,-0.253571,0.033914,904
MEPS,race_includehispBlack,race_includehisp,Race/Ethnicity,Black,White,80-89,2006,-0.244025,0.107034,-0.455859,-0.03219,904
MEPS,race_includehispAIAN,race_includehisp,Race/Ethnicity,AIAN,White,80-89,2006,-0.236785,0.69882,-1.619837,1.146267,904
MEPS,race_includehispAsian,race_includehisp,Race/Ethnicity,Asian,White,80-89,2006,-0.19617,0.158974,-0.5108,0.11846,904
MEPS,race_includehispHispanic,race_includehisp,Race/Ethnicity,Hispanic,White,80-89,2006,-0.22391,0.140734,-0.502439,0.054619,904
MEPS,race_includehispOther,race_includehisp,Race/Ethnicity,Other,White,80-89,2006,-0.834635,0.475332,-1.775376,0.106105,904
MEPS,educ_3catHS_SomeColl,educ_3cat,Education,HS_SomeColl,LT_HS,80-89,2006,0.336,0.101067,0.135977,0.536023,904
MEPS,educ_3catBA_plus,educ_3cat,Education,BA_plus,LT_HS,80-89,2006,0.317479,0.121277,0.077456,0.557502,904
MEPS,sexFemale,sex,Sex,Female,Male,80-89,2007,-0.155976,0.086043,-0.326307,0.014356,832
MEPS,race_includehispBlack,race_includehisp,Race/Ethnicity,Black,White,80-89,2007,-0.231178,0.105424,-0.439876,-0.022481,832
MEPS,race_includehispAIAN,race_includehisp,Race/Ethnicity,AIAN,White,80-89,2007,1.020572,0.071203,0.879618,1.161526,832
MEPS,race_includehispAsian,race_includehisp,Race/Ethnicity,Asian,White,80-89,2007,-0.408281,0.167377,-0.739619,-0.076942,832
MEPS,race_includehispHispanic,race_includehisp,Race/Ethnicity,Hispanic,White,80-89,2007,-0.409374,0.143271,-0.692994,-0.125755,832
MEPS,race_includehispOther,race_includehisp,Race/Ethnicity,Other,White,80-89,2007,-0.555419,0.400158,-1.347571,0.236734,832
MEPS,educ_3catHS_SomeColl,educ_3cat,Education,HS_SomeColl,LT_HS,80-89,2007,0.245475,0.100889,0.045755,0.445194,832
MEPS,educ_3catBA_plus,educ_3cat,Education,BA_plus,LT_HS,80-89,2007,0.296213,0.136742,0.025518,0.566907,832
MEPS,sexFemale,sex,Sex,Female,Male,80-89,2008,0.064416,0.075038,-0.084637,0.21347,785
MEPS,race_includehispBlack,race_includehisp,Race/Ethnicity,Black,White,80-89,2008,-0.185959,0.118374,-0.421094,0.049175,785
MEPS,race_includehispAsian,race_includehisp,Race/Ethnicity,Asian,White,80-89,2008,-0.117504,0.209484,-0.533619,0.298611,785
MEPS,race_includehispHispanic,race_includehisp,Race/Ethnicity,Hispanic,White,80-89,2008,-0.022341,0.201429,-0.422456,0.377774,785
MEPS,race_includehispOther,race_includehisp,Race/Ethnicity,Other,White,80-89,2008,0.771863,0.258567,0.25825,1.285475,785
MEPS,educ_3catHS_SomeColl,educ_3cat,Education,HS_SomeColl,LT_HS,80-89,2008,0.364862,0.087541,0.190973,0.538751,785
MEPS,educ_3catBA_plus,educ_3cat,Education,BA_plus,LT_HS,80-89,2008,0.555013,0.11522,0.326144,0.783883,785
MEPS,sexFemale,sex,Sex,Female,Male,80-89,2009,0.028816,0.074084,-0.118079,0.17571,916
MEPS,race_includehispBlack,race_includehisp,Race/Ethnicity,Black,White,80-89,2009,-0.289786,0.105594,-0.499161,-0.080412,916
MEPS,race_includehispAIAN,race_includehisp,Race/Ethnicity,AIAN,White,80-89,2009,-1.068571,0.060412,-1.188357,-0.948786,916
MEPS,race_includehispAsian,race_includehisp,Race/Ethnicity,Asian,White,80-89,2009,-0.096245,0.161874,-0.417211,0.224721,916
MEPS,race_includehispHispanic,race_includehisp,Race/Ethnicity,Hispanic,White,80-89,2009,-0.200512,0.107232,-0.413133,0.012109,916
MEPS,race_includehispOther,race_includehisp,Race/Ethnicity,Other,White,80-89,2009,-0.217767,0.308428,-0.829322,0.393788,916
MEPS,educ_3catHS_SomeColl,educ_3cat,Education,HS_SomeColl,LT_HS,80-89,2009,0.271221,0.088226,0.096285,0.446158,916
MEPS,educ_3catBA_plus,educ_3cat,Education,BA_plus,LT_HS,80-89,2009,0.459336,0.132989,0.195643,0.72303,916
MEPS,sexFemale,sex,Sex,Female,Male,80-89,2010,-0.027419,0.074421,-0.174933,0.120096,889
MEPS,race_includehispBlack,race_includehisp,Race/Ethnicity,Black,White,80-89,2010,-0.036298,0.128411,-0.290832,0.218235,889
MEPS,race_includehispAIAN,race_includehisp,Race/Ethnicity,AIAN,White,80-89,2010,-0.948805,0.063622,-1.074916,-0.822694,889
MEPS,race_includehispAsian,race_includehisp,Race/Ethnicity,Asian,White,80-89,2010,0.174372,0.193197,-0.208578,0.557322,889
MEPS,race_includehispHispanic,race_includehisp,Race/Ethnicity,Hispanic,White,80-89,2010,0.020214,0.163363,-0.3036,0.344028,889
MEPS,race_includehispOther,race_includehisp,Race/Ethnicity,Other,White,80-89,2010,-0.345589,0.215844,-0.773429,0.08225,889
MEPS,educ_3catHS_SomeColl,educ_3cat,Education,HS_SomeColl,LT_HS,80-89,2010,0.18291,0.088731,0.00703,0.35879,889
MEPS,educ_3catBA_plus,educ_3cat,Education,BA_plus,LT_HS,80-89,2010,0.363342,0.111249,0.142828,0.583856,889
MEPS,sexFemale,sex,Sex,Female,Male,80-89,2011,0.120815,0.071244,-0.020464,0.262094,891
MEPS,race_includehispBlack,race_includehisp,Race/Ethnicity,Black,White,80-89,2011,-0.099255,0.095,-0.287643,0.089133,891
MEPS,race_includehispAsian,race_includehisp,Race/Ethnicity,Asian,White,80-89,2011,-0.050814,0.149837,-0.347947,0.246319,891
MEPS,race_includehispHispanic,race_includehisp,Race/Ethnicity,Hispanic,White,80-89,2011,-0.285281,0.148491,-0.579744,0.009181,891
MEPS,race_includehispOther,race_includehisp,Race/Ethnicity,Other,White,80-89,2011,0.002627,0.530076,-1.048533,1.053787,891
MEPS,educ_3catHS_SomeColl,educ_3cat,Education,HS_SomeColl,LT_HS,80-89,2011,0.272952,0.110408,0.054009,0.491896,891
MEPS,educ_3catBA_plus,educ_3cat,Education,BA_plus,LT_HS,80-89,2011,0.52756,0.121675,0.286273,0.768846,891
MEPS,sexFemale,sex,Sex,Female,Male,80-89,2012,0.156198,0.084719,-0.011729,0.324126,917
MEPS,race_includehispBlack,race_includehisp,Race/Ethnicity,Black,White,80-89,2012,-0.531465,0.108759,-0.747045,-0.315885,917
MEPS,race_includehispAIAN,race_includehisp,Race/Ethnicity,AIAN,White,80-89,2012,0.168923,0.177135,-0.18219,0.520035,917
MEPS,race_includehispAsian,race_includehisp,Race/Ethnicity,Asian,White,80-89,2012,-0.081604,0.176509,-0.431476,0.268268,917
MEPS,race_includehispHispanic,race_includehisp,Race/Ethnicity,Hispanic,White,80-89,2012,-0.1962,0.137272,-0.468297,0.075896,917
MEPS,race_includehispOther,race_includehisp,Race/Ethnicity,Other,White,80-89,2012,-0.132945,0.294204,-0.716108,0.450217,917
MEPS,educ_3catHS_SomeColl,educ_3cat,Education,HS_SomeColl,LT_HS,80-89,2012,0.146836,0.089094,-0.029764,0.323435,917
MEPS,educ_3catBA_plus,educ_3cat,Education,BA_plus,LT_HS,80-89,2012,0.385679,0.109143,0.169339,0.602019,917
MEPS,sexFemale,sex,Sex,Female,Male,80-89,2013,-0.080001,0.086208,-0.250811,0.09081,842
MEPS,race_includehispBlack,race_includehisp,Race/Ethnicity,Black,White,80-89,2013,-0.378091,0.112803,-0.601596,-0.154586,842
MEPS,race_includehispAIAN,race_includehisp,Race/Ethnicity,AIAN,White,80-89,2013,0.785019,0.535512,-0.276028,1.846067,842
MEPS,race_includehispAsian,race_includehisp,Race/Ethnicity,Asian,White,80-89,2013,-0.427016,0.136687,-0.697843,-0.156189,842
MEPS,race_includehispHispanic,race_includehisp,Race/Ethnicity,Hispanic,White,80-89,2013,-0.271084,0.10496,-0.479048,-0.06312,842
MEPS,race_includehispOther,race_includehisp,Race/Ethnicity,Other,White,80-89,2013,0.696175,0.110947,0.476347,0.916003,842
MEPS,educ_3catHS_SomeColl,educ_3cat,Education,HS_SomeColl,LT_HS,80-89,2013,0.3277,0.094203,0.14105,0.514351,842
MEPS,educ_3catBA_plus,educ_3cat,Education,BA_plus,LT_HS,80-89,2013,0.53432,0.108326,0.319685,0.748954,842
MEPS,sexFemale,sex,Sex,Female,Male,80-89,2014,0.002488,0.075904,-0.148141,0.153117,832
MEPS,race_includehispBlack,race_includehisp,Race/Ethnicity,Black,White,80-89,2014,-0.277284,0.086736,-0.449408,-0.10516,832
MEPS,race_includehispAIAN,race_includehisp,Race/Ethnicity,AIAN,White,80-89,2014,-0.113348,0.087192,-0.286377,0.059682,832
MEPS,race_includehispAsian,race_includehisp,Race/Ethnicity,Asian,White,80-89,2014,-0.459483,0.15977,-0.776542,-0.142424,832
MEPS,race_includehispHispanic,race_includehisp,Race/Ethnicity,Hispanic,White,80-89,2014,-0.33807,0.114312,-0.564918,-0.111222,832
MEPS,race_includehispOther,race_includehisp,Race/Ethnicity,Other,White,80-89,2014,0.1724,0.308497,-0.439802,0.784602,832
MEPS,educ_3catHS_SomeColl,educ_3cat,Education,HS_SomeColl,LT_HS,80-89,2014,0.151375,0.104023,-0.055055,0.357804,832
MEPS,educ_3catBA_plus,educ_3cat,Education,BA_plus,LT_HS,80-89,2014,0.402107,0.12573,0.152599,0.65161500000000006,832
MEPS,sexFemale,sex,Sex,Female,Male,80-89,2015,0.004373,0.075293,-0.144856,0.153603,920
MEPS,race_includehispBlack,race_includehisp,Race/Ethnicity,Black,White,80-89,2015,-0.371302,0.097865,-0.565268,-0.177337,920
MEPS,race_includehispAIAN,race_includehisp,Race/Ethnicity,AIAN,White,80-89,2015,-0.578354,0.368293,-1.3083,0.151591,920
MEPS,race_includehispAsian,race_includehisp,Race/Ethnicity,Asian,White,80-89,2015,-0.345748,0.170065,-0.682812,-0.008683,920
MEPS,race_includehispHispanic,race_includehisp,Race/Ethnicity,Hispanic,White,80-89,2015,-0.255424,0.118639,-0.490563,-0.020284,920
MEPS,race_includehispOther,race_includehisp,Race/Ethnicity,Other,White,80-89,2015,0.331285,0.260621,-0.185256,0.847827,920
MEPS,educ_3catHS_SomeColl,educ_3cat,Education,HS_SomeColl,LT_HS,80-89,2015,0.256462,0.085796,0.086418,0.426507,920
MEPS,educ_3catBA_plus,educ_3cat,Education,BA_plus,LT_HS,80-89,2015,0.481834,0.106722,0.270315,0.693353,920
MEPS,sexFemale,sex,Sex,Female,Male,80-89,2016,0.015182,0.078062,-0.1393,0.169665,987
MEPS,race_includehispBlack,race_includehisp,Race/Ethnicity,Black,White,80-89,2016,-0.126167,0.10913,-0.342133,0.089798,987
MEPS,race_includehispAIAN,race_includehisp,Race/Ethnicity,AIAN,White,80-89,2016,-1.212551,0.182312,-1.57334,-0.851762,987
MEPS,race_includehispAsian,race_includehisp,Race/Ethnicity,Asian,White,80-89,2016,-0.49257,0.12205,-0.734103,-0.251036,987
MEPS,race_includehispHispanic,race_includehisp,Race/Ethnicity,Hispanic,White,80-89,2016,-0.165425,0.126909,-0.416574,0.085724,987
MEPS,race_includehispOther,race_includehisp,Race/Ethnicity,Other,White,80-89,2016,0.515013,0.256081,0.008235,1.021791,987
MEPS,educ_3catHS_SomeColl,educ_3cat,Education,HS_SomeColl,LT_HS,80-89,2016,0.345008,0.099996,0.14712,0.542896,987
MEPS,educ_3catBA_plus,educ_3cat,Education,BA_plus,LT_HS,80-89,2016,0.614554,0.116662,0.383683,0.845424,987
MEPS,sexFemale,sex,Sex,Female,Male,80-89,2017,0.138777,0.069685,0.001129,0.276425,981
MEPS,race_includehispBlack,race_includehisp,Race/Ethnicity,Black,White,80-89,2017,-0.260837,0.097238,-0.452911,-0.068764,981
MEPS,race_includehispAIAN,race_includehisp,Race/Ethnicity,AIAN,White,80-89,2017,-2.013175,0.064294,-2.140174,-1.886176,981
MEPS,race_includehispAsian,race_includehisp,Race/Ethnicity,Asian,White,80-89,2017,-0.168746,0.13714199999999999,-0.43964,0.102148,981
MEPS,race_includehispHispanic,race_includehisp,Race/Ethnicity,Hispanic,White,80-89,2017,-0.283686,0.13268,-0.545768,-0.021605,981
MEPS,race_includehispOther,race_includehisp,Race/Ethnicity,Other,White,80-89,2017,0.05132,0.12358,-0.192785,0.295425,981
MEPS,educ_3catHS_SomeColl,educ_3cat,Education,HS_SomeColl,LT_HS,80-89,2017,0.337638,0.083857,0.171997,0.50328,981
MEPS,educ_3catBA_plus,educ_3cat,Education,BA_plus,LT_HS,80-89,2017,0.582604,0.10054,0.384008,0.781201,981
MEPS,sexFemale,sex,Sex,Female,Male,80-89,2018,0.034716,0.068717,-0.101362,0.170794,1076
MEPS,race_includehispBlack,race_includehisp,Race/Ethnicity,Black,White,80-89,2018,-0.099502,0.094841,-0.287312,0.088309,1076
MEPS,race_includehispAIAN,race_includehisp,Race/Ethnicity,AIAN,White,80-89,2018,1.952634,0.061581,1.830687,2.074581,1076
MEPS,race_includehispAsian,race_includehisp,Race/Ethnicity,Asian,White,80-89,2018,0.047147,0.20518,-0.359167,0.45346,1076
MEPS,race_includehispHispanic,race_includehisp,Race/Ethnicity,Hispanic,White,80-89,2018,-0.20663,0.106016,-0.41657,0.00331,1076
MEPS,race_includehispOther,race_includehisp,Race/Ethnicity,Other,White,80-89,2018,-0.045856,0.252848,-0.546564,0.454852,1076
MEPS,educ_3catHS_SomeColl,educ_3cat,Education,HS_SomeColl,LT_HS,80-89,2018,0.259652,0.087162,0.087046,0.432257,1076
MEPS,educ_3catBA_plus,educ_3cat,Education,BA_plus,LT_HS,80-89,2018,0.396326,0.094015,0.21015,0.582501,1076
MEPS,sexFemale,sex,Sex,Female,Male,80-89,2019,-0.057049,0.07572,-0.20677,0.092672,997
MEPS,race_includehispBlack,race_includehisp,Race/Ethnicity,Black,White,80-89,2019,-0.071382,0.121045,-0.310724,0.16796,997
MEPS,race_includehispAIAN,race_includehisp,Race/Ethnicity,AIAN,White,80-89,2019,0.951393,0.057597,0.837507,1.065279,997
MEPS,race_includehispAsian,race_includehisp,Race/Ethnicity,Asian,White,80-89,2019,-0.242438,0.25266,-0.742023,0.257146,997
MEPS,race_includehispHispanic,race_includehisp,Race/Ethnicity,Hispanic,White,80-89,2019,-0.437523,0.132441,-0.699398,-0.175647,997
MEPS,race_includehispOther,race_includehisp,Race/Ethnicity,Other,White,80-89,2019,-0.195668,0.368245,-0.9238,0.532464,997
MEPS,educ_3catHS_SomeColl,educ_3cat,Education,HS_SomeColl,LT_HS,80-89,2019,0.167714,0.09852,-0.027089,0.362518,997
MEPS,educ_3catBA_plus,educ_3cat,Education,BA_plus,LT_HS,80-89,2019,0.400243,0.102027,0.198505,0.601982,997
MEPS,sexFemale,sex,Sex,Female,Male,80-89,2020,-0.11642,0.07421,-0.263128,0.030288,939
MEPS,race_includehispBlack,race_includehisp,Race/Ethnicity,Black,White,80-89,2020,-0.173106,0.120338,-0.411006,0.064793,939
MEPS,race_includehispAIAN,race_includehisp,Race/Ethnicity,AIAN,White,80-89,2020,1.271309,0.287557,0.702829,1.83979,939
MEPS,race_includehispAsian,race_includehisp,Race/Ethnicity,Asian,White,80-89,2020,-0.490688,0.183992,-0.854429,-0.126948,939
MEPS,race_includehispHispanic,race_includehisp,Race/Ethnicity,Hispanic,White,80-89,2020,-0.176504,0.12881600000000001,-0.431165,0.078156,939
MEPS,race_includehispOther,race_includehisp,Race/Ethnicity,Other,White,80-89,2020,-0.307624,0.169314,-0.642345,0.027098,939
MEPS,educ_3catHS_SomeColl,educ_3cat,Education,HS_SomeColl,LT_HS,80-89,2020,0.239921,0.104207,0.033911,0.445931,939
MEPS,educ_3catBA_plus,educ_3cat,Education,BA_plus,LT_HS,80-89,2020,0.544942,0.102921,0.341474,0.74841,939
MEPS,sexFemale,sex,Sex,Female,Male,80-89,2021,-0.099431,0.070792,-0.239104,0.040242,1047
MEPS,race_includehispBlack,race_includehisp,Race/Ethnicity,Black,White,80-89,2021,-0.288127,0.134311,-0.553125,-0.023129,1047
MEPS,race_includehispAIAN,race_includehisp,Race/Ethnicity,AIAN,White,80-89,2021,-0.026973,0.38204,-0.780742,0.726797,1047
MEPS,race_includehispAsian,race_includehisp,Race/Ethnicity,Asian,White,80-89,2021,-0.657332,0.25823,-1.166823,-0.147841,1047
MEPS,race_includehispHispanic,race_includehisp,Race/Ethnicity,Hispanic,White,80-89,2021,-0.1168,0.141872,-0.396714,0.163115,1047
MEPS,race_includehispOther,race_includehisp,Race/Ethnicity,Other,White,80-89,2021,-0.198546,0.326461,-0.842657,0.445566,1047
MEPS,educ_3catHS_SomeColl,educ_3cat,Education,HS_SomeColl,LT_HS,80-89,2021,0.254627,0.117022,0.023741,0.485513,1047
MEPS,educ_3catBA_plus,educ_3cat,Education,BA_plus,LT_HS,80-89,2021,0.593277,0.123635,0.349343,0.83721,1047
MEPS,sexFemale,sex,Sex,Female,Male,80-89,2022,-0.138804,0.07924,-0.29526,0.017651,815
MEPS,race_includehispBlack,race_includehisp,Race/Ethnicity,Black,White,80-89,2022,-0.167212,0.122459,-0.409,0.074576,815
MEPS,race_includehispAIAN,race_includehisp,Race/Ethnicity,AIAN,White,80-89,2022,-0.531298,0.287415,-1.098784,0.036188,815
MEPS,race_includehispAsian,race_includehisp,Race/Ethnicity,Asian,White,80-89,2022,-0.375052,0.298785,-0.964986,0.214882,815
MEPS,race_includehispHispanic,race_includehisp,Race/Ethnicity,Hispanic,White,80-89,2022,-0.088317,0.140406,-0.365542,0.188908,815
MEPS,race_includehispOther,race_includehisp,Race/Ethnicity,Other,White,80-89,2022,0.274194,0.541349,-0.79467,1.343059,815
MEPS,educ_3catHS_SomeColl,educ_3cat,Education,HS_SomeColl,LT_HS,80-89,2022,0.221835,0.141802,-0.058145,0.501815,815
MEPS,educ_3catBA_plus,educ_3cat,Education,BA_plus,LT_HS,80-89,2022,0.567717,0.147063,0.27735,0.858084,815
MEPS,sexFemale,sex,Sex,Female,Male,80-89,2023,-0.004185,0.083354,-0.169153,0.160783,739
MEPS,race_includehispBlack,race_includehisp,Race/Ethnicity,Black,White,80-89,2023,-0.164519,0.131121,-0.424025,0.094986,739
MEPS,race_includehispAIAN,race_includehisp,Race/Ethnicity,AIAN,White,80-89,2023,-0.369644,0.084556,-0.536992,-0.202296,739
MEPS,race_includehispAsian,race_includehisp,Race/Ethnicity,Asian,White,80-89,2023,-0.192774,0.308562,-0.803457,0.417909,739
MEPS,race_includehispHispanic,race_includehisp,Race/Ethnicity,Hispanic,White,80-89,2023,-0.102517,0.195169,-0.48878,0.283747,739
MEPS,race_includehispOther,race_includehisp,Race/Ethnicity,Other,White,80-89,2023,0.112799,0.15754,-0.198992,0.424591,739
MEPS,educ_3catHS_SomeColl,educ_3cat,Education,HS_SomeColl,LT_HS,80-89,2023,0.562851,0.150132,0.26572,0.859981,739
MEPS,educ_3catBA_plus,educ_3cat,Education,BA_plus,LT_HS,80-89,2023,0.647936,0.165649,0.320096,0.975776,739
NHIS,sexFemale,sex,Sex,Female,Male,18-29,1983,-0.163138,0.016349,-0.195446,-0.130829,10621
NHIS,sexFemale,sex,Sex,Female,Male,18-29,1985,-0.153757,0.022251,-0.197801,-0.109714,8771
NHIS,sexFemale,sex,Sex,Female,Male,18-29,1987,-0.179327,0.020389,-0.219552,-0.139103,10979
NHIS,sexFemale,sex,Sex,Female,Male,18-29,1988,-0.154379,0.021494,-0.196783,-0.111974,10393
NHIS,sexFemale,sex,Sex,Female,Male,18-29,1989,-0.236473,0.019691,-0.275321,-0.197625,9833
NHIS,sexFemale,sex,Sex,Female,Male,18-29,1990,-0.182992,0.022492,-0.227365,-0.138619,9430
NHIS,sexFemale,sex,Sex,Female,Male,18-29,1991,-0.213369,0.02519,-0.263066,-0.163673,9626
NHIS,sexFemale,sex,Sex,Female,Male,18-29,1992,-0.195763,0.030318,-0.255577,-0.135949,5305
NHIS,sexFemale,sex,Sex,Female,Male,18-29,1993,-0.169832,0.020734,-0.210738,-0.128925,9675
NHIS,sexFemale,sex,Sex,Female,Male,18-29,1997,-0.159481,0.026127,-0.210874,-0.108087,7257
NHIS,educ_3catHS_SomeColl,educ_3cat,Education,HS_SomeColl,LT_HS,18-29,1997,0.285281,0.036323,0.21383,0.356732,7257
NHIS,educ_3catBA_plus,educ_3cat,Education,BA_plus,LT_HS,18-29,1997,0.563191,0.040521,0.483481,0.6429,7257
NHIS,sexFemale,sex,Sex,Female,Male,18-29,1998,-0.085757,0.025422,-0.135766,-0.035749,6281
NHIS,educ_3catHS_SomeColl,educ_3cat,Education,HS_SomeColl,LT_HS,18-29,1998,0.253594,0.037893,0.179052,0.328136,6281
NHIS,educ_3catBA_plus,educ_3cat,Education,BA_plus,LT_HS,18-29,1998,0.521801,0.040524,0.442084,0.601518,6281
NHIS,sexFemale,sex,Sex,Female,Male,18-29,1999,-0.155853,0.025776,-0.206563,-0.105143,5983
NHIS,race_includehispBlack,race_includehisp,Race/Ethnicity,Black,White,18-29,1999,-0.116616,0.042481,-0.200189,-0.033043,5983
NHIS,race_includehispAIAN,race_includehisp,Race/Ethnicity,AIAN,White,18-29,1999,-0.04214,0.126672,-0.291341,0.20706,5983
NHIS,race_includehispAsian,race_includehisp,Race/Ethnicity,Asian,White,18-29,1999,-0.019648,0.070294,-0.157937,0.118641,5983
NHIS,race_includehispHispanic,race_includehisp,Race/Ethnicity,Hispanic,White,18-29,1999,-0.009523,0.043051,-0.094216,0.07517,5983
NHIS,race_includehispOther,race_includehisp,Race/Ethnicity,Other,White,18-29,1999,-0.508563,0.161476,-0.826233,-0.190894,5983
NHIS,educ_3catHS_SomeColl,educ_3cat,Education,HS_SomeColl,LT_HS,18-29,1999,0.221849,0.042372,0.138491,0.305208,5983
NHIS,educ_3catBA_plus,educ_3cat,Education,BA_plus,LT_HS,18-29,1999,0.483373,0.049566,0.385863,0.580884,5983
NHIS,sexFemale,sex,Sex,Female,Male,18-29,2000,-0.127834,0.025901,-0.178787,-0.07688,6446
NHIS,race_includehispBlack,race_includehisp,Race/Ethnicity,Black,White,18-29,2000,-0.062028,0.036093,-0.133032,0.008975,6446
NHIS,race_includehispAIAN,race_includehisp,Race/Ethnicity,AIAN,White,18-29,2000,0.125074,0.157516,-0.184794,0.434942,6446
NHIS,race_includehispAsian,race_includehisp,Race/Ethnicity,Asian,White,18-29,2000,-0.01173,0.06746,-0.144438,0.120979,6446
NHIS,race_includehispHispanic,race_includehisp,Race/Ethnicity,Hispanic,White,18-29,2000,-0.13673,0.037757,-0.211007,-0.062453,6446
NHIS,race_includehispOther,race_includehisp,Race/Ethnicity,Other,White,18-29,2000,-0.233203,0.150373,-0.529021,0.062615,6446
NHIS,educ_3catHS_SomeColl,educ_3cat,Education,HS_SomeColl,LT_HS,18-29,2000,0.253025,0.044398,0.165684,0.340365,6446
NHIS,educ_3catBA_plus,educ_3cat,Education,BA_plus,LT_HS,18-29,2000,0.473332,0.048351,0.378214,0.568449,6446
NHIS,sexFemale,sex,Sex,Female,Male,18-29,2001,-0.126712,0.026737,-0.179313,-0.074111,6599
NHIS,race_includehispBlack,race_includehisp,Race/Ethnicity,Black,White,18-29,2001,-0.115685,0.04035,-0.195068,-0.036302,6599
NHIS,race_includehispAIAN,race_includehisp,Race/Ethnicity,AIAN,White,18-29,2001,-0.313919,0.177146,-0.662425,0.034587,6599
NHIS,race_includehispAsian,race_includehisp,Race/Ethnicity,Asian,White,18-29,2001,-0.167008,0.05132,-0.267972,-0.066045,6599
NHIS,race_includehispHispanic,race_includehisp,Race/Ethnicity,Hispanic,White,18-29,2001,-0.072025,0.032403,-0.135773,-0.008278,6599
NHIS,race_includehispOther,race_includehisp,Race/Ethnicity,Other,White,18-29,2001,-0.252825,0.094013,-0.43778,-0.06787,6599
NHIS,educ_3catHS_SomeColl,educ_3cat,Education,HS_SomeColl,LT_HS,18-29,2001,0.243165,0.04195,0.160634,0.325695,6599
NHIS,educ_3catBA_plus,educ_3cat,Education,BA_plus,LT_HS,18-29,2001,0.489552,0.04562,0.399802,0.579302,6599
NHIS,sexFemale,sex,Sex,Female,Male,18-29,2002,-0.127827,0.029002,-0.184882,-0.070773,5976
NHIS,race_includehispBlack,race_includehisp,Race/Ethnicity,Black,White,18-29,2002,-0.173298,0.037585,-0.247237,-0.099359,5976
NHIS,race_includehispAIAN,race_includehisp,Race/Ethnicity,AIAN,White,18-29,2002,-0.224869,0.15229,-0.524465,0.074727,5976
NHIS,race_includehispAsian,race_includehisp,Race/Ethnicity,Asian,White,18-29,2002,-0.033992,0.067069,-0.165934,0.09795,5976
NHIS,race_includehispHispanic,race_includehisp,Race/Ethnicity,Hispanic,White,18-29,2002,-0.070487,0.038125,-0.145489,0.004516,5976
NHIS,race_includehispOther,race_includehisp,Race/Ethnicity,Other,White,18-29,2002,-0.055032,0.094708,-0.241349,0.131285,5976
NHIS,educ_3catHS_SomeColl,educ_3cat,Education,HS_SomeColl,LT_HS,18-29,2002,0.208387,0.041687,0.126377,0.290396,5976
NHIS,educ_3catBA_plus,educ_3cat,Education,BA_plus,LT_HS,18-29,2002,0.446346,0.047068,0.353751,0.538942,5976
NHIS,sexFemale,sex,Sex,Female,Male,18-29,2003,-0.138911,0.030182,-0.19829,-0.079533,5893
NHIS,race_includehispBlack,race_includehisp,Race/Ethnicity,Black,White,18-29,2003,-0.140349,0.046339,-0.231512,-0.049187,5893
NHIS,race_includehispAIAN,race_includehisp,Race/Ethnicity,AIAN,White,18-29,2003,-0.277493,0.181294,-0.634155,0.079169,5893
NHIS,race_includehispAsian,race_includehisp,Race/Ethnicity,Asian,White,18-29,2003,-0.083643,0.075312,-0.231805,0.06452,5893
NHIS,race_includehispHispanic,race_includehisp,Race/Ethnicity,Hispanic,White,18-29,2003,-0.139242,0.040997,-0.219896,-0.058587,5893
NHIS,race_includehispOther,race_includehisp,Race/Ethnicity,Other,White,18-29,2003,-0.337237,0.124146,-0.581471,-0.093002,5893
NHIS,educ_3catHS_SomeColl,educ_3cat,Education,HS_SomeColl,LT_HS,18-29,2003,0.169438,0.039938,0.090868,0.248009,5893
NHIS,educ_3catBA_plus,educ_3cat,Education,BA_plus,LT_HS,18-29,2003,0.429495,0.047695,0.335664,0.523326,5893
NHIS,sexFemale,sex,Sex,Female,Male,18-29,2004,-0.126082,0.026747,-0.178701,-0.073462,5866
NHIS,race_includehispBlack,race_includehisp,Race/Ethnicity,Black,White,18-29,2004,-0.165646,0.047338,-0.258774,-0.072518,5866
NHIS,race_includehispAIAN,race_includehisp,Race/Ethnicity,AIAN,White,18-29,2004,-0.133056,0.196296,-0.519228,0.253116,5866
NHIS,race_includehispAsian,race_includehisp,Race/Ethnicity,Asian,White,18-29,2004,-0.057874,0.075084,-0.205586,0.089837,5866
NHIS,race_includehispHispanic,race_includehisp,Race/Ethnicity,Hispanic,White,18-29,2004,-0.130576,0.038436,-0.20619,-0.054962,5866
NHIS,race_includehispOther,race_includehisp,Race/Ethnicity,Other,White,18-29,2004,-0.026675,0.114975,-0.252863,0.199514,5866
NHIS,educ_3catHS_SomeColl,educ_3cat,Education,HS_SomeColl,LT_HS,18-29,2004,0.298134,0.043529,0.212499,0.383768,5866
NHIS,educ_3catBA_plus,educ_3cat,Education,BA_plus,LT_HS,18-29,2004,0.517365,0.047991,0.422953,0.611776,5866
NHIS,sexFemale,sex,Sex,Female,Male,18-29,2005,-0.127412,0.028461,-0.183402,-0.071423,5778
NHIS,race_includehispBlack,race_includehisp,Race/Ethnicity,Black,White,18-29,2005,-0.12197,0.03974,-0.200146,-0.043793,5778
NHIS,race_includehispAIAN,race_includehisp,Race/Ethnicity,AIAN,White,18-29,2005,0.029026,0.248883,-0.460582,0.518635,5778
NHIS,race_includehispAsian,race_includehisp,Race/Ethnicity,Asian,White,18-29,2005,-0.037345,0.073495,-0.181927,0.107236,5778
NHIS,race_includehispHispanic,race_includehisp,Race/Ethnicity,Hispanic,White,18-29,2005,-0.143321,0.039321,-0.220676,-0.065967,5778
NHIS,race_includehispOther,race_includehisp,Race/Ethnicity,Other,White,18-29,2005,-0.130633,0.100479,-0.328298,0.067033,5778
NHIS,educ_3catHS_SomeColl,educ_3cat,Education,HS_SomeColl,LT_HS,18-29,2005,0.191161,0.043948,0.104705,0.277616,5778
NHIS,educ_3catBA_plus,educ_3cat,Education,BA_plus,LT_HS,18-29,2005,0.454675,0.051468,0.353427,0.555924,5778
NHIS,sexFemale,sex,Sex,Female,Male,18-29,2006,-0.101332,0.031271,-0.162881,-0.039782,4835
NHIS,race_includehispBlack,race_includehisp,Race/Ethnicity,Black,White,18-29,2006,-0.060762,0.040523000000000003,-0.140523,0.018999,4835
NHIS,race_includehispAIAN,race_includehisp,Race/Ethnicity,AIAN,White,18-29,2006,0.232244,0.166441,-0.095361,0.55985,4835
NHIS,race_includehispAsian,race_includehisp,Race/Ethnicity,Asian,White,18-29,2006,-0.04482,0.074049,-0.190569,0.10093,4835
NHIS,race_includehispHispanic,race_includehisp,Race/Ethnicity,Hispanic,White,18-29,2006,-0.139823,0.041356,-0.221224,-0.058423,4835
NHIS,race_includehispOther,race_includehisp,Race/Ethnicity,Other,White,18-29,2006,-0.385046,0.106442,-0.594555,-0.175537,4835
NHIS,educ_3catHS_SomeColl,educ_3cat,Education,HS_SomeColl,LT_HS,18-29,2006,0.166515,0.051945,0.064273,0.268758,4835
NHIS,educ_3catBA_plus,educ_3cat,Education,BA_plus,LT_HS,18-29,2006,0.475059,0.059217,0.358502,0.591616,4835
NHIS,sexFemale,sex,Sex,Female,Male,18-29,2007,-0.072843,0.035639,-0.142995,-0.002691,4504
NHIS,race_includehispBlack,race_includehisp,Race/Ethnicity,Black,White,18-29,2007,-0.077289,0.05753,-0.190532,0.035953,4504
NHIS,race_includehispAIAN,race_includehisp,Race/Ethnicity,AIAN,White,18-29,2007,-0.125132,0.263803,-0.644406,0.394141,4504
NHIS,race_includehispAsian,race_includehisp,Race/Ethnicity,Asian,White,18-29,2007,-0.048113,0.069134,-0.184196,0.08797,4504
NHIS,race_includehispHispanic,race_includehisp,Race/Ethnicity,Hispanic,White,18-29,2007,-0.112381,0.045688,-0.202315,-0.022448,4504
NHIS,race_includehispOther,race_includehisp,Race/Ethnicity,Other,White,18-29,2007,-0.171832,0.108436,-0.385279,0.041615,4504
NHIS,educ_3catHS_SomeColl,educ_3cat,Education,HS_SomeColl,LT_HS,18-29,2007,0.20660800000000001,0.048479,0.111181,0.302036,4504
NHIS,educ_3catBA_plus,educ_3cat,Education,BA_plus,LT_HS,18-29,2007,0.444556,0.054985,0.336322,0.55279,4504
NHIS,sexFemale,sex,Sex,Female,Male,18-29,2008,-0.105653,0.032606,-0.169839,-0.041466,4091
NHIS,race_includehispBlack,race_includehisp,Race/Ethnicity,Black,White,18-29,2008,-0.146155,0.05085,-0.246254,-0.046056,4091
NHIS,race_includehispAIAN,race_includehisp,Race/Ethnicity,AIAN,White,18-29,2008,-0.028613,0.309757,-0.638381,0.581155,4091
NHIS,race_includehispAsian,race_includehisp,Race/Ethnicity,Asian,White,18-29,2008,0.010918,0.065255,-0.11754,0.139375,4091
NHIS,race_includehispHispanic,race_includehisp,Race/Ethnicity,Hispanic,White,18-29,2008,-0.153058,0.049004,-0.249524,-0.056592,4091
NHIS,race_includehispOther,race_includehisp,Race/Ethnicity,Other,White,18-29,2008,-0.301138,0.126992,-0.551126,-0.051149,4091
NHIS,educ_3catHS_SomeColl,educ_3cat,Education,HS_SomeColl,LT_HS,18-29,2008,0.263607,0.058149,0.149138,0.378076,4091
NHIS,educ_3catBA_plus,educ_3cat,Education,BA_plus,LT_HS,18-29,2008,0.470103,0.064875,0.342394,0.597812,4091
NHIS,sexFemale,sex,Sex,Female,Male,18-29,2009,-0.013739,0.032601,-0.077903,0.050426,5265
NHIS,race_includehispBlack,race_includehisp,Race/Ethnicity,Black,White,18-29,2009,-0.201378,0.047643,-0.295149,-0.107607,5265
NHIS,race_includehispAIAN,race_includehisp,Race/Ethnicity,AIAN,White,18-29,2009,-0.582274,0.146546,-0.870707,-0.293841,5265
NHIS,race_includehispAsian,race_includehisp,Race/Ethnicity,Asian,White,18-29,2009,-0.051638,0.072058,-0.193462,0.090187,5265
NHIS,race_includehispHispanic,race_includehisp,Race/Ethnicity,Hispanic,White,18-29,2009,-0.143916,0.045556,-0.233579,-0.054253,5265
NHIS,race_includehispOther,race_includehisp,Race/Ethnicity,Other,White,18-29,2009,-0.286087,0.122394,-0.526984,-0.045191,5265
NHIS,educ_3catHS_SomeColl,educ_3cat,Education,HS_SomeColl,LT_HS,18-29,2009,0.206494,0.055131,0.097985,0.315004,5265
NHIS,educ_3catBA_plus,educ_3cat,Education,BA_plus,LT_HS,18-29,2009,0.472648,0.061486,0.35163,0.593665,5265
NHIS,sexFemale,sex,Sex,Female,Male,18-29,2010,-0.084719,0.033405,-0.150469,-0.018969,5255
NHIS,race_includehispBlack,race_includehisp,Race/Ethnicity,Black,White,18-29,2010,-0.123243,0.046802,-0.215361,-0.031125,5255
NHIS,race_includehispAIAN,race_includehisp,Race/Ethnicity,AIAN,White,18-29,2010,-0.731208,0.221463,-1.167106,-0.295311,5255
NHIS,race_includehispAsian,race_includehisp,Race/Ethnicity,Asian,White,18-29,2010,0.100841,0.056773,-0.010904,0.212585,5255
NHIS,race_includehispHispanic,race_includehisp,Race/Ethnicity,Hispanic,White,18-29,2010,-0.069399,0.03896,-0.146082,0.007285,5255
NHIS,race_includehispOther,race_includehisp,Race/Ethnicity,Other,White,18-29,2010,-0.284069,0.101825,-0.484487,-0.083651,5255
NHIS,educ_3catHS_SomeColl,educ_3cat,Education,HS_SomeColl,LT_HS,18-29,2010,0.262781,0.051475,0.161464,0.364099,5255
NHIS,educ_3catBA_plus,educ_3cat,Education,BA_plus,LT_HS,18-29,2010,0.526494,0.058453,0.411444,0.641544,5255
NHIS,sexFemale,sex,Sex,Female,Male,18-29,2011,-0.173953,0.027943,-0.228949,-0.118957,6305
NHIS,race_includehispBlack,race_includehisp,Race/Ethnicity,Black,White,18-29,2011,-0.082773,0.045681,-0.172682,0.007136,6305
NHIS,race_includehispAIAN,race_includehisp,Race/Ethnicity,AIAN,White,18-29,2011,-0.16097,0.129075,-0.415012,0.093072,6305
NHIS,race_includehispAsian,race_includehisp,Race/Ethnicity,Asian,White,18-29,2011,-0.016924,0.053459,-0.122141,0.088294,6305
NHIS,race_includehispHispanic,race_includehisp,Race/Ethnicity,Hispanic,White,18-29,2011,-0.075878,0.035832,-0.146403,-0.005354,6305
NHIS,race_includehispOther,race_includehisp,Race/Ethnicity,Other,White,18-29,2011,-0.195865,0.08966,-0.372332,-0.019399,6305
NHIS,educ_3catHS_SomeColl,educ_3cat,Education,HS_SomeColl,LT_HS,18-29,2011,0.252456,0.050744,0.152584,0.352329,6305
NHIS,educ_3catBA_plus,educ_3cat,Education,BA_plus,LT_HS,18-29,2011,0.527621,0.055984,0.417434,0.637809,6305
NHIS,sexFemale,sex,Sex,Female,Male,18-29,2012,-0.10433,0.02801,-0.159458,-0.049202,6409
NHIS,race_includehispBlack,race_includehisp,Race/Ethnicity,Black,White,18-29,2012,-0.087231,0.046796,-0.179333,0.004871,6409
NHIS,race_includehispAIAN,race_includehisp,Race/Ethnicity,AIAN,White,18-29,2012,0.171731,0.19324,-0.208595,0.552057,6409
NHIS,race_includehispAsian,race_includehisp,Race/Ethnicity,Asian,White,18-29,2012,-0.057662,0.066957,-0.189444,0.07412,6409
NHIS,race_includehispHispanic,race_includehisp,Race/Ethnicity,Hispanic,White,18-29,2012,-0.050164,0.041165,-0.131183,0.030855,6409
NHIS,race_includehispOther,race_includehisp,Race/Ethnicity,Other,White,18-29,2012,-0.116047,0.089167,-0.29154,0.059447,6409
NHIS,educ_3catHS_SomeColl,educ_3cat,Education,HS_SomeColl,LT_HS,18-29,2012,0.222166,0.056266,0.111426,0.332906,6409
NHIS,educ_3catBA_plus,educ_3cat,Education,BA_plus,LT_HS,18-29,2012,0.49536,0.062229,0.372883,0.617837,6409
NHIS,sexFemale,sex,Sex,Female,Male,18-29,2013,-0.085757,0.030507,-0.145808,-0.025707,6387
NHIS,race_includehispBlack,race_includehisp,Race/Ethnicity,Black,White,18-29,2013,-0.116053,0.049024,-0.212553,-0.019554,6387
NHIS,race_includehispAIAN,race_includehisp,Race/Ethnicity,AIAN,White,18-29,2013,-0.35779300000000003,0.20793,-0.767085,0.051499,6387
NHIS,race_includehispAsian,race_includehisp,Race/Ethnicity,Asian,White,18-29,2013,-0.105531,0.062046,-0.227663,0.016601,6387
NHIS,race_includehispHispanic,race_includehisp,Race/Ethnicity,Hispanic,White,18-29,2013,-0.099866,0.03726,-0.173208,-0.026523,6387
NHIS,race_includehispOther,race_includehisp,Race/Ethnicity,Other,White,18-29,2013,-0.012378,0.077587,-0.165102,0.140345,6387
NHIS,educ_3catHS_SomeColl,educ_3cat,Education,HS_SomeColl,LT_HS,18-29,2013,0.200498,0.05508,0.092078,0.308917,6387
NHIS,educ_3catBA_plus,educ_3cat,Education,BA_plus,LT_HS,18-29,2013,0.425702,0.059785,0.30802,0.543385,6387
NHIS,sexFemale,sex,Sex,Female,Male,18-29,2014,-0.096039,0.031515,-0.158071,-0.034007,6546
NHIS,race_includehispBlack,race_includehisp,Race/Ethnicity,Black,White,18-29,2014,-0.10456,0.048658,-0.200336,-0.008785,6546
NHIS,race_includehispAIAN,race_includehisp,Race/Ethnicity,AIAN,White,18-29,2014,-0.172218,0.221374,-0.607954,0.263518,6546
NHIS,race_includehispAsian,race_includehisp,Race/Ethnicity,Asian,White,18-29,2014,-0.140421,0.069119,-0.27647,-0.004372,6546
NHIS,race_includehispHispanic,race_includehisp,Race/Ethnicity,Hispanic,White,18-29,2014,-0.083674,0.045423,-0.17308,0.005733,6546
NHIS,race_includehispOther,race_includehisp,Race/Ethnicity,Other,White,18-29,2014,-0.055366,0.11369,-0.279145,0.168412,6546
NHIS,educ_3catHS_SomeColl,educ_3cat,Education,HS_SomeColl,LT_HS,18-29,2014,0.128673,0.054067,0.02225,0.235095,6546
NHIS,educ_3catBA_plus,educ_3cat,Education,BA_plus,LT_HS,18-29,2014,0.363904,0.056,0.253679,0.474129,6546
NHIS,sexFemale,sex,Sex,Female,Male,18-29,2015,-0.12793,0.030811,-0.188577,-0.067284,5683
NHIS,race_includehispBlack,race_includehisp,Race/Ethnicity,Black,White,18-29,2015,-0.112903,0.054853,-0.220873,-0.004932,5683
NHIS,race_includehispAIAN,race_includehisp,Race/Ethnicity,AIAN,White,18-29,2015,-0.380825,0.238757,-0.850782,0.089132,5683
NHIS,race_includehispAsian,race_includehisp,Race/Ethnicity,Asian,White,18-29,2015,-0.069394,0.060918,-0.189302,0.050514,5683
NHIS,race_includehispHispanic,race_includehisp,Race/Ethnicity,Hispanic,White,18-29,2015,-0.126713,0.047759,-0.220719,-0.032707,5683
NHIS,race_includehispOther,race_includehisp,Race/Ethnicity,Other,White,18-29,2015,-0.134998,0.094533,-0.321071,0.051076,5683
NHIS,educ_3catHS_SomeColl,educ_3cat,Education,HS_SomeColl,LT_HS,18-29,2015,0.191615,0.062338,0.068913,0.314318,5683
NHIS,educ_3catBA_plus,educ_3cat,Education,BA_plus,LT_HS,18-29,2015,0.428978,0.069186,0.292795,0.565161,5683
NHIS,sexFemale,sex,Sex,Female,Male,18-29,2016,-0.089517,0.031171,-0.150736,-0.028297,5514
NHIS,race_includehispBlack,race_includehisp,Race/Ethnicity,Black,White,18-29,2016,-0.103283,0.061536,-0.224138,0.017572,5514
NHIS,race_includehispAIAN,race_includehisp,Race/Ethnicity,AIAN,White,18-29,2016,-0.149962,0.157964,-0.460199,0.160276,5514
NHIS,race_includehispAsian,race_includehisp,Race/Ethnicity,Asian,White,18-29,2016,0.037191,0.071293,-0.102826,0.177208,5514
NHIS,race_includehispHispanic,race_includehisp,Race/Ethnicity,Hispanic,White,18-29,2016,-0.024805,0.045362,-0.113895,0.064284,5514
NHIS,race_includehispOther,race_includehisp,Race/Ethnicity,Other,White,18-29,2016,-0.017977,0.084474,-0.183881,0.147928,5514
NHIS,educ_3catHS_SomeColl,educ_3cat,Education,HS_SomeColl,LT_HS,18-29,2016,0.207857,0.070298,0.069794,0.345921,5514
NHIS,educ_3catBA_plus,educ_3cat,Education,BA_plus,LT_HS,18-29,2016,0.377975,0.074776,0.231116,0.524834,5514
NHIS,sexFemale,sex,Sex,Female,Male,18-29,2017,-0.127493,0.036549,-0.199312,-0.055673,4361
NHIS,race_includehispBlack,race_includehisp,Race/Ethnicity,Black,White,18-29,2017,-0.073515,0.074154,-0.219229,0.0722,4361
NHIS,race_includehispAIAN,race_includehisp,Race/Ethnicity,AIAN,White,18-29,2017,-0.176709,0.124241,-0.420846,0.067428,4361
NHIS,race_includehispAsian,race_includehisp,Race/Ethnicity,Asian,White,18-29,2017,0.015824,0.065517,-0.112918,0.144567,4361
NHIS,race_includehispHispanic,race_includehisp,Race/Ethnicity,Hispanic,White,18-29,2017,-0.046692,0.053167,-0.151167,0.057783,4361
NHIS,race_includehispOther,race_includehisp,Race/Ethnicity,Other,White,18-29,2017,-0.129937,0.124771,-0.375115,0.11524,4361
NHIS,educ_3catHS_SomeColl,educ_3cat,Education,HS_SomeColl,LT_HS,18-29,2017,0.149187,0.076802,-0.00173,0.300104,4361
NHIS,educ_3catBA_plus,educ_3cat,Education,BA_plus,LT_HS,18-29,2017,0.37231,0.080818,0.2135,0.53112,4361
NHIS,sexFemale,sex,Sex,Female,Male,18-29,2018,-0.050883,0.037606,-0.124781,0.023015,3720
NHIS,race_includehispBlack,race_includehisp,Race/Ethnicity,Black,White,18-29,2018,-0.11001,0.056209,-0.220464,4.43e-4,3720
NHIS,race_includehispAIAN,race_includehisp,Race/Ethnicity,AIAN,White,18-29,2018,-0.366206,0.158186,-0.677053,-0.055359,3720
NHIS,race_includehispAsian,race_includehisp,Race/Ethnicity,Asian,White,18-29,2018,-0.021091,0.061973,-0.142872,0.100689,3720
NHIS,race_includehispHispanic,race_includehisp,Race/Ethnicity,Hispanic,White,18-29,2018,-0.068545,0.053154,-0.172997,0.035907,3720
NHIS,race_includehispOther,race_includehisp,Race/Ethnicity,Other,White,18-29,2018,-0.273876,0.104975,-0.480158,-0.067593,3720
NHIS,educ_3catHS_SomeColl,educ_3cat,Education,HS_SomeColl,LT_HS,18-29,2018,0.119318,0.067379,-0.013086,0.251722,3720
NHIS,educ_3catBA_plus,educ_3cat,Education,BA_plus,LT_HS,18-29,2018,0.33305,0.071978,0.191608,0.474492,3720
NHIS,sexFemale,sex,Sex,Female,Male,18-29,2019,-0.088685,0.03392,-0.155315,-0.022056,4457
NHIS,race_includehispBlack,race_includehisp,Race/Ethnicity,Black,White,18-29,2019,-0.059884,0.059394,-0.176554,0.056786,4457
NHIS,race_includehispAIAN,race_includehisp,Race/Ethnicity,AIAN,White,18-29,2019,-0.042696,0.205059,-0.445498,0.360106,4457
NHIS,race_includehispAsian,race_includehisp,Race/Ethnicity,Asian,White,18-29,2019,0.100399,0.058978,-0.015452,0.21625,4457
NHIS,race_includehispHispanic,race_includehisp,Race/Ethnicity,Hispanic,White,18-29,2019,-0.019613,0.04708,-0.112093,0.072867,4457
NHIS,race_includehispOther,race_includehisp,Race/Ethnicity,Other,White,18-29,2019,-0.106616,0.108961,-0.320651,0.107419,4457
NHIS,educ_3catHS_SomeColl,educ_3cat,Education,HS_SomeColl,LT_HS,18-29,2019,0.247605,0.076228,0.097868,0.397343,4457
NHIS,educ_3catBA_plus,educ_3cat,Education,BA_plus,LT_HS,18-29,2019,0.472745,0.081248,0.313147,0.632343,4457
NHIS,sexFemale,sex,Sex,Female,Male,18-29,2020,-0.031962,0.032419,-0.095646,0.031723,3642
NHIS,race_includehispBlack,race_includehisp,Race/Ethnicity,Black,White,18-29,2020,-0.037551,0.061143,-0.157659,0.082558,3642
NHIS,race_includehispAIAN,race_includehisp,Race/Ethnicity,AIAN,White,18-29,2020,-0.146699,0.259759,-0.65697,0.363571,3642
NHIS,race_includehispAsian,race_includehisp,Race/Ethnicity,Asian,White,18-29,2020,0.07387,0.06112,-0.046194,0.193934,3642
NHIS,race_includehispHispanic,race_includehisp,Race/Ethnicity,Hispanic,White,18-29,2020,-0.073801,0.049476,-0.170992,0.02339,3642
NHIS,race_includehispOther,race_includehisp,Race/Ethnicity,Other,White,18-29,2020,-0.002528,0.116145,-0.230683,0.225628,3642
NHIS,educ_3catHS_SomeColl,educ_3cat,Education,HS_SomeColl,LT_HS,18-29,2020,-0.031845,0.078673,-0.18639,0.1227,3642
NHIS,educ_3catBA_plus,educ_3cat,Education,BA_plus,LT_HS,18-29,2020,0.161122,0.081455,0.001112,0.321132,3642
NHIS,sexFemale,sex,Sex,Female,Male,18-29,2021,-0.029994,0.033071,-0.094951,0.034962,3848
NHIS,race_includehispBlack,race_includehisp,Race/Ethnicity,Black,White,18-29,2021,-0.004168,0.059269,-0.120581,0.112245,3848
NHIS,race_includehispAIAN,race_includehisp,Race/Ethnicity,AIAN,White,18-29,2021,-0.075842,0.130492,-0.332145,0.180462,3848
NHIS,race_includehispAsian,race_includehisp,Race/Ethnicity,Asian,White,18-29,2021,0.034788,0.062832,-0.088622,0.158198,3848
NHIS,race_includehispHispanic,race_includehisp,Race/Ethnicity,Hispanic,White,18-29,2021,0.037091,0.043996,-0.049323,0.123506,3848
NHIS,race_includehispOther,race_includehisp,Race/Ethnicity,Other,White,18-29,2021,-0.223899,0.10099,-0.422258,-0.025541,3848
NHIS,educ_3catHS_SomeColl,educ_3cat,Education,HS_SomeColl,LT_HS,18-29,2021,0.097817,0.075019,-0.049531,0.245165,3848
NHIS,educ_3catBA_plus,educ_3cat,Education,BA_plus,LT_HS,18-29,2021,0.221946,0.078725,0.06732,0.376572,3848
NHIS,sexFemale,sex,Sex,Female,Male,18-29,2022,-0.095574,0.036478,-0.167232,-0.023917,3539
NHIS,race_includehispBlack,race_includehisp,Race/Ethnicity,Black,White,18-29,2022,-0.005401,0.059455,-0.122194,0.111392,3539
NHIS,race_includehispAIAN,race_includehisp,Race/Ethnicity,AIAN,White,18-29,2022,-0.191417,0.149828,-0.48574,0.102905,3539
NHIS,race_includehispAsian,race_includehisp,Race/Ethnicity,Asian,White,18-29,2022,0.036416,0.070289,-0.10166,0.174491,3539
NHIS,race_includehispHispanic,race_includehisp,Race/Ethnicity,Hispanic,White,18-29,2022,0.001742,0.045729,-0.088087,0.091572,3539
NHIS,race_includehispOther,race_includehisp,Race/Ethnicity,Other,White,18-29,2022,-0.095719,0.086813,-0.266254,0.074816,3539
NHIS,educ_3catHS_SomeColl,educ_3cat,Education,HS_SomeColl,LT_HS,18-29,2022,0.136133,0.072185,-0.005667,0.277933,3539
NHIS,educ_3catBA_plus,educ_3cat,Education,BA_plus,LT_HS,18-29,2022,0.301296,0.073411,0.157087,0.445505,3539
NHIS,sexFemale,sex,Sex,Female,Male,18-29,2023,-0.040864,0.036147,-0.111859,0.030132,3766
NHIS,race_includehispBlack,race_includehisp,Race/Ethnicity,Black,White,18-29,2023,-0.062792,0.056822,-0.174396,0.048811,3766
NHIS,race_includehispAIAN,race_includehisp,Race/Ethnicity,AIAN,White,18-29,2023,-0.241944,0.144345,-0.525451,0.041564,3766
NHIS,race_includehispAsian,race_includehisp,Race/Ethnicity,Asian,White,18-29,2023,0.095835,0.06783,-0.037389,0.22906,3766
NHIS,race_includehispHispanic,race_includehisp,Race/Ethnicity,Hispanic,White,18-29,2023,-0.064764,0.048035,-0.159109,0.029581,3766
NHIS,race_includehispOther,race_includehisp,Race/Ethnicity,Other,White,18-29,2023,-0.126409,0.101468,-0.325702,0.072883,3766
NHIS,educ_3catHS_SomeColl,educ_3cat,Education,HS_SomeColl,LT_HS,18-29,2023,0.01409,0.071356,-0.12606,0.15424,3766
NHIS,educ_3catBA_plus,educ_3cat,Education,BA_plus,LT_HS,18-29,2023,0.208774,0.073471,0.06447,0.353079,3766
NHIS,sexFemale,sex,Sex,Female,Male,18-29,2024,-0.132182,0.035958,-0.202804,-0.06156,4073
NHIS,race_includehispBlack,race_includehisp,Race/Ethnicity,Black,White,18-29,2024,-0.081201,0.060259,-0.199551,0.037149,4073
NHIS,race_includehispAIAN,race_includehisp,Race/Ethnicity,AIAN,White,18-29,2024,0.003419,0.194938,-0.379442,0.386281,4073
NHIS,race_includehispAsian,race_includehisp,Race/Ethnicity,Asian,White,18-29,2024,0.034508,0.066088,-0.095291,0.164306,4073
NHIS,race_includehispHispanic,race_includehisp,Race/Ethnicity,Hispanic,White,18-29,2024,-0.048483,0.045434,-0.137716,0.040749,4073
NHIS,race_includehispOther,race_includehisp,Race/Ethnicity,Other,White,18-29,2024,-0.107342,0.080664,-0.265768,0.051084,4073
NHIS,educ_3catHS_SomeColl,educ_3cat,Education,HS_SomeColl,LT_HS,18-29,2024,0.090328,0.07125,-0.049609,0.230265,4073
NHIS,educ_3catBA_plus,educ_3cat,Education,BA_plus,LT_HS,18-29,2024,0.293254,0.075027,0.145899,0.440608,4073
NHIS,sexFemale,sex,Sex,Female,Male,30-39,1983,-0.192375,0.022232,-0.236307,-0.148443,7804
NHIS,sexFemale,sex,Sex,Female,Male,30-39,1985,-0.149035,0.026773,-0.202031,-0.09604,7581
NHIS,sexFemale,sex,Sex,Female,Male,30-39,1987,-0.177434,0.020588,-0.218052,-0.136816,10178
NHIS,sexFemale,sex,Sex,Female,Male,30-39,1988,-0.14106,0.021205,-0.182894,-0.099226,10063
NHIS,sexFemale,sex,Sex,Female,Male,30-39,1989,-0.160918,0.020593,-0.201545,-0.120292,9961
NHIS,sexFemale,sex,Sex,Female,Male,30-39,1990,-0.147488,0.023877,-0.194593,-0.100383,9666
NHIS,sexFemale,sex,Sex,Female,Male,30-39,1991,-0.129135,0.02154,-0.171631,-0.086639,10265
NHIS,sexFemale,sex,Sex,Female,Male,30-39,1992,-0.134813,0.030932,-0.195838,-0.073789,5821
NHIS,sexFemale,sex,Sex,Female,Male,30-39,1993,-0.156002,0.01973,-0.194926,-0.117078,10162
NHIS,sexFemale,sex,Sex,Female,Male,30-39,1997,-0.065698,0.022412,-0.109783,-0.021613,8162
NHIS,educ_3catHS_SomeColl,educ_3cat,Education,HS_SomeColl,LT_HS,30-39,1997,0.446777,0.03465,0.378618,0.514935,8162
NHIS,educ_3catBA_plus,educ_3cat,Education,BA_plus,LT_HS,30-39,1997,0.819228,0.038809,0.742889,0.895567,8162
NHIS,sexFemale,sex,Sex,Female,Male,30-39,1998,-0.118858,0.024737,-0.167518,-0.070198,7046
NHIS,educ_3catHS_SomeColl,educ_3cat,Education,HS_SomeColl,LT_HS,30-39,1998,0.421108,0.043273,0.335987,0.50623,7046
NHIS,educ_3catBA_plus,educ_3cat,Education,BA_plus,LT_HS,30-39,1998,0.785935,0.043587,0.700196,0.871673,7046
NHIS,sexFemale,sex,Sex,Female,Male,30-39,1999,-0.057032,0.024137,-0.104516,-0.009549,6454
NHIS,race_includehispBlack,race_includehisp,Race/Ethnicity,Black,White,30-39,1999,-0.203907,0.043292,-0.289073,-0.118742,6454
NHIS,race_includehispAIAN,race_includehisp,Race/Ethnicity,AIAN,White,30-39,1999,0.008484,0.128384,-0.244077,0.261044,6454
NHIS,race_includehispAsian,race_includehisp,Race/Ethnicity,Asian,White,30-39,1999,-0.085015,0.073726,-0.230049,0.06002,6454
NHIS,race_includehispHispanic,race_includehisp,Race/Ethnicity,Hispanic,White,30-39,1999,0.007169,0.038514,-0.068597,0.082934,6454
NHIS,race_includehispOther,race_includehisp,Race/Ethnicity,Other,White,30-39,1999,-0.192804,0.123624,-0.436001,0.050393,6454
NHIS,educ_3catHS_SomeColl,educ_3cat,Education,HS_SomeColl,LT_HS,30-39,1999,0.381194,0.041285,0.299977,0.462411,6454
NHIS,educ_3catBA_plus,educ_3cat,Education,BA_plus,LT_HS,30-39,1999,0.760462,0.044024,0.673856,0.847067,6454
NHIS,sexFemale,sex,Sex,Female,Male,30-39,2000,-0.062696,0.024984,-0.111845,-0.013548,6733
NHIS,race_includehispBlack,race_includehisp,Race/Ethnicity,Black,White,30-39,2000,-0.103624,0.040551,-0.183397,-0.023851,6733
NHIS,race_includehispAIAN,race_includehisp,Race/Ethnicity,AIAN,White,30-39,2000,0.1791,0.158887,-0.133464,0.491663,6733
NHIS,race_includehispAsian,race_includehisp,Race/Ethnicity,Asian,White,30-39,2000,-0.016184,0.059488,-0.133209,0.100841,6733
NHIS,race_includehispHispanic,race_includehisp,Race/Ethnicity,Hispanic,White,30-39,2000,0.041951,0.038404,-0.033598,0.1175,6733
NHIS,race_includehispOther,race_includehisp,Race/Ethnicity,Other,White,30-39,2000,-0.224891,0.145133,-0.510396,0.060614,6733
NHIS,educ_3catHS_SomeColl,educ_3cat,Education,HS_SomeColl,LT_HS,30-39,2000,0.402688,0.048163,0.307942,0.497435,6733
NHIS,educ_3catBA_plus,educ_3cat,Education,BA_plus,LT_HS,30-39,2000,0.772652,0.050842,0.672636,0.872667,6733
NHIS,sexFemale,sex,Sex,Female,Male,30-39,2001,-0.079935,0.023596,-0.126351,-0.033518,6854
NHIS,race_includehispBlack,race_includehisp,Race/Ethnicity,Black,White,30-39,2001,-0.155661,0.041104,-0.23652,-0.074802,6854
NHIS,race_includehispAIAN,race_includehisp,Race/Ethnicity,AIAN,White,30-39,2001,-0.165413,0.265286,-0.687273,0.356447,6854
NHIS,race_includehispAsian,race_includehisp,Race/Ethnicity,Asian,White,30-39,2001,-0.086401,0.064934,-0.214137,0.041335,6854
NHIS,race_includehispHispanic,race_includehisp,Race/Ethnicity,Hispanic,White,30-39,2001,0.033176,0.038532,-0.042623,0.108975,6854
NHIS,race_includehispOther,race_includehisp,Race/Ethnicity,Other,White,30-39,2001,-0.142424,0.105801,-0.350551,0.065703,6854
NHIS,educ_3catHS_SomeColl,educ_3cat,Education,HS_SomeColl,LT_HS,30-39,2001,0.450299,0.047194,0.35746,0.543138,6854
NHIS,educ_3catBA_plus,educ_3cat,Education,BA_plus,LT_HS,30-39,2001,0.781767,0.05074,0.681953,0.881582,6854
NHIS,sexFemale,sex,Sex,Female,Male,30-39,2002,-0.063588,0.025442,-0.11364,-0.013536,6359
NHIS,race_includehispBlack,race_includehisp,Race/Ethnicity,Black,White,30-39,2002,-0.103747,0.041383,-0.185159,-0.022335,6359
NHIS,race_includehispAIAN,race_includehisp,Race/Ethnicity,AIAN,White,30-39,2002,-0.147136,0.205608,-0.551621,0.257349,6359
NHIS,race_includehispAsian,race_includehisp,Race/Ethnicity,Asian,White,30-39,2002,-0.02965,0.058638,-0.145007,0.085708,6359
NHIS,race_includehispHispanic,race_includehisp,Race/Ethnicity,Hispanic,White,30-39,2002,0.032539,0.037253,-0.040748,0.105827,6359
NHIS,race_includehispOther,race_includehisp,Race/Ethnicity,Other,White,30-39,2002,-0.079325,0.122574,-0.320462,0.161812,6359
NHIS,educ_3catHS_SomeColl,educ_3cat,Education,HS_SomeColl,LT_HS,30-39,2002,0.351926,0.046144,0.261148,0.442703,6359
NHIS,educ_3catBA_plus,educ_3cat,Education,BA_plus,LT_HS,30-39,2002,0.716733,0.049125,0.62009,0.813376,6359
NHIS,sexFemale,sex,Sex,Female,Male,30-39,2003,-0.092797,0.027689,-0.14727,-0.038324,6119
NHIS,race_includehispBlack,race_includehisp,Race/Ethnicity,Black,White,30-39,2003,-0.125672,0.042029,-0.208358,-0.042986,6119
NHIS,race_includehispAIAN,race_includehisp,Race/Ethnicity,AIAN,White,30-39,2003,-0.130878,0.178178,-0.481414,0.219658,6119
NHIS,race_includehispAsian,race_includehisp,Race/Ethnicity,Asian,White,30-39,2003,0.030886,0.069865,-0.106562,0.168335,6119
NHIS,race_includehispHispanic,race_includehisp,Race/Ethnicity,Hispanic,White,30-39,2003,-0.034355,0.039844,-0.112741,0.044031,6119
NHIS,race_includehispOther,race_includehisp,Race/Ethnicity,Other,White,30-39,2003,-0.197658,0.128433,-0.450329,0.055013,6119
NHIS,educ_3catHS_SomeColl,educ_3cat,Education,HS_SomeColl,LT_HS,30-39,2003,0.319172,0.048239,0.22427,0.414073,6119
NHIS,educ_3catBA_plus,educ_3cat,Education,BA_plus,LT_HS,30-39,2003,0.693941,0.052025,0.591591,0.796291,6119
NHIS,sexFemale,sex,Sex,Female,Male,30-39,2004,-0.088997,0.025669,-0.139495,-0.0385,6053
NHIS,race_includehispBlack,race_includehisp,Race/Ethnicity,Black,White,30-39,2004,-0.164533,0.040474,-0.244155,-0.08491,6053
NHIS,race_includehispAIAN,race_includehisp,Race/Ethnicity,AIAN,White,30-39,2004,0.014898,0.225042,-0.427815,0.45761,6053
NHIS,race_includehispAsian,race_includehisp,Race/Ethnicity,Asian,White,30-39,2004,0.111357,0.060107,-0.006888,0.229601,6053
NHIS,race_includehispHispanic,race_includehisp,Race/Ethnicity,Hispanic,White,30-39,2004,0.004915,0.040896,-0.075538,0.085369,6053
NHIS,race_includehispOther,race_includehisp,Race/Ethnicity,Other,White,30-39,2004,-0.145707,0.119413,-0.380623,0.089208,6053
NHIS,educ_3catHS_SomeColl,educ_3cat,Education,HS_SomeColl,LT_HS,30-39,2004,0.374601,0.045839,0.284424,0.464778,6053
NHIS,educ_3catBA_plus,educ_3cat,Education,BA_plus,LT_HS,30-39,2004,0.727987,0.048783,0.632019,0.823954,6053
NHIS,sexFemale,sex,Sex,Female,Male,30-39,2005,-0.063835,0.026869,-0.116695,-0.010975,5911
NHIS,race_includehispBlack,race_includehisp,Race/Ethnicity,Black,White,30-39,2005,-0.155428,0.051884,-0.257499,-0.053356,5911
NHIS,race_includehispAIAN,race_includehisp,Race/Ethnicity,AIAN,White,30-39,2005,-0.336774,0.186284,-0.703249,0.029702,5911
NHIS,race_includehispAsian,race_includehisp,Race/Ethnicity,Asian,White,30-39,2005,-0.124018,0.070324,-0.262367,0.01433,5911
NHIS,race_includehispHispanic,race_includehisp,Race/Ethnicity,Hispanic,White,30-39,2005,-0.058001,0.041084,-0.138825,0.022823,5911
NHIS,race_includehispOther,race_includehisp,Race/Ethnicity,Other,White,30-39,2005,0.061478,0.122125,-0.178778,0.301733,5911
NHIS,educ_3catHS_SomeColl,educ_3cat,Education,HS_SomeColl,LT_HS,30-39,2005,0.259283,0.045813,0.169156,0.34941,5911
NHIS,educ_3catBA_plus,educ_3cat,Education,BA_plus,LT_HS,30-39,2005,0.679656,0.0518,0.577751,0.781561,5911
NHIS,sexFemale,sex,Sex,Female,Male,30-39,2006,-0.082405,0.030526,-0.142489,-0.022322,4475
NHIS,race_includehispBlack,race_includehisp,Race/Ethnicity,Black,White,30-39,2006,-0.151561,0.048061,-0.246159,-0.056964,4475
NHIS,race_includehispAIAN,race_includehisp,Race/Ethnicity,AIAN,White,30-39,2006,-0.006568,0.228659,-0.456628,0.443493,4475
NHIS,race_includehispAsian,race_includehisp,Race/Ethnicity,Asian,White,30-39,2006,0.042493,0.053825,-0.063449,0.148435,4475
NHIS,race_includehispHispanic,race_includehisp,Race/Ethnicity,Hispanic,White,30-39,2006,-0.01902,0.047803,-0.113109,0.075069,4475
NHIS,race_includehispOther,race_includehisp,Race/Ethnicity,Other,White,30-39,2006,0.213577,0.188716,-0.157865,0.585019,4475
NHIS,educ_3catHS_SomeColl,educ_3cat,Education,HS_SomeColl,LT_HS,30-39,2006,0.347209,0.053127,0.242641,0.451777,4475
NHIS,educ_3catBA_plus,educ_3cat,Education,BA_plus,LT_HS,30-39,2006,0.729995,0.054821,0.622093,0.837896,4475
NHIS,sexFemale,sex,Sex,Female,Male,30-39,2007,-0.0664,0.034695,-0.134693,0.001892,4274
NHIS,race_includehispBlack,race_includehisp,Race/Ethnicity,Black,White,30-39,2007,-0.066935,0.049191,-0.163761,0.029891,4274
NHIS,race_includehispAIAN,race_includehisp,Race/Ethnicity,AIAN,White,30-39,2007,-0.5516,0.215301,-0.975395,-0.127804,4274
NHIS,race_includehispAsian,race_includehisp,Race/Ethnicity,Asian,White,30-39,2007,0.026609,0.062288,-0.095997,0.149215,4274
NHIS,race_includehispHispanic,race_includehisp,Race/Ethnicity,Hispanic,White,30-39,2007,0.057514,0.042757,-0.026647,0.141676,4274
NHIS,race_includehispOther,race_includehisp,Race/Ethnicity,Other,White,30-39,2007,-0.288245,0.14723,-0.57805,0.00156,4274
NHIS,educ_3catHS_SomeColl,educ_3cat,Education,HS_SomeColl,LT_HS,30-39,2007,0.333618,0.057516,0.220404,0.446832,4274
NHIS,educ_3catBA_plus,educ_3cat,Education,BA_plus,LT_HS,30-39,2007,0.688847,0.06007,0.570607,0.807087,4274
NHIS,sexFemale,sex,Sex,Female,Male,30-39,2008,-0.140747,0.03558,-0.210784,-0.070709,3938
NHIS,race_includehispBlack,race_includehisp,Race/Ethnicity,Black,White,30-39,2008,-0.065359,0.053063,-0.16981,0.039092,3938
NHIS,race_includehispAIAN,race_includehisp,Race/Ethnicity,AIAN,White,30-39,2008,-0.312339,0.247318,-0.799169,0.174491,3938
NHIS,race_includehispAsian,race_includehisp,Race/Ethnicity,Asian,White,30-39,2008,-0.060075,0.061859,-0.181841,0.061692,3938
NHIS,race_includehispHispanic,race_includehisp,Race/Ethnicity,Hispanic,White,30-39,2008,0.004431,0.053676,-0.101227,0.110089,3938
NHIS,race_includehispOther,race_includehisp,Race/Ethnicity,Other,White,30-39,2008,-0.230088,0.147455,-0.520344,0.060168,3938
NHIS,educ_3catHS_SomeColl,educ_3cat,Education,HS_SomeColl,LT_HS,30-39,2008,0.219237,0.061432,0.098312,0.340162,3938
NHIS,educ_3catBA_plus,educ_3cat,Education,BA_plus,LT_HS,30-39,2008,0.667704,0.06475,0.540248,0.79516,3938
NHIS,sexFemale,sex,Sex,Female,Male,30-39,2009,-0.124005,0.032471,-0.187915,-0.060094,4980
NHIS,race_includehispBlack,race_includehisp,Race/Ethnicity,Black,White,30-39,2009,-0.081786,0.045697,-0.171727,0.008155,4980
NHIS,race_includehispAIAN,race_includehisp,Race/Ethnicity,AIAN,White,30-39,2009,-0.498555,0.2915,-1.072286,0.075177,4980
NHIS,race_includehispAsian,race_includehisp,Race/Ethnicity,Asian,White,30-39,2009,0.060182,0.060682,-0.059252,0.179616,4980
NHIS,race_includehispHispanic,race_includehisp,Race/Ethnicity,Hispanic,White,30-39,2009,-0.001858,0.047481,-0.095311,0.091595,4980
NHIS,race_includehispOther,race_includehisp,Race/Ethnicity,Other,White,30-39,2009,-0.075733,0.136953,-0.345285,0.19382,4980
NHIS,educ_3catHS_SomeColl,educ_3cat,Education,HS_SomeColl,LT_HS,30-39,2009,0.351697,0.061563,0.230529,0.472865,4980
NHIS,educ_3catBA_plus,educ_3cat,Education,BA_plus,LT_HS,30-39,2009,0.767708,0.066036,0.637736,0.897679,4980
NHIS,sexFemale,sex,Sex,Female,Male,30-39,2010,-0.109543,0.032991,-0.174475,-0.044612,4915
NHIS,race_includehispBlack,race_includehisp,Race/Ethnicity,Black,White,30-39,2010,-0.210463,0.050533,-0.309919,-0.111007,4915
NHIS,race_includehispAIAN,race_includehisp,Race/Ethnicity,AIAN,White,30-39,2010,-0.594976,0.171026,-0.93158,-0.258371,4915
NHIS,race_includehispAsian,race_includehisp,Race/Ethnicity,Asian,White,30-39,2010,-0.059774,0.064169,-0.186067,0.066519,4915
NHIS,race_includehispHispanic,race_includehisp,Race/Ethnicity,Hispanic,White,30-39,2010,-0.027622,0.043356,-0.112952,0.057708,4915
NHIS,race_includehispOther,race_includehisp,Race/Ethnicity,Other,White,30-39,2010,-0.261196,0.133996,-0.52492,0.002527,4915
NHIS,educ_3catHS_SomeColl,educ_3cat,Education,HS_SomeColl,LT_HS,30-39,2010,0.272244,0.059255,0.15562,0.388867,4915
NHIS,educ_3catBA_plus,educ_3cat,Education,BA_plus,LT_HS,30-39,2010,0.651188,0.061757,0.529642,0.772734,4915
NHIS,sexFemale,sex,Sex,Female,Male,30-39,2011,-0.079351,0.030863,-0.140095,-0.018607,5836
NHIS,race_includehispBlack,race_includehisp,Race/Ethnicity,Black,White,30-39,2011,-0.135577,0.044391,-0.222945,-0.04821,5836
NHIS,race_includehispAIAN,race_includehisp,Race/Ethnicity,AIAN,White,30-39,2011,-0.388561,0.156304,-0.696191,-0.080931,5836
NHIS,race_includehispAsian,race_includehisp,Race/Ethnicity,Asian,White,30-39,2011,-0.065701,0.054401,-0.172771,0.041368,5836
NHIS,race_includehispHispanic,race_includehisp,Race/Ethnicity,Hispanic,White,30-39,2011,0.017055,0.042223,-0.066046,0.100157,5836
NHIS,race_includehispOther,race_includehisp,Race/Ethnicity,Other,White,30-39,2011,-0.249249,0.126058,-0.497349,-0.001148,5836
NHIS,educ_3catHS_SomeColl,educ_3cat,Education,HS_SomeColl,LT_HS,30-39,2011,0.266782,0.055741,0.157076,0.376488,5836
NHIS,educ_3catBA_plus,educ_3cat,Education,BA_plus,LT_HS,30-39,2011,0.708947,0.057454,0.595869,0.822025,5836
NHIS,sexFemale,sex,Sex,Female,Male,30-39,2012,-0.127115,0.027972,-0.182172,-0.072058,5994
NHIS,race_includehispBlack,race_includehisp,Race/Ethnicity,Black,White,30-39,2012,-0.155935,0.046913,-0.248271,-0.063598,5994
NHIS,race_includehispAIAN,race_includehisp,Race/Ethnicity,AIAN,White,30-39,2012,-0.049826,0.189752,-0.423308,0.323656,5994
NHIS,race_includehispAsian,race_includehisp,Race/Ethnicity,Asian,White,30-39,2012,-0.085702,0.053417,-0.190841,0.019437,5994
NHIS,race_includehispHispanic,race_includehisp,Race/Ethnicity,Hispanic,White,30-39,2012,-0.032575,0.043049,-0.117307,0.052156,5994
NHIS,race_includehispOther,race_includehisp,Race/Ethnicity,Other,White,30-39,2012,-0.315953,0.156773,-0.624524,-0.007382,5994
NHIS,educ_3catHS_SomeColl,educ_3cat,Education,HS_SomeColl,LT_HS,30-39,2012,0.29203,0.047838,0.197873,0.386187,5994
NHIS,educ_3catBA_plus,educ_3cat,Education,BA_plus,LT_HS,30-39,2012,0.725372,0.051187,0.624623,0.826121,5994
NHIS,sexFemale,sex,Sex,Female,Male,30-39,2013,-0.111229,0.031824,-0.173866,-0.048592,5960
NHIS,race_includehispBlack,race_includehisp,Race/Ethnicity,Black,White,30-39,2013,-0.120471,0.045529,-0.210081,-0.03086,5960
NHIS,race_includehispAIAN,race_includehisp,Race/Ethnicity,AIAN,White,30-39,2013,-0.608692,0.201579,-1.00544,-0.211944,5960
NHIS,race_includehispAsian,race_includehisp,Race/Ethnicity,Asian,White,30-39,2013,-0.03249,0.059217,-0.149042,0.084062,5960
NHIS,race_includehispHispanic,race_includehisp,Race/Ethnicity,Hispanic,White,30-39,2013,-0.07521,0.046997,-0.167709,0.017289,5960
NHIS,race_includehispOther,race_includehisp,Race/Ethnicity,Other,White,30-39,2013,-0.120301,0.122398,-0.361205,0.120602,5960
NHIS,educ_3catHS_SomeColl,educ_3cat,Education,HS_SomeColl,LT_HS,30-39,2013,0.251267,0.05145,0.150002,0.352532,5960
NHIS,educ_3catBA_plus,educ_3cat,Education,BA_plus,LT_HS,30-39,2013,0.656115,0.053463,0.550889,0.761341,5960
NHIS,sexFemale,sex,Sex,Female,Male,30-39,2014,-0.118159,0.033623,-0.184337,-0.05198,6144
NHIS,race_includehispBlack,race_includehisp,Race/Ethnicity,Black,White,30-39,2014,-0.108171,0.0555,-0.217407,0.001066,6144
NHIS,race_includehispAIAN,race_includehisp,Race/Ethnicity,AIAN,White,30-39,2014,-0.44912,0.363498,-1.164569,0.266328,6144
NHIS,race_includehispAsian,race_includehisp,Race/Ethnicity,Asian,White,30-39,2014,0.03532,0.059251,-0.081299,0.151939,6144
NHIS,race_includehispHispanic,race_includehisp,Race/Ethnicity,Hispanic,White,30-39,2014,0.027935,0.045959,-0.062524,0.118394,6144
NHIS,race_includehispOther,race_includehisp,Race/Ethnicity,Other,White,30-39,2014,-0.192871,0.1324,-0.453466,0.067724,6144
NHIS,educ_3catHS_SomeColl,educ_3cat,Education,HS_SomeColl,LT_HS,30-39,2014,0.165138,0.058975,0.049062,0.281214,6144
NHIS,educ_3catBA_plus,educ_3cat,Education,BA_plus,LT_HS,30-39,2014,0.584593,0.063716,0.459184,0.710002,6144
NHIS,sexFemale,sex,Sex,Female,Male,30-39,2015,-0.086385,0.031362,-0.148114,-0.024656,5636
NHIS,race_includehispBlack,race_includehisp,Race/Ethnicity,Black,White,30-39,2015,-0.076018,0.052131,-0.178627,0.02659,5636
NHIS,race_includehispAIAN,race_includehisp,Race/Ethnicity,AIAN,White,30-39,2015,-0.2182,0.176811,-0.566211,0.129811,5636
NHIS,race_includehispAsian,race_includehisp,Race/Ethnicity,Asian,White,30-39,2015,0.132798,0.051944,0.030558,0.235038,5636
NHIS,race_includehispHispanic,race_includehisp,Race/Ethnicity,Hispanic,White,30-39,2015,-0.051276,0.045303,-0.140445,0.037892,5636
NHIS,race_includehispOther,race_includehisp,Race/Ethnicity,Other,White,30-39,2015,-0.192111,0.153825,-0.49488,0.110658,5636
NHIS,educ_3catHS_SomeColl,educ_3cat,Education,HS_SomeColl,LT_HS,30-39,2015,0.253495,0.063346,0.128814,0.378176,5636
NHIS,educ_3catBA_plus,educ_3cat,Education,BA_plus,LT_HS,30-39,2015,0.639788,0.068584,0.504798,0.774779,5636
NHIS,sexFemale,sex,Sex,Female,Male,30-39,2016,-0.064289,0.033226,-0.129545,9.66e-4,5111
NHIS,race_includehispBlack,race_includehisp,Race/Ethnicity,Black,White,30-39,2016,-0.109966,0.062722,-0.233152,0.013219,5111
NHIS,race_includehispAIAN,race_includehisp,Race/Ethnicity,AIAN,White,30-39,2016,-0.42104,0.165156,-0.745408,-0.096673,5111
NHIS,race_includehispAsian,race_includehisp,Race/Ethnicity,Asian,White,30-39,2016,0.09689,0.058957,-0.018902,0.212682,5111
NHIS,race_includehispHispanic,race_includehisp,Race/Ethnicity,Hispanic,White,30-39,2016,0.041828,0.05455,-0.065309,0.148965,5111
NHIS,race_includehispOther,race_includehisp,Race/Ethnicity,Other,White,30-39,2016,-0.399417,0.129164,-0.653096,-0.145739,5111
NHIS,educ_3catHS_SomeColl,educ_3cat,Education,HS_SomeColl,LT_HS,30-39,2016,0.212294,0.06798,0.078781,0.345806,5111
NHIS,educ_3catBA_plus,educ_3cat,Education,BA_plus,LT_HS,30-39,2016,0.652813,0.070284,0.514774,0.790852,5111
NHIS,sexFemale,sex,Sex,Female,Male,30-39,2017,-0.123101,0.033417,-0.188766,-0.057436,4187
NHIS,race_includehispBlack,race_includehisp,Race/Ethnicity,Black,White,30-39,2017,-0.060883,0.063499,-0.185662,0.063896,4187
NHIS,race_includehispAIAN,race_includehisp,Race/Ethnicity,AIAN,White,30-39,2017,-0.270382,0.154405,-0.573796,0.033031,4187
NHIS,race_includehispAsian,race_includehisp,Race/Ethnicity,Asian,White,30-39,2017,0.168161,0.055446,0.059208,0.277115,4187
NHIS,race_includehispHispanic,race_includehisp,Race/Ethnicity,Hispanic,White,30-39,2017,0.153653,0.056999,0.041647000000000003,0.26566,4187
NHIS,race_includehispOther,race_includehisp,Race/Ethnicity,Other,White,30-39,2017,-0.023902,0.101546,-0.223445,0.175642,4187
NHIS,educ_3catHS_SomeColl,educ_3cat,Education,HS_SomeColl,LT_HS,30-39,2017,0.345938,0.084922,0.179062,0.512814,4187
NHIS,educ_3catBA_plus,educ_3cat,Education,BA_plus,LT_HS,30-39,2017,0.754383,0.086349,0.584703,0.924063,4187
NHIS,sexFemale,sex,Sex,Female,Male,30-39,2018,-0.064543,0.034319,-0.131979,0.002893,4022
NHIS,race_includehispBlack,race_includehisp,Race/Ethnicity,Black,White,30-39,2018,-0.042739,0.06123,-0.163055,0.077576,4022
NHIS,race_includehispAIAN,race_includehisp,Race/Ethnicity,AIAN,White,30-39,2018,-0.516762,0.266012,-1.039469,0.005944,4022
NHIS,race_includehispAsian,race_includehisp,Race/Ethnicity,Asian,White,30-39,2018,-0.022378,0.07506,-0.169868,0.125113,4022
NHIS,race_includehispHispanic,race_includehisp,Race/Ethnicity,Hispanic,White,30-39,2018,0.071439,0.049714,-0.026247,0.169126,4022
NHIS,race_includehispOther,race_includehisp,Race/Ethnicity,Other,White,30-39,2018,-0.370213,0.129908,-0.625478,-0.114947,4022
NHIS,educ_3catHS_SomeColl,educ_3cat,Education,HS_SomeColl,LT_HS,30-39,2018,0.219509,0.073045,0.075978,0.36304,4022
NHIS,educ_3catBA_plus,educ_3cat,Education,BA_plus,LT_HS,30-39,2018,0.605875,0.072981,0.46247,0.74928,4022
NHIS,sexFemale,sex,Sex,Female,Male,30-39,2019,-0.010539,0.03163,-0.072672,0.051595,5153
NHIS,race_includehispBlack,race_includehisp,Race/Ethnicity,Black,White,30-39,2019,-0.084963,0.050412,-0.183991,0.014064,5153
NHIS,race_includehispAIAN,race_includehisp,Race/Ethnicity,AIAN,White,30-39,2019,-0.107313,0.147112,-0.396295,0.181668,5153
NHIS,race_includehispAsian,race_includehisp,Race/Ethnicity,Asian,White,30-39,2019,0.05776,0.062636,-0.06528,0.1808,5153
NHIS,race_includehispHispanic,race_includehisp,Race/Ethnicity,Hispanic,White,30-39,2019,0.08301,0.047973,-0.011225,0.177246,5153
NHIS,race_includehispOther,race_includehisp,Race/Ethnicity,Other,White,30-39,2019,-0.271487,0.1028,-0.473423,-0.069551,5153
NHIS,educ_3catHS_SomeColl,educ_3cat,Education,HS_SomeColl,LT_HS,30-39,2019,0.41277199999999997,0.070348,0.274583,0.550961,5153
NHIS,educ_3catBA_plus,educ_3cat,Education,BA_plus,LT_HS,30-39,2019,0.794732,0.071344,0.654587,0.934876,5153
NHIS,sexFemale,sex,Sex,Female,Male,30-39,2020,-0.054792,0.033074,-0.119759,0.010175,4865
NHIS,race_includehispBlack,race_includehisp,Race/Ethnicity,Black,White,30-39,2020,-0.117172,0.058258,-0.231608,-0.002737,4865
NHIS,race_includehispAIAN,race_includehisp,Race/Ethnicity,AIAN,White,30-39,2020,-0.164076,0.171606,-0.501162,0.173009,4865
NHIS,race_includehispAsian,race_includehisp,Race/Ethnicity,Asian,White,30-39,2020,0.025089,0.057712,-0.088275,0.138452,4865
NHIS,race_includehispHispanic,race_includehisp,Race/Ethnicity,Hispanic,White,30-39,2020,0.028182,0.051135,-0.072262,0.128626,4865
NHIS,race_includehispOther,race_includehisp,Race/Ethnicity,Other,White,30-39,2020,0.014555,0.112188,-0.205815,0.234925,4865
NHIS,educ_3catHS_SomeColl,educ_3cat,Education,HS_SomeColl,LT_HS,30-39,2020,0.331763,0.075583,0.183296,0.48023,4865
NHIS,educ_3catBA_plus,educ_3cat,Education,BA_plus,LT_HS,30-39,2020,0.724148,0.077102,0.572697,0.875599,4865
NHIS,sexFemale,sex,Sex,Female,Male,30-39,2021,-0.080154,0.03508,-0.149055,-0.011254,4712
NHIS,race_includehispBlack,race_includehisp,Race/Ethnicity,Black,White,30-39,2021,-0.008079,0.063533,-0.132864,0.116706,4712
NHIS,race_includehispAIAN,race_includehisp,Race/Ethnicity,AIAN,White,30-39,2021,-0.193246,0.160383,-0.508256,0.121765,4712
NHIS,race_includehispAsian,race_includehisp,Race/Ethnicity,Asian,White,30-39,2021,0.01404,0.055326,-0.094626,0.122707,4712
NHIS,race_includehispHispanic,race_includehisp,Race/Ethnicity,Hispanic,White,30-39,2021,-0.056807,0.046462,-0.148064,0.034451,4712
NHIS,race_includehispOther,race_includehisp,Race/Ethnicity,Other,White,30-39,2021,-0.073871,0.093477,-0.257471,0.109729,4712
NHIS,educ_3catHS_SomeColl,educ_3cat,Education,HS_SomeColl,LT_HS,30-39,2021,0.090508,0.079126,-0.064904,0.24592,4712
NHIS,educ_3catBA_plus,educ_3cat,Education,BA_plus,LT_HS,30-39,2021,0.429216,0.077333,0.277326,0.581106,4712
NHIS,sexFemale,sex,Sex,Female,Male,30-39,2022,-0.102689,0.031298,-0.164167,-0.041211,4364
NHIS,race_includehispBlack,race_includehisp,Race/Ethnicity,Black,White,30-39,2022,0.023582,0.060146,-0.094561,0.141725,4364
NHIS,race_includehispAIAN,race_includehisp,Race/Ethnicity,AIAN,White,30-39,2022,-0.183184,0.193788,-0.563836,0.197469,4364
NHIS,race_includehispAsian,race_includehisp,Race/Ethnicity,Asian,White,30-39,2022,0.18159,0.055475,0.072623,0.290557,4364
NHIS,race_includehispHispanic,race_includehisp,Race/Ethnicity,Hispanic,White,30-39,2022,0.013939,0.049388,-0.083071999999999993,0.110951,4364
NHIS,race_includehispOther,race_includehisp,Race/Ethnicity,Other,White,30-39,2022,-0.122265,0.120821,-0.359589,0.11506,4364
NHIS,educ_3catHS_SomeColl,educ_3cat,Education,HS_SomeColl,LT_HS,30-39,2022,0.198283,0.084668,0.031973,0.364593,4364
NHIS,educ_3catBA_plus,educ_3cat,Education,BA_plus,LT_HS,30-39,2022,0.571399,0.085853,0.40276,0.740038,4364
NHIS,sexFemale,sex,Sex,Female,Male,30-39,2023,-0.060235,0.033633,-0.126292,0.005822,4644
NHIS,race_includehispBlack,race_includehisp,Race/Ethnicity,Black,White,30-39,2023,-0.024643,0.058472,-0.139483,0.090197,4644
NHIS,race_includehispAIAN,race_includehisp,Race/Ethnicity,AIAN,White,30-39,2023,-0.226138,0.215712,-0.649799,0.197523,4644
NHIS,race_includehispAsian,race_includehisp,Race/Ethnicity,Asian,White,30-39,2023,-0.070311,0.056734,-0.181736,0.041114,4644
NHIS,race_includehispHispanic,race_includehisp,Race/Ethnicity,Hispanic,White,30-39,2023,0.040661,0.043371,-0.044519,0.125842,4644
NHIS,race_includehispOther,race_includehisp,Race/Ethnicity,Other,White,30-39,2023,-0.184643,0.115139,-0.410777,0.041492,4644
NHIS,educ_3catHS_SomeColl,educ_3cat,Education,HS_SomeColl,LT_HS,30-39,2023,0.142515,0.091916,-0.038009,0.32304,4644
NHIS,educ_3catBA_plus,educ_3cat,Education,BA_plus,LT_HS,30-39,2023,0.550196,0.090901,0.371664,0.728727,4644
NHIS,sexFemale,sex,Sex,Female,Male,30-39,2024,-0.097831,0.030355,-0.157447,-0.038214,5246
NHIS,race_includehispBlack,race_includehisp,Race/Ethnicity,Black,White,30-39,2024,-0.020438,0.060446,-0.139151,0.098276,5246
NHIS,race_includehispAIAN,race_includehisp,Race/Ethnicity,AIAN,White,30-39,2024,-0.181397,0.162004,-0.499564,0.136771,5246
NHIS,race_includehispAsian,race_includehisp,Race/Ethnicity,Asian,White,30-39,2024,-0.005694,0.046403,-0.096826,0.085439,5246
NHIS,race_includehispHispanic,race_includehisp,Race/Ethnicity,Hispanic,White,30-39,2024,0.010167,0.043717,-0.07569,0.096025,5246
NHIS,race_includehispOther,race_includehisp,Race/Ethnicity,Other,White,30-39,2024,-0.21188,0.099764,-0.407812,-0.015949,5246
NHIS,educ_3catHS_SomeColl,educ_3cat,Education,HS_SomeColl,LT_HS,30-39,2024,0.175785,0.069242,0.039798,0.311772,5246
NHIS,educ_3catBA_plus,educ_3cat,Education,BA_plus,LT_HS,30-39,2024,0.534452,0.070612,0.395774,0.673129,5246
NHIS,sexFemale,sex,Sex,Female,Male,40-49,1983,-0.122939,0.027523,-0.177337,-0.068541,5517
NHIS,sexFemale,sex,Sex,Female,Male,40-49,1985,-0.126606,0.038882,-0.203572,-0.049641,4557
NHIS,sexFemale,sex,Sex,Female,Male,40-49,1987,-0.144405,0.029333,-0.202276,-0.086535,6474
NHIS,sexFemale,sex,Sex,Female,Male,40-49,1988,-0.108642,0.028927,-0.165712,-0.051572,6653
NHIS,sexFemale,sex,Sex,Female,Male,40-49,1989,-0.141532,0.029429,-0.199592,-0.083472,6861
NHIS,sexFemale,sex,Sex,Female,Male,40-49,1990,-0.120298,0.031254,-0.181957,-0.058638,6752
NHIS,sexFemale,sex,Sex,Female,Male,40-49,1991,-0.152875,0.028557,-0.209214,-0.096535,7436
NHIS,sexFemale,sex,Sex,Female,Male,40-49,1992,-0.090287,0.037977,-0.165211,-0.015363,4123
NHIS,sexFemale,sex,Sex,Female,Male,40-49,1993,-0.128918,0.02127,-0.170881,-0.086956,8613
NHIS,sexFemale,sex,Sex,Female,Male,40-49,1997,-0.065126,0.024791,-0.113893,-0.01636,6962
NHIS,educ_3catHS_SomeColl,educ_3cat,Education,HS_SomeColl,LT_HS,40-49,1997,0.536258,0.050467,0.436984,0.635531,6962
NHIS,educ_3catBA_plus,educ_3cat,Education,BA_plus,LT_HS,40-49,1997,0.947041,0.051493,0.84575,1.048333,6962
NHIS,sexFemale,sex,Sex,Female,Male,40-49,1998,-0.006412,0.026911,-0.059347,0.046523,6316
NHIS,educ_3catHS_SomeColl,educ_3cat,Education,HS_SomeColl,LT_HS,40-49,1998,0.586328,0.049757,0.488453,0.684203,6316
NHIS,educ_3catBA_plus,educ_3cat,Education,BA_plus,LT_HS,40-49,1998,0.985322,0.051667,0.88369,1.086954,6316
NHIS,sexFemale,sex,Sex,Female,Male,40-49,1999,-0.060442,0.028723,-0.116945,-0.00394,5967
NHIS,race_includehispBlack,race_includehisp,Race/Ethnicity,Black,White,40-49,1999,-0.319226,0.048476,-0.414588,-0.223865,5967
NHIS,race_includehispAIAN,race_includehisp,Race/Ethnicity,AIAN,White,40-49,1999,-0.662537,0.165307,-0.987725,-0.337348,5967
NHIS,race_includehispAsian,race_includehisp,Race/Ethnicity,Asian,White,40-49,1999,-0.247915,0.098456,-0.441596,-0.054234,5967
NHIS,race_includehispHispanic,race_includehisp,Race/Ethnicity,Hispanic,White,40-49,1999,-0.035856,0.0475,-0.129297,0.057585,5967
NHIS,race_includehispOther,race_includehisp,Race/Ethnicity,Other,White,40-49,1999,-0.202234,0.120103,-0.438498,0.03403,5967
NHIS,educ_3catHS_SomeColl,educ_3cat,Education,HS_SomeColl,LT_HS,40-49,1999,0.388684,0.048916,0.292458,0.48491,5967
NHIS,educ_3catBA_plus,educ_3cat,Education,BA_plus,LT_HS,40-49,1999,0.774647,0.051419,0.673497,0.875798,5967
NHIS,sexFemale,sex,Sex,Female,Male,40-49,2000,-0.057457,0.029002,-0.11451,-4.04e-4,6355
NHIS,race_includehispBlack,race_includehisp,Race/Ethnicity,Black,White,40-49,2000,-0.209456,0.048162,-0.3042,-0.114712,6355
NHIS,race_includehispAIAN,race_includehisp,Race/Ethnicity,AIAN,White,40-49,2000,-0.195029,0.221798,-0.631345,0.241287,6355
NHIS,race_includehispAsian,race_includehisp,Race/Ethnicity,Asian,White,40-49,2000,-0.049973,0.105666,-0.257837,0.157891,6355
NHIS,race_includehispHispanic,race_includehisp,Race/Ethnicity,Hispanic,White,40-49,2000,-0.042401,0.0531,-0.146859,0.062056,6355
NHIS,race_includehispOther,race_includehisp,Race/Ethnicity,Other,White,40-49,2000,-0.331223,0.178942,-0.683234,0.020788,6355
NHIS,educ_3catHS_SomeColl,educ_3cat,Education,HS_SomeColl,LT_HS,40-49,2000,0.534841,0.060989,0.414863,0.654818,6355
NHIS,educ_3catBA_plus,educ_3cat,Education,BA_plus,LT_HS,40-49,2000,0.925983,0.063439,0.801187,1.050778,6355
NHIS,sexFemale,sex,Sex,Female,Male,40-49,2001,-0.089001,0.025737,-0.139631,-0.038371,6633
NHIS,race_includehispBlack,race_includehisp,Race/Ethnicity,Black,White,40-49,2001,-0.204668,0.04535,-0.29388,-0.115456,6633
NHIS,race_includehispAIAN,race_includehisp,Race/Ethnicity,AIAN,White,40-49,2001,-0.511604,0.188359,-0.882143,-0.141065,6633
NHIS,race_includehispAsian,race_includehisp,Race/Ethnicity,Asian,White,40-49,2001,-0.060313,0.077738,-0.213238,0.092613,6633
NHIS,race_includehispHispanic,race_includehisp,Race/Ethnicity,Hispanic,White,40-49,2001,0.017332,0.046221,-0.073594,0.108259,6633
NHIS,race_includehispOther,race_includehisp,Race/Ethnicity,Other,White,40-49,2001,-0.544326,0.108821,-0.7584,-0.330253,6633
NHIS,educ_3catHS_SomeColl,educ_3cat,Education,HS_SomeColl,LT_HS,40-49,2001,0.444417,0.054807,0.3366,0.552234,6633
NHIS,educ_3catBA_plus,educ_3cat,Education,BA_plus,LT_HS,40-49,2001,0.821958,0.054981,0.713799,0.930117,6633
NHIS,sexFemale,sex,Sex,Female,Male,40-49,2002,-0.103219,0.027601,-0.157516,-0.048921,6102
NHIS,race_includehispBlack,race_includehisp,Race/Ethnicity,Black,White,40-49,2002,-0.264051,0.044043,-0.350692,-0.17741,6102
NHIS,race_includehispAIAN,race_includehisp,Race/Ethnicity,AIAN,White,40-49,2002,-0.366272,0.201782,-0.763218,0.030673,6102
NHIS,race_includehispAsian,race_includehisp,Race/Ethnicity,Asian,White,40-49,2002,-0.051542,0.102627,-0.253431,0.150346,6102
NHIS,race_includehispHispanic,race_includehisp,Race/Ethnicity,Hispanic,White,40-49,2002,-0.01674,0.04922,-0.113567,0.080086,6102
NHIS,race_includehispOther,race_includehisp,Race/Ethnicity,Other,White,40-49,2002,-0.186098,0.129586,-0.441021,0.068824,6102
NHIS,educ_3catHS_SomeColl,educ_3cat,Education,HS_SomeColl,LT_HS,40-49,2002,0.507809,0.053294,0.402969,0.612649,6102
NHIS,educ_3catBA_plus,educ_3cat,Education,BA_plus,LT_HS,40-49,2002,0.977438,0.055625,0.868012,1.086863,6102
NHIS,sexFemale,sex,Sex,Female,Male,40-49,2003,-0.064614,0.029456,-0.122559,-0.006669,6072
NHIS,race_includehispBlack,race_includehisp,Race/Ethnicity,Black,White,40-49,2003,-0.298021,0.046605,-0.389701,-0.206341,6072
NHIS,race_includehispAIAN,race_includehisp,Race/Ethnicity,AIAN,White,40-49,2003,-0.472524,0.168982,-0.804942,-0.140105,6072
NHIS,race_includehispAsian,race_includehisp,Race/Ethnicity,Asian,White,40-49,2003,-0.06818,0.074939,-0.215599,0.079239,6072
NHIS,race_includehispHispanic,race_includehisp,Race/Ethnicity,Hispanic,White,40-49,2003,-0.065812,0.047526,-0.159305,0.02768,6072
NHIS,race_includehispOther,race_includehisp,Race/Ethnicity,Other,White,40-49,2003,-0.086423,0.217355,-0.513998,0.341153,6072
NHIS,educ_3catHS_SomeColl,educ_3cat,Education,HS_SomeColl,LT_HS,40-49,2003,0.425167,0.053041,0.320825,0.529508,6072
NHIS,educ_3catBA_plus,educ_3cat,Education,BA_plus,LT_HS,40-49,2003,0.823599,0.057155,0.711165,0.936032,6072
NHIS,sexFemale,sex,Sex,Female,Male,40-49,2004,-0.097095,0.027276,-0.150754,-0.043437,6134
NHIS,race_includehispBlack,race_includehisp,Race/Ethnicity,Black,White,40-49,2004,-0.137848,0.049198,-0.234632,-0.041064,6134
NHIS,race_includehispAIAN,race_includehisp,Race/Ethnicity,AIAN,White,40-49,2004,-0.660885,0.241053,-1.135089,-0.18668,6134
NHIS,race_includehispAsian,race_includehisp,Race/Ethnicity,Asian,White,40-49,2004,-0.007746,0.095602,-0.195817,0.180324,6134
NHIS,race_includehispHispanic,race_includehisp,Race/Ethnicity,Hispanic,White,40-49,2004,0.035878,0.047458,-0.057483,0.129239,6134
NHIS,race_includehispOther,race_includehisp,Race/Ethnicity,Other,White,40-49,2004,-0.32991,0.179362,-0.682755,0.022936,6134
NHIS,educ_3catHS_SomeColl,educ_3cat,Education,HS_SomeColl,LT_HS,40-49,2004,0.546002,0.051765,0.444168,0.647836,6134
NHIS,educ_3catBA_plus,educ_3cat,Education,BA_plus,LT_HS,40-49,2004,0.948453,0.054174,0.841882,1.055025,6134
NHIS,sexFemale,sex,Sex,Female,Male,40-49,2005,-0.033624,0.028571,-0.089828,0.022581,6085
NHIS,race_includehispBlack,race_includehisp,Race/Ethnicity,Black,White,40-49,2005,-0.27932,0.048861,-0.375439,-0.183201,6085
NHIS,race_includehispAIAN,race_includehisp,Race/Ethnicity,AIAN,White,40-49,2005,-0.746426,0.230862,-1.200573,-0.292278,6085
NHIS,race_includehispAsian,race_includehisp,Race/Ethnicity,Asian,White,40-49,2005,-0.05668,0.081123,-0.216263,0.102904,6085
NHIS,race_includehispHispanic,race_includehisp,Race/Ethnicity,Hispanic,White,40-49,2005,-0.026243,0.042676,-0.110193,0.057707,6085
NHIS,race_includehispOther,race_includehisp,Race/Ethnicity,Other,White,40-49,2005,-0.775221,0.157477,-1.085007,-0.465435,6085
NHIS,educ_3catHS_SomeColl,educ_3cat,Education,HS_SomeColl,LT_HS,40-49,2005,0.450311,0.046493,0.358851,0.541771,6085
NHIS,educ_3catBA_plus,educ_3cat,Education,BA_plus,LT_HS,40-49,2005,0.882703,0.050335,0.783685,0.981721,6085
NHIS,sexFemale,sex,Sex,Female,Male,40-49,2006,-0.064784,0.035597,-0.134847,0.005279,4578
NHIS,race_includehispBlack,race_includehisp,Race/Ethnicity,Black,White,40-49,2006,-0.290726,0.054071,-0.397152,-0.1843,4578
NHIS,race_includehispAIAN,race_includehisp,Race/Ethnicity,AIAN,White,40-49,2006,-0.043909,0.172275,-0.382991,0.295173,4578
NHIS,race_includehispAsian,race_includehisp,Race/Ethnicity,Asian,White,40-49,2006,-0.099983,0.077918,-0.253347,0.053381,4578
NHIS,race_includehispHispanic,race_includehisp,Race/Ethnicity,Hispanic,White,40-49,2006,-0.066799,0.05075,-0.166689,0.033092,4578
NHIS,race_includehispOther,race_includehisp,Race/Ethnicity,Other,White,40-49,2006,0.060753,0.187067,-0.307443,0.42895,4578
NHIS,educ_3catHS_SomeColl,educ_3cat,Education,HS_SomeColl,LT_HS,40-49,2006,0.375498,0.053748,0.269708,0.481288,4578
NHIS,educ_3catBA_plus,educ_3cat,Education,BA_plus,LT_HS,40-49,2006,0.821677,0.055249,0.712932,0.930421,4578
NHIS,sexFemale,sex,Sex,Female,Male,40-49,2007,-0.026833,0.039175,-0.103942,0.050276,4360
NHIS,race_includehispBlack,race_includehisp,Race/Ethnicity,Black,White,40-49,2007,-0.195594,0.055838,-0.305501,-0.085688,4360
NHIS,race_includehispAIAN,race_includehisp,Race/Ethnicity,AIAN,White,40-49,2007,-0.482803,0.161034,-0.799769,-0.165837,4360
NHIS,race_includehispAsian,race_includehisp,Race/Ethnicity,Asian,White,40-49,2007,-0.133405,0.08844,-0.307483,0.040674,4360
NHIS,race_includehispHispanic,race_includehisp,Race/Ethnicity,Hispanic,White,40-49,2007,0.046495,0.055376,-0.062503,0.155493,4360
NHIS,race_includehispOther,race_includehisp,Race/Ethnicity,Other,White,40-49,2007,-0.297767,0.199032,-0.689527,0.093993,4360
NHIS,educ_3catHS_SomeColl,educ_3cat,Education,HS_SomeColl,LT_HS,40-49,2007,0.495641,0.070374,0.357122,0.634161,4360
NHIS,educ_3catBA_plus,educ_3cat,Education,BA_plus,LT_HS,40-49,2007,0.995609,0.069985,0.857857,1.133362,4360
NHIS,sexFemale,sex,Sex,Female,Male,40-49,2008,-0.143085,0.037138,-0.216184,-0.069987,3960
NHIS,race_includehispBlack,race_includehisp,Race/Ethnicity,Black,White,40-49,2008,-0.181753,0.054835,-0.289684,-0.073821,3960
NHIS,race_includehispAIAN,race_includehisp,Race/Ethnicity,AIAN,White,40-49,2008,-0.184935,0.227221,-0.632172,0.262303,3960
NHIS,race_includehispAsian,race_includehisp,Race/Ethnicity,Asian,White,40-49,2008,-0.016276,0.079416,-0.172589,0.140037,3960
NHIS,race_includehispHispanic,race_includehisp,Race/Ethnicity,Hispanic,White,40-49,2008,0.059831,0.05765,-0.053641,0.173303,3960
NHIS,race_includehispOther,race_includehisp,Race/Ethnicity,Other,White,40-49,2008,-0.09913,0.185207,-0.463672,0.265412,3960
NHIS,educ_3catHS_SomeColl,educ_3cat,Education,HS_SomeColl,LT_HS,40-49,2008,0.511108,0.074535,0.364402,0.657815,3960
NHIS,educ_3catBA_plus,educ_3cat,Education,BA_plus,LT_HS,40-49,2008,0.991167,0.073958,0.845596,1.136738,3960
NHIS,sexFemale,sex,Sex,Female,Male,40-49,2009,-0.03228,0.040416,-0.111824,0.047264,5054
NHIS,race_includehispBlack,race_includehisp,Race/Ethnicity,Black,White,40-49,2009,-0.25307,0.055652,-0.362601,-0.14354,5054
NHIS,race_includehispAIAN,race_includehisp,Race/Ethnicity,AIAN,White,40-49,2009,-0.27519,0.217598,-0.703457,0.153076,5054
NHIS,race_includehispAsian,race_includehisp,Race/Ethnicity,Asian,White,40-49,2009,0.102641,0.075176,-0.045317,0.250599,5054
NHIS,race_includehispHispanic,race_includehisp,Race/Ethnicity,Hispanic,White,40-49,2009,0.095228,0.051487,-0.006106,0.196562,5054
NHIS,race_includehispOther,race_includehisp,Race/Ethnicity,Other,White,40-49,2009,-0.425365,0.202052,-0.823033,-0.027697,5054
NHIS,educ_3catHS_SomeColl,educ_3cat,Education,HS_SomeColl,LT_HS,40-49,2009,0.522966,0.067124,0.390856,0.655075,5054
NHIS,educ_3catBA_plus,educ_3cat,Education,BA_plus,LT_HS,40-49,2009,1.006477,0.073309,0.862194,1.15076,5054
NHIS,sexFemale,sex,Sex,Female,Male,40-49,2010,-0.045732,0.029915,-0.104611,0.013148,4799
NHIS,race_includehispBlack,race_includehisp,Race/Ethnicity,Black,White,40-49,2010,-0.316897,0.04614,-0.40771,-0.226084,4799
NHIS,race_includehispAIAN,race_includehisp,Race/Ethnicity,AIAN,White,40-49,2010,-0.233105,0.185259,-0.597732,0.131523,4799
NHIS,race_includehispAsian,race_includehisp,Race/Ethnicity,Asian,White,40-49,2010,0.047323,0.051147,-0.053344,0.147991,4799
NHIS,race_includehispHispanic,race_includehisp,Race/Ethnicity,Hispanic,White,40-49,2010,0.010179,0.049745,-0.087729,0.108086,4799
NHIS,race_includehispOther,race_includehisp,Race/Ethnicity,Other,White,40-49,2010,-0.050598,0.203018,-0.45018,0.348985,4799
NHIS,educ_3catHS_SomeColl,educ_3cat,Education,HS_SomeColl,LT_HS,40-49,2010,0.527283,0.060819,0.40758,0.646987,4799
NHIS,educ_3catBA_plus,educ_3cat,Education,BA_plus,LT_HS,40-49,2010,1.007331,0.062846,0.883637,1.131026,4799
NHIS,sexFemale,sex,Sex,Female,Male,40-49,2011,-0.066924,0.030681,-0.12731,-0.006539,5724
NHIS,race_includehispBlack,race_includehisp,Race/Ethnicity,Black,White,40-49,2011,-0.230673,0.050629,-0.330318,-0.131028,5724
NHIS,race_includehispAIAN,race_includehisp,Race/Ethnicity,AIAN,White,40-49,2011,-0.387573,0.236747,-0.853526,0.07838,5724
NHIS,race_includehispAsian,race_includehisp,Race/Ethnicity,Asian,White,40-49,2011,-0.015602,0.063876,-0.14132,0.110116,5724
NHIS,race_includehispHispanic,race_includehisp,Race/Ethnicity,Hispanic,White,40-49,2011,0.019933,0.048091,-0.074717,0.114584,5724
NHIS,race_includehispOther,race_includehisp,Race/Ethnicity,Other,White,40-49,2011,-0.399768,0.144034,-0.683248,-0.116288,5724
NHIS,educ_3catHS_SomeColl,educ_3cat,Education,HS_SomeColl,LT_HS,40-49,2011,0.400332,0.059261,0.283698,0.516966,5724
NHIS,educ_3catBA_plus,educ_3cat,Education,BA_plus,LT_HS,40-49,2011,0.886248,0.059944,0.76827,1.004226,5724
NHIS,sexFemale,sex,Sex,Female,Male,40-49,2012,-0.056712,0.034209,-0.124039,0.010615,5703
NHIS,race_includehispBlack,race_includehisp,Race/Ethnicity,Black,White,40-49,2012,-0.208934,0.051969,-0.311215,-0.106652,5703
NHIS,race_includehispAIAN,race_includehisp,Race/Ethnicity,AIAN,White,40-49,2012,-0.256132,0.170626,-0.591944,0.07968,5703
NHIS,race_includehispAsian,race_includehisp,Race/Ethnicity,Asian,White,40-49,2012,0.053195,0.064816,-0.07437,0.18076,5703
NHIS,race_includehispHispanic,race_includehisp,Race/Ethnicity,Hispanic,White,40-49,2012,0.120589,0.052039,0.018169,0.223008,5703
NHIS,race_includehispOther,race_includehisp,Race/Ethnicity,Other,White,40-49,2012,-0.165841,0.121723,-0.405406,0.073724,5703
NHIS,educ_3catHS_SomeColl,educ_3cat,Education,HS_SomeColl,LT_HS,40-49,2012,0.457913,0.058232,0.343305,0.572522,5703
NHIS,educ_3catBA_plus,educ_3cat,Education,BA_plus,LT_HS,40-49,2012,0.915025,0.064296,0.788482,1.041568,5703
NHIS,sexFemale,sex,Sex,Female,Male,40-49,2013,-0.084821,0.034458,-0.152639,-0.017002,5625
NHIS,race_includehispBlack,race_includehisp,Race/Ethnicity,Black,White,40-49,2013,-0.083702,0.055597,-0.193126,0.025723,5625
NHIS,race_includehispAIAN,race_includehisp,Race/Ethnicity,AIAN,White,40-49,2013,-0.408153,0.172168,-0.74701,-0.069297,5625
NHIS,race_includehispAsian,race_includehisp,Race/Ethnicity,Asian,White,40-49,2013,-0.006281,0.064717,-0.133656,0.121094,5625
NHIS,race_includehispHispanic,race_includehisp,Race/Ethnicity,Hispanic,White,40-49,2013,0.139249,0.049049,0.042711,0.235786,5625
NHIS,race_includehispOther,race_includehisp,Race/Ethnicity,Other,White,40-49,2013,-0.262088,0.179986,-0.616333,0.092156,5625
NHIS,educ_3catHS_SomeColl,educ_3cat,Education,HS_SomeColl,LT_HS,40-49,2013,0.371999,0.064629,0.244798,0.499201,5625
NHIS,educ_3catBA_plus,educ_3cat,Education,BA_plus,LT_HS,40-49,2013,0.82689,0.068819,0.691443,0.962338,5625
NHIS,sexFemale,sex,Sex,Female,Male,40-49,2014,-0.043665,0.033765,-0.110122,0.022791,5831
NHIS,race_includehispBlack,race_includehisp,Race/Ethnicity,Black,White,40-49,2014,-0.192762,0.054039,-0.299121,-0.086403,5831
NHIS,race_includehispAIAN,race_includehisp,Race/Ethnicity,AIAN,White,40-49,2014,-0.139557,0.206693,-0.546366,0.267252,5831
NHIS,race_includehispAsian,race_includehisp,Race/Ethnicity,Asian,White,40-49,2014,-0.014588,0.063908,-0.140371,0.111194,5831
NHIS,race_includehispHispanic,race_includehisp,Race/Ethnicity,Hispanic,White,40-49,2014,0.077758,0.053359,-0.027262,0.182778,5831
NHIS,race_includehispOther,race_includehisp,Race/Ethnicity,Other,White,40-49,2014,-0.111966,0.155673,-0.418359,0.194426,5831
NHIS,educ_3catHS_SomeColl,educ_3cat,Education,HS_SomeColl,LT_HS,40-49,2014,0.374313,0.061188,0.253884,0.494742,5831
NHIS,educ_3catBA_plus,educ_3cat,Education,BA_plus,LT_HS,40-49,2014,0.842752,0.060399,0.723876,0.961629,5831
NHIS,sexFemale,sex,Sex,Female,Male,40-49,2015,-0.037889,0.034381,-0.105559,0.029782,5247
NHIS,race_includehispBlack,race_includehisp,Race/Ethnicity,Black,White,40-49,2015,-0.204698,0.054714,-0.31238899999999997,-0.097007,5247
NHIS,race_includehispAIAN,race_includehisp,Race/Ethnicity,AIAN,White,40-49,2015,-0.11445,0.141352,-0.392668,0.163768,5247
NHIS,race_includehispAsian,race_includehisp,Race/Ethnicity,Asian,White,40-49,2015,0.028375,0.062026,-0.093709,0.15046,5247
NHIS,race_includehispHispanic,race_includehisp,Race/Ethnicity,Hispanic,White,40-49,2015,0.115167,0.0536,0.009667,0.220667,5247
NHIS,race_includehispOther,race_includehisp,Race/Ethnicity,Other,White,40-49,2015,0.119254,0.180523,-0.236063,0.47457,5247
NHIS,educ_3catHS_SomeColl,educ_3cat,Education,HS_SomeColl,LT_HS,40-49,2015,0.471081,0.061471,0.350089,0.592073,5247
NHIS,educ_3catBA_plus,educ_3cat,Education,BA_plus,LT_HS,40-49,2015,0.965066,0.062499,0.842051,1.088081,5247
NHIS,sexFemale,sex,Sex,Female,Male,40-49,2016,-0.121846,0.038157,-0.196785,-0.046907,4730
NHIS,race_includehispBlack,race_includehisp,Race/Ethnicity,Black,White,40-49,2016,-0.127297,0.061291,-0.247672,-0.006923,4730
NHIS,race_includehispAIAN,race_includehisp,Race/Ethnicity,AIAN,White,40-49,2016,-0.307469,0.123327,-0.549682,-0.065257,4730
NHIS,race_includehispAsian,race_includehisp,Race/Ethnicity,Asian,White,40-49,2016,0.113298,0.070344,-0.024857,0.251453,4730
NHIS,race_includehispHispanic,race_includehisp,Race/Ethnicity,Hispanic,White,40-49,2016,0.001241,0.061136,-0.118829,0.121311,4730
NHIS,race_includehispOther,race_includehisp,Race/Ethnicity,Other,White,40-49,2016,-0.2558,0.101941,-0.456012,-0.055588,4730
NHIS,educ_3catHS_SomeColl,educ_3cat,Education,HS_SomeColl,LT_HS,40-49,2016,0.346904,0.067826,0.213693,0.480114,4730
NHIS,educ_3catBA_plus,educ_3cat,Education,BA_plus,LT_HS,40-49,2016,0.797232,0.068617,0.662468,0.931996,4730
NHIS,sexFemale,sex,Sex,Female,Male,40-49,2017,-0.07868,0.037842,-0.153041,-0.004319,3854
NHIS,race_includehispBlack,race_includehisp,Race/Ethnicity,Black,White,40-49,2017,-0.046468,0.072765,-0.189452,0.096516,3854
NHIS,race_includehispAIAN,race_includehisp,Race/Ethnicity,AIAN,White,40-49,2017,-0.227314,0.193492,-0.60753,0.152902,3854
NHIS,race_includehispAsian,race_includehisp,Race/Ethnicity,Asian,White,40-49,2017,0.075256,0.077545,-0.077122,0.227634,3854
NHIS,race_includehispHispanic,race_includehisp,Race/Ethnicity,Hispanic,White,40-49,2017,0.106026,0.060966,-0.013774,0.225826,3854
NHIS,race_includehispOther,race_includehisp,Race/Ethnicity,Other,White,40-49,2017,-0.096707,0.139056,-0.369956,0.176542,3854
NHIS,educ_3catHS_SomeColl,educ_3cat,Education,HS_SomeColl,LT_HS,40-49,2017,0.338574,0.079951,0.18147,0.495679,3854
NHIS,educ_3catBA_plus,educ_3cat,Education,BA_plus,LT_HS,40-49,2017,0.794947,0.079798,0.638141,0.951753,3854
NHIS,sexFemale,sex,Sex,Female,Male,40-49,2018,-0.00722,0.037595,-0.081094,0.066653,3756
NHIS,race_includehispBlack,race_includehisp,Race/Ethnicity,Black,White,40-49,2018,-0.064987,0.070418,-0.203357,0.073383,3756
NHIS,race_includehispAIAN,race_includehisp,Race/Ethnicity,AIAN,White,40-49,2018,-0.119225,0.260305,-0.630721,0.392271,3756
NHIS,race_includehispAsian,race_includehisp,Race/Ethnicity,Asian,White,40-49,2018,0.243367,0.073356,0.099223,0.387511,3756
NHIS,race_includehispHispanic,race_includehisp,Race/Ethnicity,Hispanic,White,40-49,2018,0.164733,0.05983,0.047167,0.282299,3756
NHIS,race_includehispOther,race_includehisp,Race/Ethnicity,Other,White,40-49,2018,-0.246685,0.123353,-0.489074,-0.004297,3756
NHIS,educ_3catHS_SomeColl,educ_3cat,Education,HS_SomeColl,LT_HS,40-49,2018,0.283641,0.077676,0.131009,0.436274,3756
NHIS,educ_3catBA_plus,educ_3cat,Education,BA_plus,LT_HS,40-49,2018,0.750092,0.080542,0.591827,0.908357,3756
NHIS,sexFemale,sex,Sex,Female,Male,40-49,2019,-0.069435,0.035775,-0.139708,8.39e-4,4613
NHIS,race_includehispBlack,race_includehisp,Race/Ethnicity,Black,White,40-49,2019,-0.160295,0.056977,-0.272216,-0.048373,4613
NHIS,race_includehispAIAN,race_includehisp,Race/Ethnicity,AIAN,White,40-49,2019,-0.316224,0.192677,-0.694706,0.062257,4613
NHIS,race_includehispAsian,race_includehisp,Race/Ethnicity,Asian,White,40-49,2019,0.185397,0.066343,0.055078,0.315716,4613
NHIS,race_includehispHispanic,race_includehisp,Race/Ethnicity,Hispanic,White,40-49,2019,0.077511,0.054279,-0.029112,0.184134,4613
NHIS,race_includehispOther,race_includehisp,Race/Ethnicity,Other,White,40-49,2019,-0.234586,0.127292,-0.484631,0.015458,4613
NHIS,educ_3catHS_SomeColl,educ_3cat,Education,HS_SomeColl,LT_HS,40-49,2019,0.495937,0.090888,0.317403,0.674471,4613
NHIS,educ_3catBA_plus,educ_3cat,Education,BA_plus,LT_HS,40-49,2019,0.879299,0.091075,0.700397,1.058202,4613
NHIS,sexFemale,sex,Sex,Female,Male,40-49,2020,-0.070095,0.03717,-0.143109,0.00292,4546
NHIS,race_includehispBlack,race_includehisp,Race/Ethnicity,Black,White,40-49,2020,-0.167957,0.063089,-0.291885,-0.044028,4546
NHIS,race_includehispAIAN,race_includehisp,Race/Ethnicity,AIAN,White,40-49,2020,-0.434257,0.21861,-0.863686,-0.004827,4546
NHIS,race_includehispAsian,race_includehisp,Race/Ethnicity,Asian,White,40-49,2020,0.300234,0.069938,0.162851,0.437617,4546
NHIS,race_includehispHispanic,race_includehisp,Race/Ethnicity,Hispanic,White,40-49,2020,0.08156,0.056516,-0.029458,0.192578,4546
NHIS,race_includehispOther,race_includehisp,Race/Ethnicity,Other,White,40-49,2020,-0.116794,0.131388,-0.374887,0.1413,4546
NHIS,educ_3catHS_SomeColl,educ_3cat,Education,HS_SomeColl,LT_HS,40-49,2020,0.330173,0.079788,0.173441,0.486905,4546
NHIS,educ_3catBA_plus,educ_3cat,Education,BA_plus,LT_HS,40-49,2020,0.763127,0.083519,0.599064,0.927189,4546
NHIS,sexFemale,sex,Sex,Female,Male,40-49,2021,-0.152023,0.035803,-0.222343,-0.081702,4335
NHIS,race_includehispBlack,race_includehisp,Race/Ethnicity,Black,White,40-49,2021,-0.170116,0.059612,-0.287197,-0.053034,4335
NHIS,race_includehispAIAN,race_includehisp,Race/Ethnicity,AIAN,White,40-49,2021,-0.753165,0.453151,-1.643187,0.136858,4335
NHIS,race_includehispAsian,race_includehisp,Race/Ethnicity,Asian,White,40-49,2021,-0.005667,0.071561,-0.146219,0.134884,4335
NHIS,race_includehispHispanic,race_includehisp,Race/Ethnicity,Hispanic,White,40-49,2021,0.038537,0.054169,-0.067856,0.144929,4335
NHIS,race_includehispOther,race_includehisp,Race/Ethnicity,Other,White,40-49,2021,-0.100406,0.110688,-0.317805,0.116994,4335
NHIS,educ_3catHS_SomeColl,educ_3cat,Education,HS_SomeColl,LT_HS,40-49,2021,0.364586,0.078415,0.210572,0.518599,4335
NHIS,educ_3catBA_plus,educ_3cat,Education,BA_plus,LT_HS,40-49,2021,0.830005,0.079114,0.67462,0.985391,4335
NHIS,sexFemale,sex,Sex,Female,Male,40-49,2022,-0.072239,0.03432,-0.139653,-0.004826,3947
NHIS,race_includehispBlack,race_includehisp,Race/Ethnicity,Black,White,40-49,2022,-0.106998,0.05587,-0.216743,0.002746,3947
NHIS,race_includehispAIAN,race_includehisp,Race/Ethnicity,AIAN,White,40-49,2022,-0.366692,0.150439,-0.662195,-0.071188,3947
NHIS,race_includehispAsian,race_includehisp,Race/Ethnicity,Asian,White,40-49,2022,0.051911,0.06648,-0.078675,0.182496,3947
NHIS,race_includehispHispanic,race_includehisp,Race/Ethnicity,Hispanic,White,40-49,2022,-0.024219,0.053024,-0.128373,0.079935,3947
NHIS,race_includehispOther,race_includehisp,Race/Ethnicity,Other,White,40-49,2022,-0.057106,0.118613,-0.290093,0.175881,3947
NHIS,educ_3catHS_SomeColl,educ_3cat,Education,HS_SomeColl,LT_HS,40-49,2022,0.32138,0.076114,0.171871,0.470889,3947
NHIS,educ_3catBA_plus,educ_3cat,Education,BA_plus,LT_HS,40-49,2022,0.710773,0.078142,0.557281,0.864265,3947
NHIS,sexFemale,sex,Sex,Female,Male,40-49,2023,-0.083332,0.035532,-0.153119,-0.013546,4127
NHIS,race_includehispBlack,race_includehisp,Race/Ethnicity,Black,White,40-49,2023,-0.097813,0.059787,-0.215237,0.01961,4127
NHIS,race_includehispAIAN,race_includehisp,Race/Ethnicity,AIAN,White,40-49,2023,0.119705,0.179572,-0.232979,0.47239,4127
NHIS,race_includehispAsian,race_includehisp,Race/Ethnicity,Asian,White,40-49,2023,0.042118,0.05835,-0.072483,0.15672,4127
NHIS,race_includehispHispanic,race_includehisp,Race/Ethnicity,Hispanic,White,40-49,2023,0.047307,0.048512,-0.047972,0.142587,4127
NHIS,race_includehispOther,race_includehisp,Race/Ethnicity,Other,White,40-49,2023,-0.270772,0.146585,-0.55867,0.017127,4127
NHIS,educ_3catHS_SomeColl,educ_3cat,Education,HS_SomeColl,LT_HS,40-49,2023,0.318033,0.074069,0.172559,0.463507,4127
NHIS,educ_3catBA_plus,educ_3cat,Education,BA_plus,LT_HS,40-49,2023,0.736554,0.073352,0.592488,0.88062,4127
NHIS,sexFemale,sex,Sex,Female,Male,40-49,2024,-0.101518,0.033608,-0.167523,-0.035514,4523
NHIS,race_includehispBlack,race_includehisp,Race/Ethnicity,Black,White,40-49,2024,0.021661,0.06319,-0.102444,0.145766,4523
NHIS,race_includehispAIAN,race_includehisp,Race/Ethnicity,AIAN,White,40-49,2024,-0.075209,0.27257,-0.610533,0.460114,4523
NHIS,race_includehispAsian,race_includehisp,Race/Ethnicity,Asian,White,40-49,2024,0.080741,0.052092,-0.021568,0.18305,4523
NHIS,race_includehispHispanic,race_includehisp,Race/Ethnicity,Hispanic,White,40-49,2024,0.029046,0.048883,-0.06696,0.125052,4523
NHIS,race_includehispOther,race_includehisp,Race/Ethnicity,Other,White,40-49,2024,-0.308845,0.13617,-0.576281,-0.041409,4523
NHIS,educ_3catHS_SomeColl,educ_3cat,Education,HS_SomeColl,LT_HS,40-49,2024,0.160506,0.074809,0.013582,0.307429,4523
NHIS,educ_3catBA_plus,educ_3cat,Education,BA_plus,LT_HS,40-49,2024,0.626876,0.076292,0.47704,0.776711,4523
NHIS,sexFemale,sex,Sex,Female,Male,50-59,1983,-0.119077,0.032973,-0.18423900000000001,-0.053914,5271
NHIS,sexFemale,sex,Sex,Female,Male,50-59,1984,-0.093273,0.061729,-0.215308,0.028762,2330
NHIS,sexFemale,sex,Sex,Female,Male,50-59,1985,-0.074316,0.03904,-0.151592,0.002961,4070
NHIS,sexFemale,sex,Sex,Female,Male,50-59,1987,-0.158634,0.036017,-0.229691,-0.087578,5071
NHIS,sexFemale,sex,Sex,Female,Male,50-59,1988,-0.167359,0.032565,-0.231605,-0.103113,4925
NHIS,sexFemale,sex,Sex,Female,Male,50-59,1989,-0.070477,0.038122,-0.145687,0.004733,4788
NHIS,sexFemale,sex,Sex,Female,Male,50-59,1990,-0.094581,0.039493,-0.172496,-0.016666,4658
NHIS,sexFemale,sex,Sex,Female,Male,50-59,1991,-0.141925,0.037873,-0.216644,-0.067206,5100
NHIS,sexFemale,sex,Sex,Female,Male,50-59,1992,-0.098116,0.050837,-0.198412,0.002179,2769
NHIS,sexFemale,sex,Sex,Female,Male,50-59,1993,-0.112442,0.028168,-0.168014,-0.056869,5714
NHIS,sexFemale,sex,Sex,Female,Male,50-59,1997,-0.027483,0.033776,-0.093924,0.038957,4693
NHIS,educ_3catHS_SomeColl,educ_3cat,Education,HS_SomeColl,LT_HS,50-59,1997,0.652892,0.054166,0.546343,0.759442,4693
NHIS,educ_3catBA_plus,educ_3cat,Education,BA_plus,LT_HS,50-59,1997,1.188062,0.052302,1.085178,1.290945,4693
NHIS,sexFemale,sex,Sex,Female,Male,50-59,1998,-0.074468,0.036322,-0.14592,-0.003016,4491
NHIS,educ_3catHS_SomeColl,educ_3cat,Education,HS_SomeColl,LT_HS,50-59,1998,0.625891,0.055165,0.517374,0.734409,4491
NHIS,educ_3catBA_plus,educ_3cat,Education,BA_plus,LT_HS,50-59,1998,1.047155,0.060886,0.927382,1.166927,4491
NHIS,sexFemale,sex,Sex,Female,Male,50-59,1999,-0.061821,0.033539,-0.127802,0.00416,4462
NHIS,race_includehispBlack,race_includehisp,Race/Ethnicity,Black,White,50-59,1999,-0.338752,0.06089,-0.458539,-0.218964,4462
NHIS,race_includehispAIAN,race_includehisp,Race/Ethnicity,AIAN,White,50-59,1999,-0.053444,0.245331,-0.536075,0.429187,4462
NHIS,race_includehispAsian,race_includehisp,Race/Ethnicity,Asian,White,50-59,1999,0.228747,0.128934,-0.0249,0.482394,4462
NHIS,race_includehispHispanic,race_includehisp,Race/Ethnicity,Hispanic,White,50-59,1999,-0.029881,0.063221,-0.154254,0.094493,4462
NHIS,race_includehispOther,race_includehisp,Race/Ethnicity,Other,White,50-59,1999,-0.203789,0.208435,-0.613837,0.206259,4462
NHIS,educ_3catHS_SomeColl,educ_3cat,Education,HS_SomeColl,LT_HS,50-59,1999,0.599704,0.060108,0.481455,0.717954,4462
NHIS,educ_3catBA_plus,educ_3cat,Education,BA_plus,LT_HS,50-59,1999,1.010485,0.064786,0.883034,1.137937,4462
NHIS,sexFemale,sex,Sex,Female,Male,50-59,2000,-0.051571,0.035797,-0.121991,0.018849,4676
NHIS,race_includehispBlack,race_includehisp,Race/Ethnicity,Black,White,50-59,2000,-0.448255,0.050297,-0.547201,-0.34931,4676
NHIS,race_includehispAIAN,race_includehisp,Race/Ethnicity,AIAN,White,50-59,2000,-0.650672,0.188494,-1.021481,-0.279863,4676
NHIS,race_includehispAsian,race_includehisp,Race/Ethnicity,Asian,White,50-59,2000,0.129441,0.112976,-0.092807,0.35169,4676
NHIS,race_includehispHispanic,race_includehisp,Race/Ethnicity,Hispanic,White,50-59,2000,-0.018358,0.066872,-0.149911,0.113195,4676
NHIS,race_includehispOther,race_includehisp,Race/Ethnicity,Other,White,50-59,2000,-0.475705,0.216655,-0.901913,-0.049497,4676
NHIS,educ_3catHS_SomeColl,educ_3cat,Education,HS_SomeColl,LT_HS,50-59,2000,0.674566,0.054185,0.567972,0.78116,4676
NHIS,educ_3catBA_plus,educ_3cat,Education,BA_plus,LT_HS,50-59,2000,1.145782,0.056955,1.033739,1.2578260000000001,4676
NHIS,sexFemale,sex,Sex,Female,Male,50-59,2001,-0.031453,0.032389,-0.09517,0.032264,5026
NHIS,race_includehispBlack,race_includehisp,Race/Ethnicity,Black,White,50-59,2001,-0.362342,0.056795,-0.474071,-0.250612,5026
NHIS,race_includehispAIAN,race_includehisp,Race/Ethnicity,AIAN,White,50-59,2001,-0.309244,0.331366,-0.961115,0.342627,5026
NHIS,race_includehispAsian,race_includehisp,Race/Ethnicity,Asian,White,50-59,2001,-0.18775,0.112011,-0.4081,0.032601,5026
NHIS,race_includehispHispanic,race_includehisp,Race/Ethnicity,Hispanic,White,50-59,2001,-0.045715,0.071364,-0.186104,0.094675,5026
NHIS,race_includehispOther,race_includehisp,Race/Ethnicity,Other,White,50-59,2001,-0.347609,0.253179,-0.845669,0.150451,5026
NHIS,educ_3catHS_SomeColl,educ_3cat,Education,HS_SomeColl,LT_HS,50-59,2001,0.62921,0.056771,0.517528,0.740891,5026
NHIS,educ_3catBA_plus,educ_3cat,Education,BA_plus,LT_HS,50-59,2001,1.107667,0.05875,0.992094,1.223241,5026
NHIS,sexFemale,sex,Sex,Female,Male,50-59,2002,0.019816,0.039432,-0.057757,0.097388,4712
NHIS,race_includehispBlack,race_includehisp,Race/Ethnicity,Black,White,50-59,2002,-0.371012,0.060859,-0.490738,-0.251287,4712
NHIS,race_includehispAIAN,race_includehisp,Race/Ethnicity,AIAN,White,50-59,2002,-0.320453,0.27651,-0.864422,0.223515,4712
NHIS,race_includehispAsian,race_includehisp,Race/Ethnicity,Asian,White,50-59,2002,-0.062066,0.115357,-0.289003,0.164871,4712
NHIS,race_includehispHispanic,race_includehisp,Race/Ethnicity,Hispanic,White,50-59,2002,-0.051046,0.06234,-0.173685,0.071593,4712
NHIS,race_includehispOther,race_includehisp,Race/Ethnicity,Other,White,50-59,2002,-0.498436,0.182968,-0.858383,-0.13849,4712
NHIS,educ_3catHS_SomeColl,educ_3cat,Education,HS_SomeColl,LT_HS,50-59,2002,0.621223,0.063991,0.495335,0.74711,4712
NHIS,educ_3catBA_plus,educ_3cat,Education,BA_plus,LT_HS,50-59,2002,1.122334,0.068721,0.987141,1.257527,4712
NHIS,sexFemale,sex,Sex,Female,Male,50-59,2003,-0.039301,0.034901,-0.107961,0.02936,4873
NHIS,race_includehispBlack,race_includehisp,Race/Ethnicity,Black,White,50-59,2003,-0.327163,0.06086,-0.446893,-0.207433,4873
NHIS,race_includehispAIAN,race_includehisp,Race/Ethnicity,AIAN,White,50-59,2003,-1.094391,0.220002,-1.527204,-0.661578,4873
NHIS,race_includehispAsian,race_includehisp,Race/Ethnicity,Asian,White,50-59,2003,0.11474,0.125215,-0.131597,0.361077,4873
NHIS,race_includehispHispanic,race_includehisp,Race/Ethnicity,Hispanic,White,50-59,2003,-0.149634,0.066719,-0.280891,-0.018376,4873
NHIS,race_includehispOther,race_includehisp,Race/Ethnicity,Other,White,50-59,2003,-0.310081,0.211644,-0.726451,0.106288,4873
NHIS,educ_3catHS_SomeColl,educ_3cat,Education,HS_SomeColl,LT_HS,50-59,2003,0.445196,0.063506,0.320259,0.570132,4873
NHIS,educ_3catBA_plus,educ_3cat,Education,BA_plus,LT_HS,50-59,2003,0.904282,0.07056,0.765468,1.043096,4873
NHIS,sexFemale,sex,Sex,Female,Male,50-59,2004,-0.012809,0.033484,-0.07868,0.053062,5011
NHIS,race_includehispBlack,race_includehisp,Race/Ethnicity,Black,White,50-59,2004,-0.346197,0.058023,-0.460342,-0.232052,5011
NHIS,race_includehispAIAN,race_includehisp,Race/Ethnicity,AIAN,White,50-59,2004,-0.84784,0.208864,-1.258726,-0.436954,5011
NHIS,race_includehispAsian,race_includehisp,Race/Ethnicity,Asian,White,50-59,2004,-0.128931,0.104909,-0.335312,0.07745,5011
NHIS,race_includehispHispanic,race_includehisp,Race/Ethnicity,Hispanic,White,50-59,2004,0.025755,0.056478,-0.085352,0.136861,5011
NHIS,race_includehispOther,race_includehisp,Race/Ethnicity,Other,White,50-59,2004,0.035068,0.17054,-0.300427,0.370563,5011
NHIS,educ_3catHS_SomeColl,educ_3cat,Education,HS_SomeColl,LT_HS,50-59,2004,0.612784,0.054649,0.505276,0.720293,5011
NHIS,educ_3catBA_plus,educ_3cat,Education,BA_plus,LT_HS,50-59,2004,1.134294,0.061047,1.014199,1.254389,5011
NHIS,sexFemale,sex,Sex,Female,Male,50-59,2005,-0.031546,0.032273,-0.095034,0.031943,5304
NHIS,race_includehispBlack,race_includehisp,Race/Ethnicity,Black,White,50-59,2005,-0.344161,0.053351,-0.449115,-0.239207,5304
NHIS,race_includehispAIAN,race_includehisp,Race/Ethnicity,AIAN,White,50-59,2005,-0.151031,0.230629,-0.604735,0.302673,5304
NHIS,race_includehispAsian,race_includehisp,Race/Ethnicity,Asian,White,50-59,2005,-0.01671,0.118259,-0.249355,0.215934,5304
NHIS,race_includehispHispanic,race_includehisp,Race/Ethnicity,Hispanic,White,50-59,2005,-0.053718,0.061803,-0.1753,0.067864,5304
NHIS,race_includehispOther,race_includehisp,Race/Ethnicity,Other,White,50-59,2005,-0.304637,0.206949,-0.711757,0.102483,5304
NHIS,educ_3catHS_SomeColl,educ_3cat,Education,HS_SomeColl,LT_HS,50-59,2005,0.629223,0.062239,0.506784,0.751662,5304
NHIS,educ_3catBA_plus,educ_3cat,Education,BA_plus,LT_HS,50-59,2005,1.13944,0.066224,1.00916,1.26972,5304
NHIS,sexFemale,sex,Sex,Female,Male,50-59,2006,-0.042766,0.037939,-0.117442,0.031909,4027
NHIS,race_includehispBlack,race_includehisp,Race/Ethnicity,Black,White,50-59,2006,-0.301834,0.057091,-0.414207,-0.189461,4027
NHIS,race_includehispAIAN,race_includehisp,Race/Ethnicity,AIAN,White,50-59,2006,-0.574306,0.200147,-0.968259,-0.180352,4027
NHIS,race_includehispAsian,race_includehisp,Race/Ethnicity,Asian,White,50-59,2006,-0.035304,0.10965,-0.25113,0.180523,4027
NHIS,race_includehispHispanic,race_includehisp,Race/Ethnicity,Hispanic,White,50-59,2006,0.016704,0.06334,-0.107971,0.141378,4027
NHIS,race_includehispOther,race_includehisp,Race/Ethnicity,Other,White,50-59,2006,-0.360815,0.202922,-0.760231,0.038602,4027
NHIS,educ_3catHS_SomeColl,educ_3cat,Education,HS_SomeColl,LT_HS,50-59,2006,0.612757,0.065497,0.483838,0.741676,4027
NHIS,educ_3catBA_plus,educ_3cat,Education,BA_plus,LT_HS,50-59,2006,1.067638,0.06646,0.936822,1.198453,4027
NHIS,sexFemale,sex,Sex,Female,Male,50-59,2007,-0.023735,0.039696,-0.10187,0.054401,3863
NHIS,race_includehispBlack,race_includehisp,Race/Ethnicity,Black,White,50-59,2007,-0.333421,0.062544,-0.456529,-0.210313,3863
NHIS,race_includehispAIAN,race_includehisp,Race/Ethnicity,AIAN,White,50-59,2007,-0.385535,0.261108,-0.899486,0.128417,3863
NHIS,race_includehispAsian,race_includehisp,Race/Ethnicity,Asian,White,50-59,2007,-0.222389,0.101165,-0.421518,-0.02326,3863
NHIS,race_includehispHispanic,race_includehisp,Race/Ethnicity,Hispanic,White,50-59,2007,0.021042,0.06638,-0.109618,0.151702,3863
NHIS,race_includehispOther,race_includehisp,Race/Ethnicity,Other,White,50-59,2007,-0.500274,0.265428,-1.022729,0.022181,3863
NHIS,educ_3catHS_SomeColl,educ_3cat,Education,HS_SomeColl,LT_HS,50-59,2007,0.633377,0.071938,0.491778,0.774976,3863
NHIS,educ_3catBA_plus,educ_3cat,Education,BA_plus,LT_HS,50-59,2007,1.166491,0.079257,1.010486,1.322496,3863
NHIS,sexFemale,sex,Sex,Female,Male,50-59,2008,-0.011086,0.04349,-0.096689,0.074517,3745
NHIS,race_includehispBlack,race_includehisp,Race/Ethnicity,Black,White,50-59,2008,-0.238142,0.060458,-0.357144,-0.119141,3745
NHIS,race_includehispAIAN,race_includehisp,Race/Ethnicity,AIAN,White,50-59,2008,-0.340054,0.280885,-0.892926,0.212818,3745
NHIS,race_includehispAsian,race_includehisp,Race/Ethnicity,Asian,White,50-59,2008,0.057982,0.101865,-0.14252,0.258484,3745
NHIS,race_includehispHispanic,race_includehisp,Race/Ethnicity,Hispanic,White,50-59,2008,-0.080307,0.083484,-0.244632,0.084017,3745
NHIS,race_includehispOther,race_includehisp,Race/Ethnicity,Other,White,50-59,2008,-0.470881,0.235655,-0.934727,-0.007036,3745
NHIS,educ_3catHS_SomeColl,educ_3cat,Education,HS_SomeColl,LT_HS,50-59,2008,0.506909,0.074442,0.360384,0.653435,3745
NHIS,educ_3catBA_plus,educ_3cat,Education,BA_plus,LT_HS,50-59,2008,1.024783,0.078193,0.870873,1.178692,3745
NHIS,sexFemale,sex,Sex,Female,Male,50-59,2009,-0.023025,0.042213,-0.106108,0.060058,4800
NHIS,race_includehispBlack,race_includehisp,Race/Ethnicity,Black,White,50-59,2009,-0.477188,0.054665,-0.584778,-0.369598,4800
NHIS,race_includehispAIAN,race_includehisp,Race/Ethnicity,AIAN,White,50-59,2009,-0.259146,0.210047,-0.672555,0.154263,4800
NHIS,race_includehispAsian,race_includehisp,Race/Ethnicity,Asian,White,50-59,2009,-0.086419,0.088876,-0.261343,0.088505,4800
NHIS,race_includehispHispanic,race_includehisp,Race/Ethnicity,Hispanic,White,50-59,2009,-0.073149,0.062677,-0.196508,0.05021,4800
NHIS,race_includehispOther,race_includehisp,Race/Ethnicity,Other,White,50-59,2009,-0.543792,0.190869,-0.919455,-0.168128,4800
NHIS,educ_3catHS_SomeColl,educ_3cat,Education,HS_SomeColl,LT_HS,50-59,2009,0.518949,0.072351,0.376548,0.661349,4800
NHIS,educ_3catBA_plus,educ_3cat,Education,BA_plus,LT_HS,50-59,2009,0.950733,0.075945,0.80126,1.100207,4800
NHIS,sexFemale,sex,Sex,Female,Male,50-59,2010,-0.083356,0.036823,-0.15583,-0.010883,4584
NHIS,race_includehispBlack,race_includehisp,Race/Ethnicity,Black,White,50-59,2010,-0.372834,0.049432,-0.470123,-0.275545,4584
NHIS,race_includehispAIAN,race_includehisp,Race/Ethnicity,AIAN,White,50-59,2010,-0.755104,0.246029,-1.239326,-0.270883,4584
NHIS,race_includehispAsian,race_includehisp,Race/Ethnicity,Asian,White,50-59,2010,-0.021252,0.096103,-0.210397,0.167893,4584
NHIS,race_includehispHispanic,race_includehisp,Race/Ethnicity,Hispanic,White,50-59,2010,-0.020635,0.063387,-0.145389,0.10412,4584
NHIS,race_includehispOther,race_includehisp,Race/Ethnicity,Other,White,50-59,2010,-0.389233,0.142208,-0.66912,-0.109347,4584
NHIS,educ_3catHS_SomeColl,educ_3cat,Education,HS_SomeColl,LT_HS,50-59,2010,0.558464,0.060023,0.44033,0.676598,4584
NHIS,educ_3catBA_plus,educ_3cat,Education,BA_plus,LT_HS,50-59,2010,1.099446,0.064622,0.972261,1.226631,4584
NHIS,sexFemale,sex,Sex,Female,Male,50-59,2011,9.22e-4,0.036002,-0.069935,0.071778,5511
NHIS,race_includehispBlack,race_includehisp,Race/Ethnicity,Black,White,50-59,2011,-0.346201,0.048809,-0.442262,-0.250139,5511
NHIS,race_includehispAIAN,race_includehisp,Race/Ethnicity,AIAN,White,50-59,2011,-0.687705,0.172216,-1.026647,-0.348763,5511
NHIS,race_includehispAsian,race_includehisp,Race/Ethnicity,Asian,White,50-59,2011,-0.069558,0.070482,-0.208275,0.069158,5511
NHIS,race_includehispHispanic,race_includehisp,Race/Ethnicity,Hispanic,White,50-59,2011,-0.137025,0.054556,-0.244398,-0.029652,5511
NHIS,race_includehispOther,race_includehisp,Race/Ethnicity,Other,White,50-59,2011,-0.336389,0.154658,-0.640775,-0.032004,5511
NHIS,educ_3catHS_SomeColl,educ_3cat,Education,HS_SomeColl,LT_HS,50-59,2011,0.576508,0.054832,0.468592,0.684423,5511
NHIS,educ_3catBA_plus,educ_3cat,Education,BA_plus,LT_HS,50-59,2011,1.068419,0.061569,0.947243,1.189595,5511
NHIS,sexFemale,sex,Sex,Female,Male,50-59,2012,-0.035934,0.033803,-0.102463,0.030595,6062
NHIS,race_includehispBlack,race_includehisp,Race/Ethnicity,Black,White,50-59,2012,-0.419205,0.048663,-0.514981,-0.323428,6062
NHIS,race_includehispAIAN,race_includehisp,Race/Ethnicity,AIAN,White,50-59,2012,-0.665026,0.205109,-1.06871,-0.261341,6062
NHIS,race_includehispAsian,race_includehisp,Race/Ethnicity,Asian,White,50-59,2012,0.012913000000000001,0.070907,-0.126642,0.152468,6062
NHIS,race_includehispHispanic,race_includehisp,Race/Ethnicity,Hispanic,White,50-59,2012,-0.124123,0.055101,-0.232571,-0.015676,6062
NHIS,race_includehispOther,race_includehisp,Race/Ethnicity,Other,White,50-59,2012,-0.433716,0.146306,-0.721668,-0.145763,6062
NHIS,educ_3catHS_SomeColl,educ_3cat,Education,HS_SomeColl,LT_HS,50-59,2012,0.479723,0.056847,0.36784,0.591606,6062
NHIS,educ_3catBA_plus,educ_3cat,Education,BA_plus,LT_HS,50-59,2012,1.03207,0.060522,0.912954,1.151185,6062
NHIS,sexFemale,sex,Sex,Female,Male,50-59,2013,-0.031606,0.035235,-0.100955,0.037744,6013
NHIS,race_includehispBlack,race_includehisp,Race/Ethnicity,Black,White,50-59,2013,-0.257526,0.056784,-0.369288,-0.145764,6013
NHIS,race_includehispAIAN,race_includehisp,Race/Ethnicity,AIAN,White,50-59,2013,-0.42655,0.172977,-0.767005,-0.086095,6013
NHIS,race_includehispAsian,race_includehisp,Race/Ethnicity,Asian,White,50-59,2013,0.015963,0.078477,-0.138496,0.170422,6013
NHIS,race_includehispHispanic,race_includehisp,Race/Ethnicity,Hispanic,White,50-59,2013,0.042169,0.051655,-0.0595,0.143837,6013
NHIS,race_includehispOther,race_includehisp,Race/Ethnicity,Other,White,50-59,2013,-0.109253,0.139963,-0.384729,0.166223,6013
NHIS,educ_3catHS_SomeColl,educ_3cat,Education,HS_SomeColl,LT_HS,50-59,2013,0.52148,0.055755,0.411743,0.631216,6013
NHIS,educ_3catBA_plus,educ_3cat,Education,BA_plus,LT_HS,50-59,2013,1.087187,0.060867,0.967389,1.206985,6013
NHIS,sexFemale,sex,Sex,Female,Male,50-59,2014,-0.009156,0.03574,-0.079497,0.061186,6439
NHIS,race_includehispBlack,race_includehisp,Race/Ethnicity,Black,White,50-59,2014,-0.27207,0.050017,-0.370511,-0.173628,6439
NHIS,race_includehispAIAN,race_includehisp,Race/Ethnicity,AIAN,White,50-59,2014,-0.120583,0.281742,-0.675094,0.433928,6439
NHIS,race_includehispAsian,race_includehisp,Race/Ethnicity,Asian,White,50-59,2014,0.020938,0.074357,-0.125407,0.167283,6439
NHIS,race_includehispHispanic,race_includehisp,Race/Ethnicity,Hispanic,White,50-59,2014,-0.054639,0.050845,-0.15471,0.045432,6439
NHIS,race_includehispOther,race_includehisp,Race/Ethnicity,Other,White,50-59,2014,-0.302857,0.200142,-0.696767,0.091053,6439
NHIS,educ_3catHS_SomeColl,educ_3cat,Education,HS_SomeColl,LT_HS,50-59,2014,0.49299,0.057051,0.380705,0.605276,6439
NHIS,educ_3catBA_plus,educ_3cat,Education,BA_plus,LT_HS,50-59,2014,1.101419,0.060935,0.981489,1.221349,6439
NHIS,sexFemale,sex,Sex,Female,Male,50-59,2015,-0.060276,0.034806,-0.128779,0.008228,5848
NHIS,race_includehispBlack,race_includehisp,Race/Ethnicity,Black,White,50-59,2015,-0.285579,0.053772,-0.391412,-0.179747,5848
NHIS,race_includehispAIAN,race_includehisp,Race/Ethnicity,AIAN,White,50-59,2015,-0.265191,0.263996,-0.784782,0.2544,5848
NHIS,race_includehispAsian,race_includehisp,Race/Ethnicity,Asian,White,50-59,2015,-0.027274,0.083267,-0.191158,0.13661,5848
NHIS,race_includehispHispanic,race_includehisp,Race/Ethnicity,Hispanic,White,50-59,2015,0.056439,0.054783,-0.051385,0.164262,5848
NHIS,race_includehispOther,race_includehisp,Race/Ethnicity,Other,White,50-59,2015,-0.610746,0.167063,-0.939556,-0.281937,5848
NHIS,educ_3catHS_SomeColl,educ_3cat,Education,HS_SomeColl,LT_HS,50-59,2015,0.612447,0.063004,0.488444,0.736451,5848
NHIS,educ_3catBA_plus,educ_3cat,Education,BA_plus,LT_HS,50-59,2015,1.094869,0.066588,0.963812,1.225926,5848
NHIS,sexFemale,sex,Sex,Female,Male,50-59,2016,-0.017134,0.035299,-0.086462,0.052193,5716
NHIS,race_includehispBlack,race_includehisp,Race/Ethnicity,Black,White,50-59,2016,-0.166352,0.059868,-0.283932,-0.048773,5716
NHIS,race_includehispAIAN,race_includehisp,Race/Ethnicity,AIAN,White,50-59,2016,-0.393412,0.175357,-0.73781,-0.049014,5716
NHIS,race_includehispAsian,race_includehisp,Race/Ethnicity,Asian,White,50-59,2016,0.139634,0.086615,-0.030477,0.309746,5716
NHIS,race_includehispHispanic,race_includehisp,Race/Ethnicity,Hispanic,White,50-59,2016,-0.037124,0.062249,-0.159379,0.085132,5716
NHIS,race_includehispOther,race_includehisp,Race/Ethnicity,Other,White,50-59,2016,-0.05894,0.18756,-0.427305,0.309426,5716
NHIS,educ_3catHS_SomeColl,educ_3cat,Education,HS_SomeColl,LT_HS,50-59,2016,0.505994,0.060776,0.386631,0.625357,5716
NHIS,educ_3catBA_plus,educ_3cat,Education,BA_plus,LT_HS,50-59,2016,1.011474,0.066846,0.880189,1.142758,5716
NHIS,sexFemale,sex,Sex,Female,Male,50-59,2017,-0.019458,0.036156,-0.090505,0.051588,4508
NHIS,race_includehispBlack,race_includehisp,Race/Ethnicity,Black,White,50-59,2017,-0.232182,0.075978,-0.381478,-0.082887,4508
NHIS,race_includehispAIAN,race_includehisp,Race/Ethnicity,AIAN,White,50-59,2017,-0.305737,0.171864,-0.643448,0.031975,4508
NHIS,race_includehispAsian,race_includehisp,Race/Ethnicity,Asian,White,50-59,2017,0.072349,0.091649,-0.107741,0.252438,4508
NHIS,race_includehispHispanic,race_includehisp,Race/Ethnicity,Hispanic,White,50-59,2017,-0.041585,0.068547,-0.176279,0.093109,4508
NHIS,race_includehispOther,race_includehisp,Race/Ethnicity,Other,White,50-59,2017,-0.441781,0.165657,-0.767296,-0.116267,4508
NHIS,educ_3catHS_SomeColl,educ_3cat,Education,HS_SomeColl,LT_HS,50-59,2017,0.545389,0.070847,0.406176,0.684603,4508
NHIS,educ_3catBA_plus,educ_3cat,Education,BA_plus,LT_HS,50-59,2017,1.032919,0.075349,0.884859,1.180979,4508
NHIS,sexFemale,sex,Sex,Female,Male,50-59,2018,-0.011412,0.03922,-0.088479,0.065655,4191
NHIS,race_includehispBlack,race_includehisp,Race/Ethnicity,Black,White,50-59,2018,-0.290565,0.05554,-0.399699,-0.18143,4191
NHIS,race_includehispAIAN,race_includehisp,Race/Ethnicity,AIAN,White,50-59,2018,-0.6353,0.129193,-0.889162,-0.381438,4191
NHIS,race_includehispAsian,race_includehisp,Race/Ethnicity,Asian,White,50-59,2018,-0.061434,0.084766,-0.227999,0.105131,4191
NHIS,race_includehispHispanic,race_includehisp,Race/Ethnicity,Hispanic,White,50-59,2018,-8.67e-4,0.072318,-0.142971,0.141237,4191
NHIS,race_includehispOther,race_includehisp,Race/Ethnicity,Other,White,50-59,2018,-0.587297,0.131999,-0.846673,-0.32792,4191
NHIS,educ_3catHS_SomeColl,educ_3cat,Education,HS_SomeColl,LT_HS,50-59,2018,0.398129,0.074326,0.252078,0.544179,4191
NHIS,educ_3catBA_plus,educ_3cat,Education,BA_plus,LT_HS,50-59,2018,0.83002,0.076632,0.679439,0.9806,4191
NHIS,sexFemale,sex,Sex,Female,Male,50-59,2019,0.005093,0.032644,-0.059031,0.069217,5254
NHIS,race_includehispBlack,race_includehisp,Race/Ethnicity,Black,White,50-59,2019,-0.181775,0.055665,-0.291119,-0.072431,5254
NHIS,race_includehispAIAN,race_includehisp,Race/Ethnicity,AIAN,White,50-59,2019,-0.362482,0.206297,-0.76772,0.042755,5254
NHIS,race_includehispAsian,race_includehisp,Race/Ethnicity,Asian,White,50-59,2019,-0.006419,0.076195,-0.156091,0.143254,5254
NHIS,race_includehispHispanic,race_includehisp,Race/Ethnicity,Hispanic,White,50-59,2019,0.009701,0.054431,-0.097221,0.116622,5254
NHIS,race_includehispOther,race_includehisp,Race/Ethnicity,Other,White,50-59,2019,-0.531971,0.131609,-0.790496,-0.273446,5254
NHIS,educ_3catHS_SomeColl,educ_3cat,Education,HS_SomeColl,LT_HS,50-59,2019,0.558707,0.064676,0.431661,0.685752,5254
NHIS,educ_3catBA_plus,educ_3cat,Education,BA_plus,LT_HS,50-59,2019,1.088229,0.066569,0.957465,1.218994,5254
NHIS,sexFemale,sex,Sex,Female,Male,50-59,2020,-0.108651,0.035265,-0.177922,-0.03938,5208
NHIS,race_includehispBlack,race_includehisp,Race/Ethnicity,Black,White,50-59,2020,-0.205099,0.055577,-0.31427,-0.095929,5208
NHIS,race_includehispAIAN,race_includehisp,Race/Ethnicity,AIAN,White,50-59,2020,-0.431766,0.253543,-0.929798,0.066267,5208
NHIS,race_includehispAsian,race_includehisp,Race/Ethnicity,Asian,White,50-59,2020,0.004667,0.06043,-0.114036,0.12337,5208
NHIS,race_includehispHispanic,race_includehisp,Race/Ethnicity,Hispanic,White,50-59,2020,0.043712,0.065374,-0.084702,0.172126,5208
NHIS,race_includehispOther,race_includehisp,Race/Ethnicity,Other,White,50-59,2020,-0.410953,0.09724,-0.601961,-0.219945,5208
NHIS,educ_3catHS_SomeColl,educ_3cat,Education,HS_SomeColl,LT_HS,50-59,2020,0.500699,0.079644,0.344255,0.657144,5208
NHIS,educ_3catBA_plus,educ_3cat,Education,BA_plus,LT_HS,50-59,2020,0.993784,0.080332,0.835989,1.15158,5208
NHIS,sexFemale,sex,Sex,Female,Male,50-59,2021,0.004379,0.032265,-0.058993,0.067751,4754
NHIS,race_includehispBlack,race_includehisp,Race/Ethnicity,Black,White,50-59,2021,-0.185793,0.060971,-0.305546,-0.06604,4754
NHIS,race_includehispAIAN,race_includehisp,Race/Ethnicity,AIAN,White,50-59,2021,-0.421875,0.200832,-0.816328,-0.027422,4754
NHIS,race_includehispAsian,race_includehisp,Race/Ethnicity,Asian,White,50-59,2021,0.055032,0.069566,-0.081601,0.191665,4754
NHIS,race_includehispHispanic,race_includehisp,Race/Ethnicity,Hispanic,White,50-59,2021,-0.090049,0.05397,-0.19605,0.015953,4754
NHIS,race_includehispOther,race_includehisp,Race/Ethnicity,Other,White,50-59,2021,-0.442891,0.151607,-0.740661,-0.145122,4754
NHIS,educ_3catHS_SomeColl,educ_3cat,Education,HS_SomeColl,LT_HS,50-59,2021,0.525927,0.065896,0.3965,0.655353,4754
NHIS,educ_3catBA_plus,educ_3cat,Education,BA_plus,LT_HS,50-59,2021,1.063996,0.067966,0.930504,1.197488,4754
NHIS,sexFemale,sex,Sex,Female,Male,50-59,2022,-0.067183,0.032345,-0.130718,-0.003649,4224
NHIS,race_includehispBlack,race_includehisp,Race/Ethnicity,Black,White,50-59,2022,-0.154248,0.054675,-0.261646,-0.046851,4224
NHIS,race_includehispAIAN,race_includehisp,Race/Ethnicity,AIAN,White,50-59,2022,-0.166369,0.291342,-0.738648,0.405911,4224
NHIS,race_includehispAsian,race_includehisp,Race/Ethnicity,Asian,White,50-59,2022,-0.03058,0.071331,-0.170695,0.109535,4224
NHIS,race_includehispHispanic,race_includehisp,Race/Ethnicity,Hispanic,White,50-59,2022,0.086605,0.053205,-0.017905,0.191115,4224
NHIS,race_includehispOther,race_includehisp,Race/Ethnicity,Other,White,50-59,2022,-0.110428,0.166306,-0.437101,0.216245,4224
NHIS,educ_3catHS_SomeColl,educ_3cat,Education,HS_SomeColl,LT_HS,50-59,2022,0.461795,0.076445,0.311635,0.611955,4224
NHIS,educ_3catBA_plus,educ_3cat,Education,BA_plus,LT_HS,50-59,2022,1.000716,0.077103,0.849263,1.152168,4224
NHIS,sexFemale,sex,Sex,Female,Male,50-59,2023,-0.00846,0.036012,-0.079189,0.062268,4456
NHIS,race_includehispBlack,race_includehisp,Race/Ethnicity,Black,White,50-59,2023,-0.246698,0.054208,-0.353162,-0.140233,4456
NHIS,race_includehispAIAN,race_includehisp,Race/Ethnicity,AIAN,White,50-59,2023,-0.211495,0.24704,-0.696683,0.273693,4456
NHIS,race_includehispAsian,race_includehisp,Race/Ethnicity,Asian,White,50-59,2023,-0.008221,0.069491,-0.144701,0.128259,4456
NHIS,race_includehispHispanic,race_includehisp,Race/Ethnicity,Hispanic,White,50-59,2023,-0.069362,0.057435,-0.182165,0.043442,4456
NHIS,race_includehispOther,race_includehisp,Race/Ethnicity,Other,White,50-59,2023,0.090133,0.192471,-0.287881,0.468147,4456
NHIS,educ_3catHS_SomeColl,educ_3cat,Education,HS_SomeColl,LT_HS,50-59,2023,0.321254,0.070866,0.182072,0.460435,4456
NHIS,educ_3catBA_plus,educ_3cat,Education,BA_plus,LT_HS,50-59,2023,0.856471,0.069215,0.720533,0.99241,4456
NHIS,sexFemale,sex,Sex,Female,Male,50-59,2024,-0.064308,0.034734,-0.132523,0.003908,4722
NHIS,race_includehispBlack,race_includehisp,Race/Ethnicity,Black,White,50-59,2024,-0.194887,0.058523,-0.309821,-0.079952,4722
NHIS,race_includehispAIAN,race_includehisp,Race/Ethnicity,AIAN,White,50-59,2024,-0.363922,0.18819,-0.733515,0.005672,4722
NHIS,race_includehispAsian,race_includehisp,Race/Ethnicity,Asian,White,50-59,2024,-0.189875,0.082196,-0.351303,-0.028446,4722
NHIS,race_includehispHispanic,race_includehisp,Race/Ethnicity,Hispanic,White,50-59,2024,-0.021691,0.049722,-0.119342,0.07596,4722
NHIS,race_includehispOther,race_includehisp,Race/Ethnicity,Other,White,50-59,2024,-0.463398,0.129745,-0.718209,-0.208587,4722
NHIS,educ_3catHS_SomeColl,educ_3cat,Education,HS_SomeColl,LT_HS,50-59,2024,0.384082,0.072809,0.24109,0.527075,4722
NHIS,educ_3catBA_plus,educ_3cat,Education,BA_plus,LT_HS,50-59,2024,0.89608,0.075209,0.748374,1.043786,4722
NHIS,sexFemale,sex,Sex,Female,Male,60-69,1983,-0.023778,0.036316,-0.095551,0.047996,4595
NHIS,sexFemale,sex,Sex,Female,Male,60-69,1984,-0.020181,0.033805,-0.086984,0.046621,6249
NHIS,sexFemale,sex,Sex,Female,Male,60-69,1985,-0.041921,0.039552,-0.120212,0.03637,4204
NHIS,sexFemale,sex,Sex,Female,Male,60-69,1987,0.035388,0.038065,-0.039711,0.110487,5500
NHIS,sexFemale,sex,Sex,Female,Male,60-69,1988,-0.064681,0.033881,-0.131523,0.002161,5618
NHIS,sexFemale,sex,Sex,Female,Male,60-69,1989,-0.002103,0.036658,-0.074425,0.07022,5117
NHIS,sexFemale,sex,Sex,Female,Male,60-69,1990,-0.080203,0.03971,-0.158545,-0.001861,4975
NHIS,sexFemale,sex,Sex,Female,Male,60-69,1991,-0.108501,0.035606,-0.178747,-0.038255,5260
NHIS,sexFemale,sex,Sex,Female,Male,60-69,1992,-0.039544,0.052119,-0.142377,0.063288,2749
NHIS,sexFemale,sex,Sex,Female,Male,60-69,1993,-0.073493,0.028935,-0.130577,-0.016408,4941
NHIS,sexFemale,sex,Sex,Female,Male,60-69,1997,0.011515,0.040936,-0.06902,0.09205,3756
NHIS,educ_3catHS_SomeColl,educ_3cat,Education,HS_SomeColl,LT_HS,60-69,1997,0.553355,0.045555,0.463731,0.642979,3756
NHIS,educ_3catBA_plus,educ_3cat,Education,BA_plus,LT_HS,60-69,1997,1.032479,0.062012,0.910479,1.154478,3756
NHIS,sexFemale,sex,Sex,Female,Male,60-69,1998,0.038251,0.041256,-0.042914,0.119415,3477
NHIS,educ_3catHS_SomeColl,educ_3cat,Education,HS_SomeColl,LT_HS,60-69,1998,0.587407,0.04697,0.495001,0.679813,3477
NHIS,educ_3catBA_plus,educ_3cat,Education,BA_plus,LT_HS,60-69,1998,1.105095,0.05713,0.9927,1.217491,3477
NHIS,sexFemale,sex,Sex,Female,Male,60-69,1999,-0.016764,0.042017,-0.099434,0.065905,3263
NHIS,race_includehispBlack,race_includehisp,Race/Ethnicity,Black,White,60-69,1999,-0.300987,0.0686,-0.435959,-0.166015,3263
NHIS,race_includehispAIAN,race_includehisp,Race/Ethnicity,AIAN,White,60-69,1999,-0.190853,0.30815,-0.797145,0.41544,3263
NHIS,race_includehispAsian,race_includehisp,Race/Ethnicity,Asian,White,60-69,1999,-0.126088,0.180132,-0.480501,0.228326,3263
NHIS,race_includehispHispanic,race_includehisp,Race/Ethnicity,Hispanic,White,60-69,1999,-0.125891,0.071722,-0.267005,0.015223,3263
NHIS,race_includehispOther,race_includehisp,Race/Ethnicity,Other,White,60-69,1999,-0.369415,0.215198,-0.792822,0.053993,3263
NHIS,educ_3catHS_SomeColl,educ_3cat,Education,HS_SomeColl,LT_HS,60-69,1999,0.502968,0.053688,0.397336,0.6086,3263
NHIS,educ_3catBA_plus,educ_3cat,Education,BA_plus,LT_HS,60-69,1999,1.055329,0.065908,0.925654,1.185005,3263
NHIS,sexFemale,sex,Sex,Female,Male,60-69,2000,0.023777,0.042779,-0.060389,0.107943,3348
NHIS,race_includehispBlack,race_includehisp,Race/Ethnicity,Black,White,60-69,2000,-0.451005,0.066268,-0.581384,-0.320625,3348
NHIS,race_includehispAIAN,race_includehisp,Race/Ethnicity,AIAN,White,60-69,2000,-0.136156,0.463208,-1.047496,0.775184,3348
NHIS,race_includehispAsian,race_includehisp,Race/Ethnicity,Asian,White,60-69,2000,-0.26413,0.151259,-0.561725,0.033465,3348
NHIS,race_includehispHispanic,race_includehisp,Race/Ethnicity,Hispanic,White,60-69,2000,-0.201886,0.077098,-0.353572,-0.0502,3348
NHIS,race_includehispOther,race_includehisp,Race/Ethnicity,Other,White,60-69,2000,-0.806961,0.225721,-1.251057,-0.362866,3348
NHIS,educ_3catHS_SomeColl,educ_3cat,Education,HS_SomeColl,LT_HS,60-69,2000,0.540383,0.058038,0.426196,0.654569,3348
NHIS,educ_3catBA_plus,educ_3cat,Education,BA_plus,LT_HS,60-69,2000,0.990536,0.064446,0.863741,1.117331,3348
NHIS,sexFemale,sex,Sex,Female,Male,60-69,2001,0.083906,0.044475,-0.003592,0.171403,3417
NHIS,race_includehispBlack,race_includehisp,Race/Ethnicity,Black,White,60-69,2001,-0.38466,0.072661,-0.527609,-0.241711,3417
NHIS,race_includehispAIAN,race_includehisp,Race/Ethnicity,AIAN,White,60-69,2001,0.104702,0.144903,-0.180371,0.389774,3417
NHIS,race_includehispAsian,race_includehisp,Race/Ethnicity,Asian,White,60-69,2001,0.093286,0.144802,-0.191588,0.378161,3417
NHIS,race_includehispHispanic,race_includehisp,Race/Ethnicity,Hispanic,White,60-69,2001,-0.251908,0.081489,-0.412224,-0.091592,3417
NHIS,race_includehispOther,race_includehisp,Race/Ethnicity,Other,White,60-69,2001,-0.379518,0.151951,-0.678456,-0.080579,3417
NHIS,educ_3catHS_SomeColl,educ_3cat,Education,HS_SomeColl,LT_HS,60-69,2001,0.430168,0.05343,0.325052,0.535283,3417
NHIS,educ_3catBA_plus,educ_3cat,Education,BA_plus,LT_HS,60-69,2001,0.953084,0.063497,0.828164,1.078003,3417
NHIS,sexFemale,sex,Sex,Female,Male,60-69,2002,0.070985,0.041592,-0.010851,0.152822,3234
NHIS,race_includehispBlack,race_includehisp,Race/Ethnicity,Black,White,60-69,2002,-0.325301,0.063391,-0.450029,-0.200574,3234
NHIS,race_includehispAIAN,race_includehisp,Race/Ethnicity,AIAN,White,60-69,2002,0.060713,0.292253,-0.514323,0.635748,3234
NHIS,race_includehispAsian,race_includehisp,Race/Ethnicity,Asian,White,60-69,2002,-0.314785,0.16471,-0.638869,0.009299,3234
NHIS,race_includehispHispanic,race_includehisp,Race/Ethnicity,Hispanic,White,60-69,2002,-0.174767,0.091775,-0.355343,0.00581,3234
NHIS,race_includehispOther,race_includehisp,Race/Ethnicity,Other,White,60-69,2002,-0.222771,0.194365,-0.605204,0.159662,3234
NHIS,educ_3catHS_SomeColl,educ_3cat,Education,HS_SomeColl,LT_HS,60-69,2002,0.450662,0.060299,0.332018,0.569307,3234
NHIS,educ_3catBA_plus,educ_3cat,Education,BA_plus,LT_HS,60-69,2002,0.956543,0.070717,0.8174,1.095685,3234
NHIS,sexFemale,sex,Sex,Female,Male,60-69,2003,0.049341,0.044115,-0.037454,0.136136,3295
NHIS,race_includehispBlack,race_includehisp,Race/Ethnicity,Black,White,60-69,2003,-0.3726,0.070623,-0.511547,-0.233653,3295
NHIS,race_includehispAIAN,race_includehisp,Race/Ethnicity,AIAN,White,60-69,2003,0.081796,0.35431,-0.615292,0.778884,3295
NHIS,race_includehispAsian,race_includehisp,Race/Ethnicity,Asian,White,60-69,2003,-0.136334,0.178127,-0.48679,0.214122,3295
NHIS,race_includehispHispanic,race_includehisp,Race/Ethnicity,Hispanic,White,60-69,2003,-0.07866,0.079674,-0.235415,0.078096,3295
NHIS,race_includehispOther,race_includehisp,Race/Ethnicity,Other,White,60-69,2003,-0.347338,0.279418,-0.89708,0.202404,3295
NHIS,educ_3catHS_SomeColl,educ_3cat,Education,HS_SomeColl,LT_HS,60-69,2003,0.564417,0.061614,0.443194,0.68564,3295
NHIS,educ_3catBA_plus,educ_3cat,Education,BA_plus,LT_HS,60-69,2003,1.021393,0.073979,0.875842,1.166944,3295
NHIS,sexFemale,sex,Sex,Female,Male,60-69,2004,0.078149,0.042831,-0.006124,0.162423,3527
NHIS,race_includehispBlack,race_includehisp,Race/Ethnicity,Black,White,60-69,2004,-0.379419,0.061984,-0.501376,-0.257462,3527
NHIS,race_includehispAIAN,race_includehisp,Race/Ethnicity,AIAN,White,60-69,2004,-0.682576,0.248988,-1.172478,-0.192675,3527
NHIS,race_includehispAsian,race_includehisp,Race/Ethnicity,Asian,White,60-69,2004,-0.037741,0.124981,-0.28365,0.208169,3527
NHIS,race_includehispHispanic,race_includehisp,Race/Ethnicity,Hispanic,White,60-69,2004,-0.080311,0.080369,-0.238443,0.077821,3527
NHIS,race_includehispOther,race_includehisp,Race/Ethnicity,Other,White,60-69,2004,-0.36458,0.177778,-0.714371,-0.014788,3527
NHIS,educ_3catHS_SomeColl,educ_3cat,Education,HS_SomeColl,LT_HS,60-69,2004,0.488299,0.057252,0.375651,0.600946,3527
NHIS,educ_3catBA_plus,educ_3cat,Education,BA_plus,LT_HS,60-69,2004,1.002769,0.064904,0.875066,1.130471,3527
NHIS,sexFemale,sex,Sex,Female,Male,60-69,2005,0.006689,0.038179,-0.068428,0.081807,3627
NHIS,race_includehispBlack,race_includehisp,Race/Ethnicity,Black,White,60-69,2005,-0.282233,0.061417,-0.403071,-0.161395,3627
NHIS,race_includehispAIAN,race_includehisp,Race/Ethnicity,AIAN,White,60-69,2005,-0.17452,0.191223,-0.550751,0.201711,3627
NHIS,race_includehispAsian,race_includehisp,Race/Ethnicity,Asian,White,60-69,2005,0.014985,0.11117,-0.203742,0.233711,3627
NHIS,race_includehispHispanic,race_includehisp,Race/Ethnicity,Hispanic,White,60-69,2005,-0.108649,0.074451,-0.255132,0.037834,3627
NHIS,race_includehispOther,race_includehisp,Race/Ethnicity,Other,White,60-69,2005,-0.244015,0.297556,-0.829457,0.341427,3627
NHIS,educ_3catHS_SomeColl,educ_3cat,Education,HS_SomeColl,LT_HS,60-69,2005,0.540436,0.05753,0.427246,0.653626,3627
NHIS,educ_3catBA_plus,educ_3cat,Education,BA_plus,LT_HS,60-69,2005,1.007029,0.069391,0.870502,1.143555,3627
NHIS,sexFemale,sex,Sex,Female,Male,60-69,2006,0.048989,0.052181,-0.05373,0.151708,2792
NHIS,race_includehispBlack,race_includehisp,Race/Ethnicity,Black,White,60-69,2006,-0.405986,0.066933,-0.537745,-0.274227,2792
NHIS,race_includehispAIAN,race_includehisp,Race/Ethnicity,AIAN,White,60-69,2006,-0.208547,0.28364,-0.766894,0.3498,2792
NHIS,race_includehispAsian,race_includehisp,Race/Ethnicity,Asian,White,60-69,2006,-0.099693,0.108398,-0.313075,0.113689,2792
NHIS,race_includehispHispanic,race_includehisp,Race/Ethnicity,Hispanic,White,60-69,2006,-0.151094,0.084735,-0.317895,0.015707,2792
NHIS,race_includehispOther,race_includehisp,Race/Ethnicity,Other,White,60-69,2006,-0.649118,0.151444,-0.947236,-0.350999,2792
NHIS,educ_3catHS_SomeColl,educ_3cat,Education,HS_SomeColl,LT_HS,60-69,2006,0.490778,0.070772,0.351463,0.630093,2792
NHIS,educ_3catBA_plus,educ_3cat,Education,BA_plus,LT_HS,60-69,2006,1.031688,0.075108,0.883837,1.179539,2792
NHIS,sexFemale,sex,Sex,Female,Male,60-69,2007,0.004341,0.047798,-0.089754,0.098435,2950
NHIS,race_includehispBlack,race_includehisp,Race/Ethnicity,Black,White,60-69,2007,-0.385803,0.074968,-0.533385,-0.238221,2950
NHIS,race_includehispAIAN,race_includehisp,Race/Ethnicity,AIAN,White,60-69,2007,-0.361102,0.348432,-1.047023,0.324819,2950
NHIS,race_includehispAsian,race_includehisp,Race/Ethnicity,Asian,White,60-69,2007,-0.139819,0.104073,-0.344696,0.065058,2950
NHIS,race_includehispHispanic,race_includehisp,Race/Ethnicity,Hispanic,White,60-69,2007,-0.158594,0.093693,-0.343037,0.02585,2950
NHIS,race_includehispOther,race_includehisp,Race/Ethnicity,Other,White,60-69,2007,-0.398837,0.222363,-0.83658,0.038905,2950
NHIS,educ_3catHS_SomeColl,educ_3cat,Education,HS_SomeColl,LT_HS,60-69,2007,0.5229,0.076789,0.371733,0.674068,2950
NHIS,educ_3catBA_plus,educ_3cat,Education,BA_plus,LT_HS,60-69,2007,0.956367,0.081889,0.795161,1.117573,2950
NHIS,sexFemale,sex,Sex,Female,Male,60-69,2008,-0.048056,0.053561,-0.153497,0.057384,2787
NHIS,race_includehispBlack,race_includehisp,Race/Ethnicity,Black,White,60-69,2008,-0.443026,0.073672,-0.588055,-0.297996,2787
NHIS,race_includehispAIAN,race_includehisp,Race/Ethnicity,AIAN,White,60-69,2008,-0.540486,0.323882,-1.17808,0.097107,2787
NHIS,race_includehispAsian,race_includehisp,Race/Ethnicity,Asian,White,60-69,2008,-0.111345,0.114558,-0.336863,0.114174,2787
NHIS,race_includehispHispanic,race_includehisp,Race/Ethnicity,Hispanic,White,60-69,2008,-0.107711,0.095157,-0.295036,0.079614,2787
NHIS,race_includehispOther,race_includehisp,Race/Ethnicity,Other,White,60-69,2008,-0.263426,0.179802,-0.617385,0.090532,2787
NHIS,educ_3catHS_SomeColl,educ_3cat,Education,HS_SomeColl,LT_HS,60-69,2008,0.575126,0.074761,0.427951,0.722301,2787
NHIS,educ_3catBA_plus,educ_3cat,Education,BA_plus,LT_HS,60-69,2008,0.96133,0.080231,0.803387,1.119272,2787
NHIS,sexFemale,sex,Sex,Female,Male,60-69,2009,0.044099,0.043898,-0.042306,0.130504,3647
NHIS,race_includehispBlack,race_includehisp,Race/Ethnicity,Black,White,60-69,2009,-0.411018,0.063063,-0.535148,-0.286889,3647
NHIS,race_includehispAIAN,race_includehisp,Race/Ethnicity,AIAN,White,60-69,2009,-0.365802,0.378293,-1.110406,0.378801,3647
NHIS,race_includehispAsian,race_includehisp,Race/Ethnicity,Asian,White,60-69,2009,0.037652,0.108663,-0.176231,0.251536,3647
NHIS,race_includehispHispanic,race_includehisp,Race/Ethnicity,Hispanic,White,60-69,2009,-0.224317,0.085823,-0.393245,-0.055389,3647
NHIS,race_includehispOther,race_includehisp,Race/Ethnicity,Other,White,60-69,2009,-0.513809,0.19046,-0.888697,-0.138922,3647
NHIS,educ_3catHS_SomeColl,educ_3cat,Education,HS_SomeColl,LT_HS,60-69,2009,0.537408,0.070997,0.397664,0.677152,3647
NHIS,educ_3catBA_plus,educ_3cat,Education,BA_plus,LT_HS,60-69,2009,1.061746,0.079064,0.906122,1.217369,3647
NHIS,sexFemale,sex,Sex,Female,Male,60-69,2010,0.067106,0.041618,-0.014812,0.149024,3675
NHIS,race_includehispBlack,race_includehisp,Race/Ethnicity,Black,White,60-69,2010,-0.402928,0.058357,-0.517795,-0.288062,3675
NHIS,race_includehispAIAN,race_includehisp,Race/Ethnicity,AIAN,White,60-69,2010,0.039312,0.313175,-0.577117,0.655741,3675
NHIS,race_includehispAsian,race_includehisp,Race/Ethnicity,Asian,White,60-69,2010,-0.249377,0.104114,-0.454306,-0.044447,3675
NHIS,race_includehispHispanic,race_includehisp,Race/Ethnicity,Hispanic,White,60-69,2010,-0.127357,0.074392,-0.273783,0.01907,3675
NHIS,race_includehispOther,race_includehisp,Race/Ethnicity,Other,White,60-69,2010,-0.306245,0.2133,-0.726088,0.113599,3675
NHIS,educ_3catHS_SomeColl,educ_3cat,Education,HS_SomeColl,LT_HS,60-69,2010,0.50845,0.064782,0.380939,0.635961,3675
NHIS,educ_3catBA_plus,educ_3cat,Education,BA_plus,LT_HS,60-69,2010,0.970662,0.069601,0.833664,1.10766,3675
NHIS,sexFemale,sex,Sex,Female,Male,60-69,2011,0.056643,0.03461,-0.011475,0.124762,4705
NHIS,race_includehispBlack,race_includehisp,Race/Ethnicity,Black,White,60-69,2011,-0.338978,0.054309,-0.445868,-0.232087,4705
NHIS,race_includehispAIAN,race_includehisp,Race/Ethnicity,AIAN,White,60-69,2011,0.039866,0.236228,-0.425079,0.504811,4705
NHIS,race_includehispAsian,race_includehisp,Race/Ethnicity,Asian,White,60-69,2011,-0.215682,0.075205,-0.363701,-0.067664,4705
NHIS,race_includehispHispanic,race_includehisp,Race/Ethnicity,Hispanic,White,60-69,2011,-0.122656,0.066266,-0.253081,0.007769,4705
NHIS,race_includehispOther,race_includehisp,Race/Ethnicity,Other,White,60-69,2011,-0.066192,0.136211,-0.334283,0.201899,4705
NHIS,educ_3catHS_SomeColl,educ_3cat,Education,HS_SomeColl,LT_HS,60-69,2011,0.558412,0.060467,0.4394,0.677424,4705
NHIS,educ_3catBA_plus,educ_3cat,Education,BA_plus,LT_HS,60-69,2011,1.115623,0.062869,0.991884,1.239361,4705
NHIS,sexFemale,sex,Sex,Female,Male,60-69,2012,0.032571,0.036238,-0.038752,0.103894,5161
NHIS,race_includehispBlack,race_includehisp,Race/Ethnicity,Black,White,60-69,2012,-0.398251,0.053312,-0.503179,-0.293324,5161
NHIS,race_includehispAIAN,race_includehisp,Race/Ethnicity,AIAN,White,60-69,2012,-0.621523,0.199329,-1.013838,-0.229207,5161
NHIS,race_includehispAsian,race_includehisp,Race/Ethnicity,Asian,White,60-69,2012,-0.1178,0.081953,-0.279099,0.043499,5161
NHIS,race_includehispHispanic,race_includehisp,Race/Ethnicity,Hispanic,White,60-69,2012,-0.222298,0.065724,-0.351655,-0.092942,5161
NHIS,race_includehispOther,race_includehisp,Race/Ethnicity,Other,White,60-69,2012,-0.392111,0.255815,-0.895601,0.111379,5161
NHIS,educ_3catHS_SomeColl,educ_3cat,Education,HS_SomeColl,LT_HS,60-69,2012,0.539546,0.060972,0.419542,0.659551,5161
NHIS,educ_3catBA_plus,educ_3cat,Education,BA_plus,LT_HS,60-69,2012,1.033057,0.067128,0.900936,1.165177,5161
NHIS,sexFemale,sex,Sex,Female,Male,60-69,2013,0.119848,0.036042,0.048912,0.190784,5194
NHIS,race_includehispBlack,race_includehisp,Race/Ethnicity,Black,White,60-69,2013,-0.366245,0.055261,-0.475007,-0.257483,5194
NHIS,race_includehispAIAN,race_includehisp,Race/Ethnicity,AIAN,White,60-69,2013,-0.377085,0.314638,-0.996339,0.242169,5194
NHIS,race_includehispAsian,race_includehisp,Race/Ethnicity,Asian,White,60-69,2013,-0.26965,0.07905,-0.425232,-0.114068,5194
NHIS,race_includehispHispanic,race_includehisp,Race/Ethnicity,Hispanic,White,60-69,2013,-0.08739,0.062014,-0.209442,0.034662,5194
NHIS,race_includehispOther,race_includehisp,Race/Ethnicity,Other,White,60-69,2013,-0.320145,0.178993,-0.67243,0.032141,5194
NHIS,educ_3catHS_SomeColl,educ_3cat,Education,HS_SomeColl,LT_HS,60-69,2013,0.556011,0.058038,0.441784,0.670238,5194
NHIS,educ_3catBA_plus,educ_3cat,Education,BA_plus,LT_HS,60-69,2013,1.029692,0.062448,0.906785,1.1526,5194
NHIS,sexFemale,sex,Sex,Female,Male,60-69,2014,0.121919,0.03831,0.046519,0.19732,5764
NHIS,race_includehispBlack,race_includehisp,Race/Ethnicity,Black,White,60-69,2014,-0.447545,0.059964,-0.565565,-0.329524,5764
NHIS,race_includehispAIAN,race_includehisp,Race/Ethnicity,AIAN,White,60-69,2014,-0.489902,0.198091,-0.87978,-0.100025,5764
NHIS,race_includehispAsian,race_includehisp,Race/Ethnicity,Asian,White,60-69,2014,-0.107908,0.090638,-0.286298,0.070483,5764
NHIS,race_includehispHispanic,race_includehisp,Race/Ethnicity,Hispanic,White,60-69,2014,-0.20018,0.058654,-0.315622,-0.084739,5764
NHIS,race_includehispOther,race_includehisp,Race/Ethnicity,Other,White,60-69,2014,-0.154593,0.12664,-0.403843,0.094658,5764
NHIS,educ_3catHS_SomeColl,educ_3cat,Education,HS_SomeColl,LT_HS,60-69,2014,0.604757,0.054365,0.497758,0.711757,5764
NHIS,educ_3catBA_plus,educ_3cat,Education,BA_plus,LT_HS,60-69,2014,1.106373,0.057269,0.993658,1.219089,5764
NHIS,sexFemale,sex,Sex,Female,Male,60-69,2015,0.135127,0.040522,0.055374,0.21488,5458
NHIS,race_includehispBlack,race_includehisp,Race/Ethnicity,Black,White,60-69,2015,-0.310445,0.05784,-0.424282,-0.196607,5458
NHIS,race_includehispAIAN,race_includehisp,Race/Ethnicity,AIAN,White,60-69,2015,-0.610471,0.325585,-1.251271,0.03033,5458
NHIS,race_includehispAsian,race_includehisp,Race/Ethnicity,Asian,White,60-69,2015,5.9e-4,0.07186,-0.140842,0.142021,5458
NHIS,race_includehispHispanic,race_includehisp,Race/Ethnicity,Hispanic,White,60-69,2015,-0.151013,0.068199,-0.285239,-0.016787,5458
NHIS,race_includehispOther,race_includehisp,Race/Ethnicity,Other,White,60-69,2015,-0.213183,0.162653,-0.533309,0.106943,5458
NHIS,educ_3catHS_SomeColl,educ_3cat,Education,HS_SomeColl,LT_HS,60-69,2015,0.516084,0.069814,0.37868,0.653488,5458
NHIS,educ_3catBA_plus,educ_3cat,Education,BA_plus,LT_HS,60-69,2015,1.011305,0.075526,0.862659,1.159952,5458
NHIS,sexFemale,sex,Sex,Female,Male,60-69,2016,0.006096,0.034796,-0.062243,0.074435,5978
NHIS,race_includehispBlack,race_includehisp,Race/Ethnicity,Black,White,60-69,2016,-0.261653,0.060381,-0.380242,-0.143064,5978
NHIS,race_includehispAIAN,race_includehisp,Race/Ethnicity,AIAN,White,60-69,2016,-0.565836,0.151862,-0.864093,-0.26758,5978
NHIS,race_includehispAsian,race_includehisp,Race/Ethnicity,Asian,White,60-69,2016,-0.218229,0.11015,-0.434564,-0.001894,5978
NHIS,race_includehispHispanic,race_includehisp,Race/Ethnicity,Hispanic,White,60-69,2016,-0.280606,0.069502,-0.417109,-0.144103,5978
NHIS,race_includehispOther,race_includehisp,Race/Ethnicity,Other,White,60-69,2016,-0.148183,0.160567,-0.463537,0.167172,5978
NHIS,educ_3catHS_SomeColl,educ_3cat,Education,HS_SomeColl,LT_HS,60-69,2016,0.382109,0.066604,0.251299,0.512919,5978
NHIS,educ_3catBA_plus,educ_3cat,Education,BA_plus,LT_HS,60-69,2016,0.833725,0.066365,0.703385,0.964065,5978
NHIS,sexFemale,sex,Sex,Female,Male,60-69,2017,0.02957,0.038024,-0.045148,0.104288,4760
NHIS,race_includehispBlack,race_includehisp,Race/Ethnicity,Black,White,60-69,2017,-0.426652,0.055743,-0.536188,-0.317116,4760
NHIS,race_includehispAIAN,race_includehisp,Race/Ethnicity,AIAN,White,60-69,2017,-0.082343,0.216827,-0.508411,0.343724,4760
NHIS,race_includehispAsian,race_includehisp,Race/Ethnicity,Asian,White,60-69,2017,-0.279837,0.104379,-0.484944,-0.07473,4760
NHIS,race_includehispHispanic,race_includehisp,Race/Ethnicity,Hispanic,White,60-69,2017,-0.302884,0.085224,-0.470351,-0.135417,4760
NHIS,race_includehispOther,race_includehisp,Race/Ethnicity,Other,White,60-69,2017,-0.472278,0.174374,-0.814926,-0.12963,4760
NHIS,educ_3catHS_SomeColl,educ_3cat,Education,HS_SomeColl,LT_HS,60-69,2017,0.465601,0.067672,0.332625,0.598578,4760
NHIS,educ_3catBA_plus,educ_3cat,Education,BA_plus,LT_HS,60-69,2017,0.926756,0.06893,0.791307,1.062205,4760
NHIS,sexFemale,sex,Sex,Female,Male,60-69,2018,-0.003183,0.037013,-0.075913,0.069546,4711
NHIS,race_includehispBlack,race_includehisp,Race/Ethnicity,Black,White,60-69,2018,-0.330432,0.061869,-0.452003,-0.20886,4711
NHIS,race_includehispAIAN,race_includehisp,Race/Ethnicity,AIAN,White,60-69,2018,-0.378723,0.219329,-0.809701,0.052254,4711
NHIS,race_includehispAsian,race_includehisp,Race/Ethnicity,Asian,White,60-69,2018,-0.176901,0.111798,-0.396582,0.042781,4711
NHIS,race_includehispHispanic,race_includehisp,Race/Ethnicity,Hispanic,White,60-69,2018,-0.207203,0.071648,-0.34799,-0.066416,4711
NHIS,race_includehispOther,race_includehisp,Race/Ethnicity,Other,White,60-69,2018,-0.254311,0.151741,-0.55248,0.043857,4711
NHIS,educ_3catHS_SomeColl,educ_3cat,Education,HS_SomeColl,LT_HS,60-69,2018,0.457955,0.062125,0.335881,0.58003,4711
NHIS,educ_3catBA_plus,educ_3cat,Education,BA_plus,LT_HS,60-69,2018,0.908397,0.069006,0.772801,1.043992,4711
NHIS,sexFemale,sex,Sex,Female,Male,60-69,2019,0.02973,0.033328000000000003,-0.035738,0.095198,5897
NHIS,race_includehispBlack,race_includehisp,Race/Ethnicity,Black,White,60-69,2019,-0.384741,0.053875,-0.490571,-0.278912,5897
NHIS,race_includehispAIAN,race_includehisp,Race/Ethnicity,AIAN,White,60-69,2019,-0.216158,0.248464,-0.704225,0.271909,5897
NHIS,race_includehispAsian,race_includehisp,Race/Ethnicity,Asian,White,60-69,2019,-0.139578,0.078168,-0.293126,0.013971,5897
NHIS,race_includehispHispanic,race_includehisp,Race/Ethnicity,Hispanic,White,60-69,2019,-0.177439,0.069237,-0.313444,-0.041434,5897
NHIS,race_includehispOther,race_includehisp,Race/Ethnicity,Other,White,60-69,2019,-0.016055,0.131032,-0.273446,0.241336,5897
NHIS,educ_3catHS_SomeColl,educ_3cat,Education,HS_SomeColl,LT_HS,60-69,2019,0.427722,0.069635,0.290934,0.56451,5897
NHIS,educ_3catBA_plus,educ_3cat,Education,BA_plus,LT_HS,60-69,2019,0.928864,0.070453,0.79047,1.067257,5897
NHIS,sexFemale,sex,Sex,Female,Male,60-69,2020,0.057633,0.032329,-0.005869,0.121135,6087
NHIS,race_includehispBlack,race_includehisp,Race/Ethnicity,Black,White,60-69,2020,-0.359843,0.052678,-0.463316,-0.256369,6087
NHIS,race_includehispAIAN,race_includehisp,Race/Ethnicity,AIAN,White,60-69,2020,-0.181066,0.200135,-0.574182,0.212051,6087
NHIS,race_includehispAsian,race_includehisp,Race/Ethnicity,Asian,White,60-69,2020,-0.090112,0.092392,-0.271593,0.091368,6087
NHIS,race_includehispHispanic,race_includehisp,Race/Ethnicity,Hispanic,White,60-69,2020,-0.176711,0.06608,-0.306508,-0.046913,6087
NHIS,race_includehispOther,race_includehisp,Race/Ethnicity,Other,White,60-69,2020,-0.321992,0.14754,-0.611798,-0.032186,6087
NHIS,educ_3catHS_SomeColl,educ_3cat,Education,HS_SomeColl,LT_HS,60-69,2020,0.485549,0.062841,0.362114,0.608984,6087
NHIS,educ_3catBA_plus,educ_3cat,Education,BA_plus,LT_HS,60-69,2020,0.924682,0.06486,0.79728,1.052083,6087
NHIS,sexFemale,sex,Sex,Female,Male,60-69,2021,0.017817,0.031169,-0.043402,0.079036,5349
NHIS,race_includehispBlack,race_includehisp,Race/Ethnicity,Black,White,60-69,2021,-0.272444,0.05159,-0.373771,-0.171118,5349
NHIS,race_includehispAIAN,race_includehisp,Race/Ethnicity,AIAN,White,60-69,2021,-0.494667,0.155995,-0.801051,-0.188283,5349
NHIS,race_includehispAsian,race_includehisp,Race/Ethnicity,Asian,White,60-69,2021,0.092207,0.072771,-0.050721,0.235134,5349
NHIS,race_includehispHispanic,race_includehisp,Race/Ethnicity,Hispanic,White,60-69,2021,-0.168659,0.071337,-0.308771,-0.028547,5349
NHIS,race_includehispOther,race_includehisp,Race/Ethnicity,Other,White,60-69,2021,-0.212453,0.15075,-0.508538,0.083631,5349
NHIS,educ_3catHS_SomeColl,educ_3cat,Education,HS_SomeColl,LT_HS,60-69,2021,0.459012,0.061742,0.337748,0.580277,5349
NHIS,educ_3catBA_plus,educ_3cat,Education,BA_plus,LT_HS,60-69,2021,0.965864,0.065978,0.836278,1.09545,5349
NHIS,sexFemale,sex,Sex,Female,Male,60-69,2022,0.104932,0.033903,0.038337,0.171527,5303
NHIS,race_includehispBlack,race_includehisp,Race/Ethnicity,Black,White,60-69,2022,-0.336562,0.051266,-0.437262,-0.235861,5303
NHIS,race_includehispAIAN,race_includehisp,Race/Ethnicity,AIAN,White,60-69,2022,-0.276988,0.194198,-0.658449,0.104473,5303
NHIS,race_includehispAsian,race_includehisp,Race/Ethnicity,Asian,White,60-69,2022,-0.094703,0.075716,-0.24343,0.054025,5303
NHIS,race_includehispHispanic,race_includehisp,Race/Ethnicity,Hispanic,White,60-69,2022,-0.21821,0.064008,-0.343939,-0.092481,5303
NHIS,race_includehispOther,race_includehisp,Race/Ethnicity,Other,White,60-69,2022,-0.280081,0.168343,-0.610754,0.050593,5303
NHIS,educ_3catHS_SomeColl,educ_3cat,Education,HS_SomeColl,LT_HS,60-69,2022,0.503645,0.065158,0.375655,0.631635,5303
NHIS,educ_3catBA_plus,educ_3cat,Education,BA_plus,LT_HS,60-69,2022,0.935592,0.069369,0.799331,1.071852,5303
NHIS,sexFemale,sex,Sex,Female,Male,60-69,2023,0.05482,0.031878,-0.007788,0.117427,5549
NHIS,race_includehispBlack,race_includehisp,Race/Ethnicity,Black,White,60-69,2023,-0.260105,0.05664,-0.371344,-0.148866,5549
NHIS,race_includehispAIAN,race_includehisp,Race/Ethnicity,AIAN,White,60-69,2023,-0.028261,0.138605,-0.300479,0.243957,5549
NHIS,race_includehispAsian,race_includehisp,Race/Ethnicity,Asian,White,60-69,2023,-0.029521,0.081686,-0.189949,0.130908,5549
NHIS,race_includehispHispanic,race_includehisp,Race/Ethnicity,Hispanic,White,60-69,2023,-0.083318,0.05868,-0.198564,0.031927,5549
NHIS,race_includehispOther,race_includehisp,Race/Ethnicity,Other,White,60-69,2023,-0.343322,0.14022,-0.618711,-0.067932,5549
NHIS,educ_3catHS_SomeColl,educ_3cat,Education,HS_SomeColl,LT_HS,60-69,2023,0.49504,0.058998,0.379169,0.610911,5549
NHIS,educ_3catBA_plus,educ_3cat,Education,BA_plus,LT_HS,60-69,2023,0.996536,0.061538,0.875677,1.117395,5549
NHIS,sexFemale,sex,Sex,Female,Male,60-69,2024,0.05483,0.032379,-0.00876,0.11842,6184
NHIS,race_includehispBlack,race_includehisp,Race/Ethnicity,Black,White,60-69,2024,-0.385624,0.055167,-0.49397,-0.277279,6184
NHIS,race_includehispAIAN,race_includehisp,Race/Ethnicity,AIAN,White,60-69,2024,-0.039607,0.231432,-0.494129,0.414915,6184
NHIS,race_includehispAsian,race_includehisp,Race/Ethnicity,Asian,White,60-69,2024,-0.181704,0.084695,-0.348041,-0.015366,6184
NHIS,race_includehispHispanic,race_includehisp,Race/Ethnicity,Hispanic,White,60-69,2024,-0.151308,0.057486,-0.264207,-0.038409,6184
NHIS,race_includehispOther,race_includehisp,Race/Ethnicity,Other,White,60-69,2024,-0.612334,0.157016,-0.920705,-0.303962,6184
NHIS,educ_3catHS_SomeColl,educ_3cat,Education,HS_SomeColl,LT_HS,60-69,2024,0.547916,0.057826,0.43435,0.661483,6184
NHIS,educ_3catBA_plus,educ_3cat,Education,BA_plus,LT_HS,60-69,2024,1.011768,0.062921,0.888194,1.135343,6184
NHIS,sexFemale,sex,Sex,Female,Male,70-79,1983,0.065051,0.040938,-0.01588,0.145982,2750
NHIS,sexFemale,sex,Sex,Female,Male,70-79,1984,0.043491,0.031931,-0.019612,0.106594,5416
NHIS,sexFemale,sex,Sex,Female,Male,70-79,1985,-0.011399,0.051167,-0.112682,0.089884,3078
NHIS,sexFemale,sex,Sex,Female,Male,70-79,1987,0.045189,0.044034,-0.041688,0.132066,4053
NHIS,sexFemale,sex,Sex,Female,Male,70-79,1988,-0.049191,0.044048,-0.136091,0.03771,4221
NHIS,sexFemale,sex,Sex,Female,Male,70-79,1989,0.043853,0.045179,-0.045278,0.132985,3962
NHIS,sexFemale,sex,Sex,Female,Male,70-79,1990,-0.02862,0.041864,-0.111212,0.053972,3797
NHIS,sexFemale,sex,Sex,Female,Male,70-79,1991,0.066739,0.044874,-0.021792,0.155271,4130
NHIS,sexFemale,sex,Sex,Female,Male,70-79,1992,0.050383,0.06376,-0.075415,0.176182,2172
NHIS,sexFemale,sex,Sex,Female,Male,70-79,1993,-4.09e-4,0.035504,-0.070457,0.069638,3631
NHIS,sexFemale,sex,Sex,Female,Male,70-79,1997,-0.017039,0.043214,-0.102065,0.067987,3325
NHIS,educ_3catHS_SomeColl,educ_3cat,Education,HS_SomeColl,LT_HS,70-79,1997,0.425932,0.041694,0.343895,0.507969,3325
NHIS,educ_3catBA_plus,educ_3cat,Education,BA_plus,LT_HS,70-79,1997,0.615219,0.069858,0.477769,0.752668,3325
NHIS,sexFemale,sex,Sex,Female,Male,70-79,1998,-0.058664,0.04542,-0.148037,0.030709,2959
NHIS,educ_3catHS_SomeColl,educ_3cat,Education,HS_SomeColl,LT_HS,70-79,1998,0.425304,0.050814,0.325317,0.52529,2959
NHIS,educ_3catBA_plus,educ_3cat,Education,BA_plus,LT_HS,70-79,1998,0.706819,0.07455,0.560127,0.853511,2959
NHIS,sexFemale,sex,Sex,Female,Male,70-79,1999,-0.02027,0.043183,-0.105256,0.064717,2891
NHIS,race_includehispBlack,race_includehisp,Race/Ethnicity,Black,White,70-79,1999,-0.245454,0.073336,-0.389785,-0.101123,2891
NHIS,race_includehispAIAN,race_includehisp,Race/Ethnicity,AIAN,White,70-79,1999,-0.718485,0.45828,-1.62041,0.18344,2891
NHIS,race_includehispAsian,race_includehisp,Race/Ethnicity,Asian,White,70-79,1999,-0.378695,0.195782,-0.764006,0.006617,2891
NHIS,race_includehispHispanic,race_includehisp,Race/Ethnicity,Hispanic,White,70-79,1999,0.051216,0.08785,-0.121678,0.224109,2891
NHIS,race_includehispOther,race_includehisp,Race/Ethnicity,Other,White,70-79,1999,0.203334,0.304006,-0.39497,0.801638,2891
NHIS,educ_3catHS_SomeColl,educ_3cat,Education,HS_SomeColl,LT_HS,70-79,1999,0.406343,0.050934,0.306102,0.506584,2891
NHIS,educ_3catBA_plus,educ_3cat,Education,BA_plus,LT_HS,70-79,1999,0.665392,0.073335,0.521064,0.809719,2891
NHIS,sexFemale,sex,Sex,Female,Male,70-79,2000,0.032836,0.04635,-0.058381,0.124053,2922
NHIS,race_includehispBlack,race_includehisp,Race/Ethnicity,Black,White,70-79,2000,-0.279688,0.076659,-0.430551,-0.128824,2922
NHIS,race_includehispAIAN,race_includehisp,Race/Ethnicity,AIAN,White,70-79,2000,0.289867,0.562286,-0.816702,1.396436,2922
NHIS,race_includehispAsian,race_includehisp,Race/Ethnicity,Asian,White,70-79,2000,-0.105381,0.108956,-0.319805,0.109043,2922
NHIS,race_includehispHispanic,race_includehisp,Race/Ethnicity,Hispanic,White,70-79,2000,-0.15294,0.08777,-0.32567,0.01979,2922
NHIS,race_includehispOther,race_includehisp,Race/Ethnicity,Other,White,70-79,2000,-0.371528,0.192011,-0.749403,0.006347,2922
NHIS,educ_3catHS_SomeColl,educ_3cat,Education,HS_SomeColl,LT_HS,70-79,2000,0.486141,0.046641,0.394352,0.577931,2922
NHIS,educ_3catBA_plus,educ_3cat,Education,BA_plus,LT_HS,70-79,2000,0.848133,0.066798,0.716676,0.97959,2922
NHIS,sexFemale,sex,Sex,Female,Male,70-79,2001,0.118585,0.044833,0.03037,0.2068,2878
NHIS,race_includehispBlack,race_includehisp,Race/Ethnicity,Black,White,70-79,2001,-0.434973,0.089677,-0.611425,-0.25852,2878
NHIS,race_includehispAIAN,race_includehisp,Race/Ethnicity,AIAN,White,70-79,2001,-0.185663,0.329432,-0.833869,0.462543,2878
NHIS,race_includehispAsian,race_includehisp,Race/Ethnicity,Asian,White,70-79,2001,-0.213157,0.221105,-0.648214,0.2219,2878
NHIS,race_includehispHispanic,race_includehisp,Race/Ethnicity,Hispanic,White,70-79,2001,-0.074289,0.089801,-0.250986,0.102409,2878
NHIS,race_includehispOther,race_includehisp,Race/Ethnicity,Other,White,70-79,2001,-0.072074,0.203624,-0.472733,0.328586,2878
NHIS,educ_3catHS_SomeColl,educ_3cat,Education,HS_SomeColl,LT_HS,70-79,2001,0.510026,0.049967,0.411709,0.608343,2878
NHIS,educ_3catBA_plus,educ_3cat,Education,BA_plus,LT_HS,70-79,2001,0.893067,0.067562,0.760129,1.026006,2878
NHIS,sexFemale,sex,Sex,Female,Male,70-79,2002,0.050673,0.053506,-0.054628,0.155974,2685
NHIS,race_includehispBlack,race_includehisp,Race/Ethnicity,Black,White,70-79,2002,-0.372371,0.077183,-0.52427,-0.220472,2685
NHIS,race_includehispAIAN,race_includehisp,Race/Ethnicity,AIAN,White,70-79,2002,-0.350113,1.186404,-2.685002,1.984776,2685
NHIS,race_includehispAsian,race_includehisp,Race/Ethnicity,Asian,White,70-79,2002,-0.002329,0.166393,-0.329797,0.325138,2685
NHIS,race_includehispHispanic,race_includehisp,Race/Ethnicity,Hispanic,White,70-79,2002,-0.144334,0.076317,-0.294528,0.00586,2685
NHIS,race_includehispOther,race_includehisp,Race/Ethnicity,Other,White,70-79,2002,0.067213,0.311421,-0.545676,0.680103,2685
NHIS,educ_3catHS_SomeColl,educ_3cat,Education,HS_SomeColl,LT_HS,70-79,2002,0.456214,0.057254,0.343537,0.568891,2685
NHIS,educ_3catBA_plus,educ_3cat,Education,BA_plus,LT_HS,70-79,2002,0.724192,0.072907,0.580708,0.867675,2685
NHIS,sexFemale,sex,Sex,Female,Male,70-79,2003,-0.015176,0.047606,-0.108861,0.07851,2575
NHIS,race_includehispBlack,race_includehisp,Race/Ethnicity,Black,White,70-79,2003,-0.308007,0.086619,-0.478466,-0.137547,2575
NHIS,race_includehispAIAN,race_includehisp,Race/Ethnicity,AIAN,White,70-79,2003,0.056121,0.420727,-0.77184,0.884081,2575
NHIS,race_includehispAsian,race_includehisp,Race/Ethnicity,Asian,White,70-79,2003,-0.226943,0.160069,-0.541948,0.088062,2575
NHIS,race_includehispHispanic,race_includehisp,Race/Ethnicity,Hispanic,White,70-79,2003,-0.244949,0.0926,-0.427179,-0.06272,2575
NHIS,race_includehispOther,race_includehisp,Race/Ethnicity,Other,White,70-79,2003,-0.168421,0.290853,-0.740799,0.403957,2575
NHIS,educ_3catHS_SomeColl,educ_3cat,Education,HS_SomeColl,LT_HS,70-79,2003,0.427192,0.06409,0.301067,0.553317,2575
NHIS,educ_3catBA_plus,educ_3cat,Education,BA_plus,LT_HS,70-79,2003,0.71807,0.077473,0.565608,0.870533,2575
NHIS,sexFemale,sex,Sex,Female,Male,70-79,2004,0.063028,0.049138,-0.033672,0.159728,2660
NHIS,race_includehispBlack,race_includehisp,Race/Ethnicity,Black,White,70-79,2004,-0.257693,0.08048,-0.416072,-0.099314,2660
NHIS,race_includehispAIAN,race_includehisp,Race/Ethnicity,AIAN,White,70-79,2004,-0.183072,0.210295,-0.596917,0.230774,2660
NHIS,race_includehispAsian,race_includehisp,Race/Ethnicity,Asian,White,70-79,2004,-0.11876,0.199156,-0.51068499999999994,0.273164,2660
NHIS,race_includehispHispanic,race_includehisp,Race/Ethnicity,Hispanic,White,70-79,2004,-0.15769,0.105859,-0.366013,0.050632,2660
NHIS,race_includehispOther,race_includehisp,Race/Ethnicity,Other,White,70-79,2004,0.408433,0.350871,-0.282057,1.098923,2660
NHIS,educ_3catHS_SomeColl,educ_3cat,Education,HS_SomeColl,LT_HS,70-79,2004,0.405539,0.064212,0.279175,0.531904,2660
NHIS,educ_3catBA_plus,educ_3cat,Education,BA_plus,LT_HS,70-79,2004,0.682598,0.077021,0.531027,0.834169,2660
NHIS,sexFemale,sex,Sex,Female,Male,70-79,2005,0.078696,0.048048,-0.015862,0.173254,2649
NHIS,race_includehispBlack,race_includehisp,Race/Ethnicity,Black,White,70-79,2005,-0.409262,0.0829,-0.57241,-0.246113,2649
NHIS,race_includehispAIAN,race_includehisp,Race/Ethnicity,AIAN,White,70-79,2005,0.495834,0.599659,-0.684301,1.675969,2649
NHIS,race_includehispAsian,race_includehisp,Race/Ethnicity,Asian,White,70-79,2005,0.178073,0.15884,-0.134526,0.490672,2649
NHIS,race_includehispHispanic,race_includehisp,Race/Ethnicity,Hispanic,White,70-79,2005,-0.088004,0.103964,-0.292606,0.116599,2649
NHIS,race_includehispOther,race_includehisp,Race/Ethnicity,Other,White,70-79,2005,-0.318044,0.221365,-0.753693,0.117604,2649
NHIS,educ_3catHS_SomeColl,educ_3cat,Education,HS_SomeColl,LT_HS,70-79,2005,0.337557,0.058515,0.222399,0.452715,2649
NHIS,educ_3catBA_plus,educ_3cat,Education,BA_plus,LT_HS,70-79,2005,0.750934,0.074521,0.604277,0.897592,2649
NHIS,sexFemale,sex,Sex,Female,Male,70-79,2006,0.08455,0.055214,-0.024206,0.193306,1951
NHIS,race_includehispBlack,race_includehisp,Race/Ethnicity,Black,White,70-79,2006,-0.322554,0.082268,-0.484601,-0.160507,1951
NHIS,race_includehispAIAN,race_includehisp,Race/Ethnicity,AIAN,White,70-79,2006,0.050783,0.239137,-0.420253,0.521818,1951
NHIS,race_includehispAsian,race_includehisp,Race/Ethnicity,Asian,White,70-79,2006,-0.374764,0.152925,-0.675986,-0.073543,1951
NHIS,race_includehispHispanic,race_includehisp,Race/Ethnicity,Hispanic,White,70-79,2006,-0.302994,0.098726,-0.497458,-0.108529,1951
NHIS,race_includehispOther,race_includehisp,Race/Ethnicity,Other,White,70-79,2006,-0.093696,0.434897,-0.950326,0.762935,1951
NHIS,educ_3catHS_SomeColl,educ_3cat,Education,HS_SomeColl,LT_HS,70-79,2006,0.334921,0.068843,0.19932,0.470523,1951
NHIS,educ_3catBA_plus,educ_3cat,Education,BA_plus,LT_HS,70-79,2006,0.750401,0.088203,0.576664,0.924139,1951
NHIS,sexFemale,sex,Sex,Female,Male,70-79,2007,0.118283,0.059401,0.00129,0.235276,1930
NHIS,race_includehispBlack,race_includehisp,Race/Ethnicity,Black,White,70-79,2007,-0.29908,0.090365,-0.477057,-0.121102,1930
NHIS,race_includehispAIAN,race_includehisp,Race/Ethnicity,AIAN,White,70-79,2007,-0.616571,0.247347,-1.10373,-0.129412,1930
NHIS,race_includehispAsian,race_includehisp,Race/Ethnicity,Asian,White,70-79,2007,-0.064252,0.118342,-0.297331,0.168828,1930
NHIS,race_includehispHispanic,race_includehisp,Race/Ethnicity,Hispanic,White,70-79,2007,-0.15007,0.09529,-0.337747,0.037608,1930
NHIS,race_includehispOther,race_includehisp,Race/Ethnicity,Other,White,70-79,2007,-0.496564,0.208417,-0.90705,-0.086079,1930
NHIS,educ_3catHS_SomeColl,educ_3cat,Education,HS_SomeColl,LT_HS,70-79,2007,0.347025,0.075485,0.198354,0.495696,1930
NHIS,educ_3catBA_plus,educ_3cat,Education,BA_plus,LT_HS,70-79,2007,0.752957,0.094467,0.566901,0.939012,1930
NHIS,sexFemale,sex,Sex,Female,Male,70-79,2008,-0.060216,0.059519,-0.177477,0.057045,1835
NHIS,race_includehispBlack,race_includehisp,Race/Ethnicity,Black,White,70-79,2008,-0.498257,0.093157,-0.68179,-0.314724,1835
NHIS,race_includehispAIAN,race_includehisp,Race/Ethnicity,AIAN,White,70-79,2008,-0.840411,0.834532,-2.484567,0.803745,1835
NHIS,race_includehispAsian,race_includehisp,Race/Ethnicity,Asian,White,70-79,2008,-0.39115,0.111149,-0.610131,-0.17217,1835
NHIS,race_includehispHispanic,race_includehisp,Race/Ethnicity,Hispanic,White,70-79,2008,-0.193561,0.086379,-0.363741,-0.023381,1835
NHIS,race_includehispOther,race_includehisp,Race/Ethnicity,Other,White,70-79,2008,-0.32461,0.366757,-1.047177,0.397957,1835
NHIS,educ_3catHS_SomeColl,educ_3cat,Education,HS_SomeColl,LT_HS,70-79,2008,0.395708,0.071039,0.255749,0.535666,1835
NHIS,educ_3catBA_plus,educ_3cat,Education,BA_plus,LT_HS,70-79,2008,0.726351,0.090843,0.547376,0.905326,1835
NHIS,sexFemale,sex,Sex,Female,Male,70-79,2009,0.034334,0.06227,-0.088285,0.156954,2286
NHIS,race_includehispBlack,race_includehisp,Race/Ethnicity,Black,White,70-79,2009,-0.155474,0.099054,-0.350528,0.03958,2286
NHIS,race_includehispAIAN,race_includehisp,Race/Ethnicity,AIAN,White,70-79,2009,-0.32143,0.352075,-1.014724,0.371864,2286
NHIS,race_includehispAsian,race_includehisp,Race/Ethnicity,Asian,White,70-79,2009,-0.160547,0.124086,-0.404893,0.083799,2286
NHIS,race_includehispHispanic,race_includehisp,Race/Ethnicity,Hispanic,White,70-79,2009,-0.275427,0.0909,-0.454424,-0.096431,2286
NHIS,race_includehispOther,race_includehisp,Race/Ethnicity,Other,White,70-79,2009,-0.595149,0.295853,-1.177732,-0.012566,2286
NHIS,educ_3catHS_SomeColl,educ_3cat,Education,HS_SomeColl,LT_HS,70-79,2009,0.46233,0.06997,0.324548,0.600112,2286
NHIS,educ_3catBA_plus,educ_3cat,Education,BA_plus,LT_HS,70-79,2009,0.792274,0.084948,0.624998,0.95955,2286
NHIS,sexFemale,sex,Sex,Female,Male,70-79,2010,0.108663,0.048894,0.012364,0.204963,2266
NHIS,race_includehispBlack,race_includehisp,Race/Ethnicity,Black,White,70-79,2010,-0.388161,0.074798,-0.53548,-0.240843,2266
NHIS,race_includehispAIAN,race_includehisp,Race/Ethnicity,AIAN,White,70-79,2010,-0.500858,0.379742,-1.248775,0.247058,2266
NHIS,race_includehispAsian,race_includehisp,Race/Ethnicity,Asian,White,70-79,2010,-0.271084,0.094345,-0.4569,-0.085268,2266
NHIS,race_includehispHispanic,race_includehisp,Race/Ethnicity,Hispanic,White,70-79,2010,-0.209282,0.085075,-0.37684,-0.041724,2266
NHIS,race_includehispOther,race_includehisp,Race/Ethnicity,Other,White,70-79,2010,-0.406071,0.253819,-0.905976,0.093834,2266
NHIS,educ_3catHS_SomeColl,educ_3cat,Education,HS_SomeColl,LT_HS,70-79,2010,0.432951,0.062267,0.310314,0.555588,2266
NHIS,educ_3catBA_plus,educ_3cat,Education,BA_plus,LT_HS,70-79,2010,0.793629,0.083218,0.629727,0.95753,2266
NHIS,sexFemale,sex,Sex,Female,Male,70-79,2011,0.051343,0.044223,-0.035721,0.138407,2840
NHIS,race_includehispBlack,race_includehisp,Race/Ethnicity,Black,White,70-79,2011,-0.467299,0.062975,-0.59128,-0.343317,2840
NHIS,race_includehispAIAN,race_includehisp,Race/Ethnicity,AIAN,White,70-79,2011,-0.192319,0.192957,-0.572204,0.187566,2840
NHIS,race_includehispAsian,race_includehisp,Race/Ethnicity,Asian,White,70-79,2011,-0.291687,0.137326,-0.562047,-0.021326,2840
NHIS,race_includehispHispanic,race_includehisp,Race/Ethnicity,Hispanic,White,70-79,2011,-0.124252,0.076352,-0.274571,0.026067,2840
NHIS,race_includehispOther,race_includehisp,Race/Ethnicity,Other,White,70-79,2011,-0.75299,0.281622,-1.307436,-0.198545,2840
NHIS,educ_3catHS_SomeColl,educ_3cat,Education,HS_SomeColl,LT_HS,70-79,2011,0.477255,0.054525,0.369908,0.584602,2840
NHIS,educ_3catBA_plus,educ_3cat,Education,BA_plus,LT_HS,70-79,2011,0.846535,0.070625,0.707491,0.985579,2840
NHIS,sexFemale,sex,Sex,Female,Male,70-79,2012,-0.047822,0.049236,-0.144768,0.049123,2987
NHIS,race_includehispBlack,race_includehisp,Race/Ethnicity,Black,White,70-79,2012,-0.516313,0.070743,-0.655606,-0.377021,2987
NHIS,race_includehispAIAN,race_includehisp,Race/Ethnicity,AIAN,White,70-79,2012,-0.37611,0.295825,-0.958586,0.206366,2987
NHIS,race_includehispAsian,race_includehisp,Race/Ethnicity,Asian,White,70-79,2012,-0.383649,0.129758,-0.639142,-0.128156,2987
NHIS,race_includehispHispanic,race_includehisp,Race/Ethnicity,Hispanic,White,70-79,2012,-0.330329,0.07342,-0.474892,-0.185766,2987
NHIS,race_includehispOther,race_includehisp,Race/Ethnicity,Other,White,70-79,2012,-0.458461,0.200562,-0.853366,-0.063555,2987
NHIS,educ_3catHS_SomeColl,educ_3cat,Education,HS_SomeColl,LT_HS,70-79,2012,0.351497,0.061104,0.231184,0.471811,2987
NHIS,educ_3catBA_plus,educ_3cat,Education,BA_plus,LT_HS,70-79,2012,0.823064,0.070155,0.68493,0.961199,2987
NHIS,sexFemale,sex,Sex,Female,Male,70-79,2013,0.00276,0.045075,-0.085979,0.091498,3198
NHIS,race_includehispBlack,race_includehisp,Race/Ethnicity,Black,White,70-79,2013,-0.315903,0.063806,-0.441517,-0.190289,3198
NHIS,race_includehispAIAN,race_includehisp,Race/Ethnicity,AIAN,White,70-79,2013,-0.041141,0.282862,-0.598009,0.515726,3198
NHIS,race_includehispAsian,race_includehisp,Race/Ethnicity,Asian,White,70-79,2013,-0.197724,0.106153,-0.406707,0.011258,3198
NHIS,race_includehispHispanic,race_includehisp,Race/Ethnicity,Hispanic,White,70-79,2013,-0.138514,0.087081,-0.30995,0.032921,3198
NHIS,race_includehispOther,race_includehisp,Race/Ethnicity,Other,White,70-79,2013,-0.435397,0.219844,-0.868202,-0.002592,3198
NHIS,educ_3catHS_SomeColl,educ_3cat,Education,HS_SomeColl,LT_HS,70-79,2013,0.524606,0.06869,0.389376,0.659836,3198
NHIS,educ_3catBA_plus,educ_3cat,Education,BA_plus,LT_HS,70-79,2013,0.991399,0.077187,0.839441,1.143357,3198
NHIS,sexFemale,sex,Sex,Female,Male,70-79,2014,0.059719,0.043823,-0.026551,0.145989,3617
NHIS,race_includehispBlack,race_includehisp,Race/Ethnicity,Black,White,70-79,2014,-0.303719,0.065809,-0.433271,-0.174166,3617
NHIS,race_includehispAIAN,race_includehisp,Race/Ethnicity,AIAN,White,70-79,2014,-0.299656,0.249027,-0.789889,0.190578,3617
NHIS,race_includehispAsian,race_includehisp,Race/Ethnicity,Asian,White,70-79,2014,-0.217015,0.110016,-0.433593,-4.38e-4,3617
NHIS,race_includehispHispanic,race_includehisp,Race/Ethnicity,Hispanic,White,70-79,2014,-0.117429,0.078285,-0.27154,0.036681,3617
NHIS,race_includehispOther,race_includehisp,Race/Ethnicity,Other,White,70-79,2014,-0.290817,0.244118,-0.771387,0.189754,3617
NHIS,educ_3catHS_SomeColl,educ_3cat,Education,HS_SomeColl,LT_HS,70-79,2014,0.493806,0.06175,0.372245,0.615366,3617
NHIS,educ_3catBA_plus,educ_3cat,Education,BA_plus,LT_HS,70-79,2014,0.804496,0.069276,0.66812,0.940871,3617
NHIS,sexFemale,sex,Sex,Female,Male,70-79,2015,0.098163,0.050968,-0.002184,0.19851,3463
NHIS,race_includehispBlack,race_includehisp,Race/Ethnicity,Black,White,70-79,2015,-0.277891,0.065102,-0.406066,-0.149717,3463
NHIS,race_includehispAIAN,race_includehisp,Race/Ethnicity,AIAN,White,70-79,2015,-0.566736,0.434489,-1.422167,0.288695,3463
NHIS,race_includehispAsian,race_includehisp,Race/Ethnicity,Asian,White,70-79,2015,-0.301229,0.110971,-0.519711,-0.082747,3463
NHIS,race_includehispHispanic,race_includehisp,Race/Ethnicity,Hispanic,White,70-79,2015,-0.239664,0.080806,-0.398756,-0.080572,3463
NHIS,race_includehispOther,race_includehisp,Race/Ethnicity,Other,White,70-79,2015,-0.104414,0.225077,-0.54755,0.338722,3463
NHIS,educ_3catHS_SomeColl,educ_3cat,Education,HS_SomeColl,LT_HS,70-79,2015,0.492272,0.070654,0.353166,0.631377,3463
NHIS,educ_3catBA_plus,educ_3cat,Education,BA_plus,LT_HS,70-79,2015,0.951055,0.076769,0.79991,1.1022,3463
NHIS,sexFemale,sex,Sex,Female,Male,70-79,2016,0.038121,0.045855,-0.051941,0.128183,3632
NHIS,race_includehispBlack,race_includehisp,Race/Ethnicity,Black,White,70-79,2016,-0.354535,0.086086,-0.523611,-0.185459,3632
NHIS,race_includehispAIAN,race_includehisp,Race/Ethnicity,AIAN,White,70-79,2016,-0.664417,0.338425,-1.329095,2.62e-4,3632
NHIS,race_includehispAsian,race_includehisp,Race/Ethnicity,Asian,White,70-79,2016,-0.330623,0.098115,-0.523324,-0.137922,3632
NHIS,race_includehispHispanic,race_includehisp,Race/Ethnicity,Hispanic,White,70-79,2016,-0.352738,0.092054,-0.533535,-0.17194,3632
NHIS,race_includehispOther,race_includehisp,Race/Ethnicity,Other,White,70-79,2016,-0.30620000000000003,0.161479,-0.623351,0.010951,3632
NHIS,educ_3catHS_SomeColl,educ_3cat,Education,HS_SomeColl,LT_HS,70-79,2016,0.33521,0.06237,0.212713,0.457706,3632
NHIS,educ_3catBA_plus,educ_3cat,Education,BA_plus,LT_HS,70-79,2016,0.77973,0.070091,0.64207,0.917391,3632
NHIS,sexFemale,sex,Sex,Female,Male,70-79,2017,0.053207,0.043148,-0.03158,0.137993,3164
NHIS,race_includehispBlack,race_includehisp,Race/Ethnicity,Black,White,70-79,2017,-0.289212,0.074322,-0.435257,-0.143167,3164
NHIS,race_includehispAIAN,race_includehisp,Race/Ethnicity,AIAN,White,70-79,2017,0.035249,0.196996,-0.351854,0.422351,3164
NHIS,race_includehispAsian,race_includehisp,Race/Ethnicity,Asian,White,70-79,2017,-0.214409,0.128788,-0.467481,0.038663,3164
NHIS,race_includehispHispanic,race_includehisp,Race/Ethnicity,Hispanic,White,70-79,2017,-0.089664,0.110708,-0.307209,0.127881,3164
NHIS,race_includehispOther,race_includehisp,Race/Ethnicity,Other,White,70-79,2017,-0.461369,0.280786,-1.01312,0.090383,3164
NHIS,educ_3catHS_SomeColl,educ_3cat,Education,HS_SomeColl,LT_HS,70-79,2017,0.359973,0.074328,0.213916,0.50603,3164
NHIS,educ_3catBA_plus,educ_3cat,Education,BA_plus,LT_HS,70-79,2017,0.765257,0.075906,0.616099,0.914415,3164
NHIS,sexFemale,sex,Sex,Female,Male,70-79,2018,0.066218,0.043128,-0.01853,0.150967,3185
NHIS,race_includehispBlack,race_includehisp,Race/Ethnicity,Black,White,70-79,2018,-0.400252,0.06824,-0.534345,-0.266159,3185
NHIS,race_includehispAIAN,race_includehisp,Race/Ethnicity,AIAN,White,70-79,2018,-0.247324,0.220768,-0.681141,0.186492,3185
NHIS,race_includehispAsian,race_includehisp,Race/Ethnicity,Asian,White,70-79,2018,-0.268562,0.123863,-0.511957,-0.025168,3185
NHIS,race_includehispHispanic,race_includehisp,Race/Ethnicity,Hispanic,White,70-79,2018,-0.264833,0.100701,-0.462714,-0.066952,3185
NHIS,race_includehispOther,race_includehisp,Race/Ethnicity,Other,White,70-79,2018,-0.369885,0.127883,-0.621179,-0.118591,3185
NHIS,educ_3catHS_SomeColl,educ_3cat,Education,HS_SomeColl,LT_HS,70-79,2018,0.376849,0.073517,0.232386,0.521312,3185
NHIS,educ_3catBA_plus,educ_3cat,Education,BA_plus,LT_HS,70-79,2018,0.81401,0.081001,0.654841,0.97318,3185
NHIS,sexFemale,sex,Sex,Female,Male,70-79,2019,0.162634,0.038642,0.086729,0.238539,4041
NHIS,race_includehispBlack,race_includehisp,Race/Ethnicity,Black,White,70-79,2019,-0.315875,0.071394,-0.456117,-0.175633,4041
NHIS,race_includehispAIAN,race_includehisp,Race/Ethnicity,AIAN,White,70-79,2019,-0.204772,0.212953,-0.62308,0.213537,4041
NHIS,race_includehispAsian,race_includehisp,Race/Ethnicity,Asian,White,70-79,2019,-0.008125,0.112964,-0.230024,0.213773,4041
NHIS,race_includehispHispanic,race_includehisp,Race/Ethnicity,Hispanic,White,70-79,2019,-0.24879,0.084619,-0.415009,-0.082571,4041
NHIS,race_includehispOther,race_includehisp,Race/Ethnicity,Other,White,70-79,2019,-0.187565,0.232948,-0.645152,0.270021,4041
NHIS,educ_3catHS_SomeColl,educ_3cat,Education,HS_SomeColl,LT_HS,70-79,2019,0.519147,0.05919,0.40288,0.635415,4041
NHIS,educ_3catBA_plus,educ_3cat,Education,BA_plus,LT_HS,70-79,2019,0.907668,0.060525,0.788776,1.02656,4041
NHIS,sexFemale,sex,Sex,Female,Male,70-79,2020,0.132512,0.03861,0.05667,0.208354,4563
NHIS,race_includehispBlack,race_includehisp,Race/Ethnicity,Black,White,70-79,2020,-0.397854,0.061047,-0.517769,-0.277939,4563
NHIS,race_includehispAIAN,race_includehisp,Race/Ethnicity,AIAN,White,70-79,2020,-0.102681,0.124523,-0.347282,0.141921,4563
NHIS,race_includehispAsian,race_includehisp,Race/Ethnicity,Asian,White,70-79,2020,-0.039254,0.111472,-0.258221,0.179712,4563
NHIS,race_includehispHispanic,race_includehisp,Race/Ethnicity,Hispanic,White,70-79,2020,-0.301154,0.079615,-0.457542,-0.144766,4563
NHIS,race_includehispOther,race_includehisp,Race/Ethnicity,Other,White,70-79,2020,-0.283977,0.178223,-0.634063,0.066109,4563
NHIS,educ_3catHS_SomeColl,educ_3cat,Education,HS_SomeColl,LT_HS,70-79,2020,0.278843,0.071339,0.138711,0.418974,4563
NHIS,educ_3catBA_plus,educ_3cat,Education,BA_plus,LT_HS,70-79,2020,0.726764,0.072661,0.584035,0.869492,4563
NHIS,sexFemale,sex,Sex,Female,Male,70-79,2021,0.086648,0.037225,0.013534,0.159763,4082
NHIS,race_includehispBlack,race_includehisp,Race/Ethnicity,Black,White,70-79,2021,-0.290768,0.067325,-0.423,-0.158535,4082
NHIS,race_includehispAIAN,race_includehisp,Race/Ethnicity,AIAN,White,70-79,2021,-0.2004,0.178174,-0.550351,0.149552,4082
NHIS,race_includehispAsian,race_includehisp,Race/Ethnicity,Asian,White,70-79,2021,-0.079471,0.112809,-0.301039,0.142097,4082
NHIS,race_includehispHispanic,race_includehisp,Race/Ethnicity,Hispanic,White,70-79,2021,-0.18399,0.080113,-0.34134,-0.02664,4082
NHIS,race_includehispOther,race_includehisp,Race/Ethnicity,Other,White,70-79,2021,-0.107434,0.139902,-0.382217,0.167349,4082
NHIS,educ_3catHS_SomeColl,educ_3cat,Education,HS_SomeColl,LT_HS,70-79,2021,0.307302,0.070489,0.168855,0.445749,4082
NHIS,educ_3catBA_plus,educ_3cat,Education,BA_plus,LT_HS,70-79,2021,0.70299,0.071968,0.561638,0.844342,4082
NHIS,sexFemale,sex,Sex,Female,Male,70-79,2022,0.186426,0.038787,0.110236,0.262617,3977
NHIS,race_includehispBlack,race_includehisp,Race/Ethnicity,Black,White,70-79,2022,-0.286118,0.063341,-0.410539,-0.161698,3977
NHIS,race_includehispAIAN,race_includehisp,Race/Ethnicity,AIAN,White,70-79,2022,0.046047,0.213452,-0.373238,0.465332,3977
NHIS,race_includehispAsian,race_includehisp,Race/Ethnicity,Asian,White,70-79,2022,-0.123754,0.12315,-0.36566,0.118152,3977
NHIS,race_includehispHispanic,race_includehisp,Race/Ethnicity,Hispanic,White,70-79,2022,-0.277846,0.095495,-0.465428,-0.090264,3977
NHIS,race_includehispOther,race_includehisp,Race/Ethnicity,Other,White,70-79,2022,-0.200783,0.177306,-0.549068,0.147501,3977
NHIS,educ_3catHS_SomeColl,educ_3cat,Education,HS_SomeColl,LT_HS,70-79,2022,0.377173,0.075486,0.228895,0.52545,3977
NHIS,educ_3catBA_plus,educ_3cat,Education,BA_plus,LT_HS,70-79,2022,0.851598,0.078819,0.696773,1.006423,3977
NHIS,sexFemale,sex,Sex,Female,Male,70-79,2023,0.089813,0.036729,0.017676,0.161949,4457
NHIS,race_includehispBlack,race_includehisp,Race/Ethnicity,Black,White,70-79,2023,-0.267962,0.063039,-0.391772,-0.144152,4457
NHIS,race_includehispAIAN,race_includehisp,Race/Ethnicity,AIAN,White,70-79,2023,0.045249,0.526813,-0.989416,1.079913,4457
NHIS,race_includehispAsian,race_includehisp,Race/Ethnicity,Asian,White,70-79,2023,-0.203106,0.099566,-0.398655,-0.007557,4457
NHIS,race_includehispHispanic,race_includehisp,Race/Ethnicity,Hispanic,White,70-79,2023,-0.287801,0.076523,-0.438093,-0.13751,4457
NHIS,race_includehispOther,race_includehisp,Race/Ethnicity,Other,White,70-79,2023,-0.030308,0.185369,-0.394373,0.333757,4457
NHIS,educ_3catHS_SomeColl,educ_3cat,Education,HS_SomeColl,LT_HS,70-79,2023,0.427849,0.067028,0.296206,0.559492,4457
NHIS,educ_3catBA_plus,educ_3cat,Education,BA_plus,LT_HS,70-79,2023,0.789214,0.068477,0.654724,0.923703,4457
NHIS,sexFemale,sex,Sex,Female,Male,70-79,2024,0.186465,0.037005,0.113789,0.259141,5075
NHIS,race_includehispBlack,race_includehisp,Race/Ethnicity,Black,White,70-79,2024,-0.365391,0.068298,-0.499526,-0.231255,5075
NHIS,race_includehispAIAN,race_includehisp,Race/Ethnicity,AIAN,White,70-79,2024,-0.314064,0.27858,-0.861183,0.233055,5075
NHIS,race_includehispAsian,race_includehisp,Race/Ethnicity,Asian,White,70-79,2024,-0.255094,0.117518,-0.485895,-0.024293,5075
NHIS,race_includehispHispanic,race_includehisp,Race/Ethnicity,Hispanic,White,70-79,2024,-0.147082,0.080779,-0.305728,0.011564,5075
NHIS,race_includehispOther,race_includehisp,Race/Ethnicity,Other,White,70-79,2024,-0.127834,0.14125,-0.405242,0.149575,5075
NHIS,educ_3catHS_SomeColl,educ_3cat,Education,HS_SomeColl,LT_HS,70-79,2024,0.441191,0.075625,0.292666,0.589717,5075
NHIS,educ_3catBA_plus,educ_3cat,Education,BA_plus,LT_HS,70-79,2024,0.813823,0.078033,0.66057,0.967077,5075
NHIS,sexFemale,sex,Sex,Female,Male,80-89,1983,0.067017,0.085982,-0.103488,0.237523,968
NHIS,sexFemale,sex,Sex,Female,Male,80-89,1984,0.041669,0.062339,-0.081645,0.164982,1867
NHIS,sexFemale,sex,Sex,Female,Male,80-89,1985,0.042097,0.093187999999999993,-0.142409,0.226604,1150
NHIS,sexFemale,sex,Sex,Female,Male,80-89,1987,0.071712,0.079409,-0.085005,0.228428,1541
NHIS,sexFemale,sex,Sex,Female,Male,80-89,1988,-0.023821,0.07545,-0.17269,0.125049,1609
NHIS,sexFemale,sex,Sex,Female,Male,80-89,1989,-0.096914,0.077375,-0.249599,0.055771,1579
NHIS,sexFemale,sex,Sex,Female,Male,80-89,1990,-0.015555,0.070161,-0.153994,0.122885,1585
NHIS,sexFemale,sex,Sex,Female,Male,80-89,1991,0.05688,0.072396,-0.085964,0.199724,1639
NHIS,sexFemale,sex,Sex,Female,Male,80-89,1992,-0.022379,0.099663,-0.21915,0.174391,970
NHIS,sexFemale,sex,Sex,Female,Male,80-89,1993,0.114894,0.075468,-0.034051,0.263839,1336
NHIS,sexFemale,sex,Sex,Female,Male,80-89,1997,-0.01843,0.0699,-0.156146,0.119286,1619
NHIS,educ_3catHS_SomeColl,educ_3cat,Education,HS_SomeColl,LT_HS,80-89,1997,0.268266,0.067028,0.136207,0.400325,1619
NHIS,educ_3catBA_plus,educ_3cat,Education,BA_plus,LT_HS,80-89,1997,0.507295,0.107505,0.29549,0.7191,1619
NHIS,sexFemale,sex,Sex,Female,Male,80-89,1998,-0.027937,0.070289,-0.166445,0.110572,1516
NHIS,educ_3catHS_SomeColl,educ_3cat,Education,HS_SomeColl,LT_HS,80-89,1998,0.37226,0.073058,0.228295,0.516225,1516
NHIS,educ_3catBA_plus,educ_3cat,Education,BA_plus,LT_HS,80-89,1998,0.719577,0.107155,0.508421,0.930733,1516
NHIS,sexFemale,sex,Sex,Female,Male,80-89,1999,-0.039498,0.074951,-0.187239,0.108242,1450
NHIS,race_includehispBlack,race_includehisp,Race/Ethnicity,Black,White,80-89,1999,-0.217241,0.126042,-0.46569,0.031208,1450
NHIS,race_includehispAIAN,race_includehisp,Race/Ethnicity,AIAN,White,80-89,1999,-0.475712,0.806915,-2.066273,1.114849,1450
NHIS,race_includehispAsian,race_includehisp,Race/Ethnicity,Asian,White,80-89,1999,0.132858,0.436616,-0.727783,0.9935,1450
NHIS,race_includehispHispanic,race_includehisp,Race/Ethnicity,Hispanic,White,80-89,1999,-0.374196,0.141489,-0.653093,-0.095299,1450
NHIS,race_includehispOther,race_includehisp,Race/Ethnicity,Other,White,80-89,1999,0.267336,0.483303,-0.685333,1.220004,1450
NHIS,educ_3catHS_SomeColl,educ_3cat,Education,HS_SomeColl,LT_HS,80-89,1999,0.310512,0.067377,0.177701,0.443323,1450
NHIS,educ_3catBA_plus,educ_3cat,Education,BA_plus,LT_HS,80-89,1999,0.649633,0.116194,0.420595,0.87867,1450
NHIS,sexFemale,sex,Sex,Female,Male,80-89,2000,-0.039962,0.066722,-0.171464,0.09154,1544
NHIS,race_includehispBlack,race_includehisp,Race/Ethnicity,Black,White,80-89,2000,-0.35426,0.129221,-0.608942,-0.099577,1544
NHIS,race_includehispAIAN,race_includehisp,Race/Ethnicity,AIAN,White,80-89,2000,-0.933684,0.056579,-1.045195,-0.822173,1544
NHIS,race_includehispAsian,race_includehisp,Race/Ethnicity,Asian,White,80-89,2000,0.33574,0.370107,-0.393707,1.065186,1544
NHIS,race_includehispHispanic,race_includehisp,Race/Ethnicity,Hispanic,White,80-89,2000,-0.138917,0.158836,-0.451968,0.174133,1544
NHIS,race_includehispOther,race_includehisp,Race/Ethnicity,Other,White,80-89,2000,-0.200372,0.354417,-0.898893,0.49815,1544
NHIS,educ_3catHS_SomeColl,educ_3cat,Education,HS_SomeColl,LT_HS,80-89,2000,0.234625,0.066775,0.103018,0.366231,1544
NHIS,educ_3catBA_plus,educ_3cat,Education,BA_plus,LT_HS,80-89,2000,0.516739,0.120669,0.278912,0.754567,1544
NHIS,sexFemale,sex,Sex,Female,Male,80-89,2001,-0.017054,0.070759,-0.156521,0.122413,1546
NHIS,race_includehispBlack,race_includehisp,Race/Ethnicity,Black,White,80-89,2001,-0.38585,0.107247,-0.597235,-0.174466,1546
NHIS,race_includehispAIAN,race_includehisp,Race/Ethnicity,AIAN,White,80-89,2001,-0.407439,0.49934,-1.391642,0.576764,1546
NHIS,race_includehispAsian,race_includehisp,Race/Ethnicity,Asian,White,80-89,2001,0.233133,0.186485,-0.134431,0.600696,1546
NHIS,race_includehispHispanic,race_includehisp,Race/Ethnicity,Hispanic,White,80-89,2001,-0.45528,0.140685,-0.73257,-0.17799,1546
NHIS,race_includehispOther,race_includehisp,Race/Ethnicity,Other,White,80-89,2001,0.34644200000000003,0.400702,-0.443345,1.136228,1546
NHIS,educ_3catHS_SomeColl,educ_3cat,Education,HS_SomeColl,LT_HS,80-89,2001,0.271356,0.07155,0.13033,0.412381,1546
NHIS,educ_3catBA_plus,educ_3cat,Education,BA_plus,LT_HS,80-89,2001,0.473747,0.105407,0.265989,0.681505,1546
NHIS,sexFemale,sex,Sex,Female,Male,80-89,2002,0.123078,0.067082,-0.009134,0.25529,1550
NHIS,race_includehispBlack,race_includehisp,Race/Ethnicity,Black,White,80-89,2002,-0.192296,0.128004,-0.44458,0.059988,1550
NHIS,race_includehispAIAN,race_includehisp,Race/Ethnicity,AIAN,White,80-89,2002,-1.731845,0.406283,-2.532591,-0.931099,1550
NHIS,race_includehispAsian,race_includehisp,Race/Ethnicity,Asian,White,80-89,2002,-0.222265,0.252521,-0.71996,0.275431,1550
NHIS,race_includehispHispanic,race_includehisp,Race/Ethnicity,Hispanic,White,80-89,2002,-0.087244,0.205814,-0.492884,0.318396,1550
NHIS,race_includehispOther,race_includehisp,Race/Ethnicity,Other,White,80-89,2002,-0.215501,0.259588,-0.727125,0.296123,1550
NHIS,educ_3catHS_SomeColl,educ_3cat,Education,HS_SomeColl,LT_HS,80-89,2002,0.261644,0.076593,0.110686,0.412601,1550
NHIS,educ_3catBA_plus,educ_3cat,Education,BA_plus,LT_HS,80-89,2002,0.466177,0.115276,0.238978,0.693376,1550
NHIS,sexFemale,sex,Sex,Female,Male,80-89,2003,0.192664,0.072796,0.049204,0.336124,1558
NHIS,race_includehispBlack,race_includehisp,Race/Ethnicity,Black,White,80-89,2003,-0.346406,0.108274,-0.559782,-0.133029,1558
NHIS,race_includehispAIAN,race_includehisp,Race/Ethnicity,AIAN,White,80-89,2003,-1.288741,0.868781,-3.000855,0.423373,1558
NHIS,race_includehispAsian,race_includehisp,Race/Ethnicity,Asian,White,80-89,2003,-0.064721,0.285027,-0.626426,0.496983,1558
NHIS,race_includehispHispanic,race_includehisp,Race/Ethnicity,Hispanic,White,80-89,2003,-0.441729,0.123059,-0.684243,-0.199216,1558
NHIS,race_includehispOther,race_includehisp,Race/Ethnicity,Other,White,80-89,2003,-0.237803,0.483183,-1.190016,0.714409,1558
NHIS,educ_3catHS_SomeColl,educ_3cat,Education,HS_SomeColl,LT_HS,80-89,2003,0.259585,0.069775,0.122079,0.39709,1558
NHIS,educ_3catBA_plus,educ_3cat,Education,BA_plus,LT_HS,80-89,2003,0.667899,0.094838,0.481001,0.854796,1558
NHIS,sexFemale,sex,Sex,Female,Male,80-89,2004,0.086516,0.06639,-0.044263,0.217296,1685
NHIS,race_includehispBlack,race_includehisp,Race/Ethnicity,Black,White,80-89,2004,-0.246111,0.10269,-0.448395,-0.043827,1685
NHIS,race_includehispAIAN,race_includehisp,Race/Ethnicity,AIAN,White,80-89,2004,-0.880238,0.159049,-1.193541,-0.566935,1685
NHIS,race_includehispAsian,race_includehisp,Race/Ethnicity,Asian,White,80-89,2004,-0.170424,0.181298,-0.527556,0.186707,1685
NHIS,race_includehispHispanic,race_includehisp,Race/Ethnicity,Hispanic,White,80-89,2004,-0.528337,0.184152,-0.89109,-0.165584,1685
NHIS,race_includehispOther,race_includehisp,Race/Ethnicity,Other,White,80-89,2004,-0.496875,0.28263,-1.053615,0.059865,1685
NHIS,educ_3catHS_SomeColl,educ_3cat,Education,HS_SomeColl,LT_HS,80-89,2004,0.179021,0.069924,0.041281,0.31676,1685
NHIS,educ_3catBA_plus,educ_3cat,Education,BA_plus,LT_HS,80-89,2004,0.438975,0.100141,0.241712,0.636239,1685
NHIS,sexFemale,sex,Sex,Female,Male,80-89,2005,0.007165,0.059979,-0.110994,0.125325,1706
NHIS,race_includehispBlack,race_includehisp,Race/Ethnicity,Black,White,80-89,2005,-0.169268,0.089789,-0.346154,0.007619,1706
NHIS,race_includehispAIAN,race_includehisp,Race/Ethnicity,AIAN,White,80-89,2005,0.392615,0.59698,-0.783449,1.56868,1706
NHIS,race_includehispAsian,race_includehisp,Race/Ethnicity,Asian,White,80-89,2005,-0.309657,0.263804,-0.829358,0.210044,1706
NHIS,race_includehispHispanic,race_includehisp,Race/Ethnicity,Hispanic,White,80-89,2005,-0.177031,0.152404,-0.477271,0.123209,1706
NHIS,race_includehispOther,race_includehisp,Race/Ethnicity,Other,White,80-89,2005,-0.283165,0.405178,-1.081376,0.515045,1706
NHIS,educ_3catHS_SomeColl,educ_3cat,Education,HS_SomeColl,LT_HS,80-89,2005,0.346604,0.069026,0.21062,0.482587,1706
NHIS,educ_3catBA_plus,educ_3cat,Education,BA_plus,LT_HS,80-89,2005,0.545036,0.107239,0.333772,0.7563,1706
NHIS,sexFemale,sex,Sex,Female,Male,80-89,2006,0.227874,0.080924,0.068168,0.38758,1283
NHIS,race_includehispBlack,race_includehisp,Race/Ethnicity,Black,White,80-89,2006,-0.366208,0.107723,-0.578804,-0.153612,1283
NHIS,race_includehispAIAN,race_includehisp,Race/Ethnicity,AIAN,White,80-89,2006,0.077275,0.139845,-0.198714,0.353264,1283
NHIS,race_includehispAsian,race_includehisp,Race/Ethnicity,Asian,White,80-89,2006,0.001361,0.156806,-0.308101,0.310824,1283
NHIS,race_includehispHispanic,race_includehisp,Race/Ethnicity,Hispanic,White,80-89,2006,-0.135864,0.185438,-0.501832,0.230104,1283
NHIS,race_includehispOther,race_includehisp,Race/Ethnicity,Other,White,80-89,2006,0.295015,0.290244,-0.27779,0.867821,1283
NHIS,educ_3catHS_SomeColl,educ_3cat,Education,HS_SomeColl,LT_HS,80-89,2006,0.173978,0.08193,0.012287,0.335669,1283
NHIS,educ_3catBA_plus,educ_3cat,Education,BA_plus,LT_HS,80-89,2006,0.464451,0.116652,0.234234,0.694668,1283
NHIS,sexFemale,sex,Sex,Female,Male,80-89,2007,0.072915,0.078446,-0.081871,0.227702,1242
NHIS,race_includehispBlack,race_includehisp,Race/Ethnicity,Black,White,80-89,2007,-0.162317,0.115829,-0.390865,0.066231,1242
NHIS,race_includehispAIAN,race_includehisp,Race/Ethnicity,AIAN,White,80-89,2007,-0.513081,0.103705,-0.717708,-0.308454,1242
NHIS,race_includehispAsian,race_includehisp,Race/Ethnicity,Asian,White,80-89,2007,-0.341411,0.188119,-0.7126,0.029777,1242
NHIS,race_includehispHispanic,race_includehisp,Race/Ethnicity,Hispanic,White,80-89,2007,-0.188993,0.133775,-0.452952,0.074967,1242
NHIS,race_includehispOther,race_includehisp,Race/Ethnicity,Other,White,80-89,2007,-0.35221,0.195766,-0.738488,0.034068,1242
NHIS,educ_3catHS_SomeColl,educ_3cat,Education,HS_SomeColl,LT_HS,80-89,2007,0.519472,0.080749,0.360142,0.678803,1242
NHIS,educ_3catBA_plus,educ_3cat,Education,BA_plus,LT_HS,80-89,2007,0.65229,0.124099,0.407424,0.897156,1242
NHIS,sexFemale,sex,Sex,Female,Male,80-89,2008,0.132554,0.077474,-0.020308,0.285416,1264
NHIS,race_includehispBlack,race_includehisp,Race/Ethnicity,Black,White,80-89,2008,-0.236751,0.149914,-0.532543,0.059041,1264
NHIS,race_includehispAIAN,race_includehisp,Race/Ethnicity,AIAN,White,80-89,2008,0.005352,0.134535,-0.260097,0.270802,1264
NHIS,race_includehispAsian,race_includehisp,Race/Ethnicity,Asian,White,80-89,2008,-0.0422,0.243308,-0.522267,0.437868,1264
NHIS,race_includehispHispanic,race_includehisp,Race/Ethnicity,Hispanic,White,80-89,2008,-0.288874,0.130785,-0.546924,-0.030823,1264
NHIS,race_includehispOther,race_includehisp,Race/Ethnicity,Other,White,80-89,2008,0.615589,0.494433,-0.35997,1.591148,1264
NHIS,educ_3catHS_SomeColl,educ_3cat,Education,HS_SomeColl,LT_HS,80-89,2008,0.35484,0.08332,0.190443,0.519238,1264
NHIS,educ_3catBA_plus,educ_3cat,Education,BA_plus,LT_HS,80-89,2008,0.58593,0.10664,0.375521,0.796339,1264
NHIS,sexFemale,sex,Sex,Female,Male,80-89,2009,0.170475,0.070486,0.031548,0.309403,1548
NHIS,race_includehispBlack,race_includehisp,Race/Ethnicity,Black,White,80-89,2009,-0.389741,0.09505,-0.577085,-0.202397,1548
NHIS,race_includehispAIAN,race_includehisp,Race/Ethnicity,AIAN,White,80-89,2009,1.570468,0.502193,0.580643,2.560294,1548
NHIS,race_includehispAsian,race_includehisp,Race/Ethnicity,Asian,White,80-89,2009,-0.3235,0.10615,-0.532723,-0.114276,1548
NHIS,race_includehispHispanic,race_includehisp,Race/Ethnicity,Hispanic,White,80-89,2009,-0.144797,0.125848,-0.392845,0.103251,1548
NHIS,race_includehispOther,race_includehisp,Race/Ethnicity,Other,White,80-89,2009,-0.306056,0.146474,-0.594757,-0.017356,1548
NHIS,educ_3catHS_SomeColl,educ_3cat,Education,HS_SomeColl,LT_HS,80-89,2009,0.252522,0.082465,0.089982,0.415062,1548
NHIS,educ_3catBA_plus,educ_3cat,Education,BA_plus,LT_HS,80-89,2009,0.322915,0.127363,0.071882,0.573947,1548
NHIS,sexFemale,sex,Sex,Female,Male,80-89,2010,-0.021427,0.069485,-0.158401,0.115547,1525
NHIS,race_includehispBlack,race_includehisp,Race/Ethnicity,Black,White,80-89,2010,-0.41517,0.090878,-0.594316,-0.236024,1525
NHIS,race_includehispAIAN,race_includehisp,Race/Ethnicity,AIAN,White,80-89,2010,0.742221,0.049589,0.644468,0.839973,1525
NHIS,race_includehispAsian,race_includehisp,Race/Ethnicity,Asian,White,80-89,2010,-0.376778,0.206717,-0.784273,0.030717,1525
NHIS,race_includehispHispanic,race_includehisp,Race/Ethnicity,Hispanic,White,80-89,2010,-0.239249,0.123289,-0.482285,0.003787,1525
NHIS,race_includehispOther,race_includehisp,Race/Ethnicity,Other,White,80-89,2010,0.066333,0.35832,-0.640013,0.772679,1525
NHIS,educ_3catHS_SomeColl,educ_3cat,Education,HS_SomeColl,LT_HS,80-89,2010,0.355891,0.06948,0.218926,0.492856,1525
NHIS,educ_3catBA_plus,educ_3cat,Education,BA_plus,LT_HS,80-89,2010,0.510286,0.105278,0.302754,0.717817,1525
NHIS,sexFemale,sex,Sex,Female,Male,80-89,2011,0.029901,0.05767,-0.083736,0.143538,1899
NHIS,race_includehispBlack,race_includehisp,Race/Ethnicity,Black,White,80-89,2011,-0.40144,0.093805,-0.586281,-0.2166,1899
NHIS,race_includehispAIAN,race_includehisp,Race/Ethnicity,AIAN,White,80-89,2011,-0.601994,0.289086,-1.17163,-0.032359,1899
NHIS,race_includehispAsian,race_includehisp,Race/Ethnicity,Asian,White,80-89,2011,-0.591051,0.133848,-0.854794,-0.327307,1899
NHIS,race_includehispHispanic,race_includehisp,Race/Ethnicity,Hispanic,White,80-89,2011,-0.341608,0.132872,-0.603428,-0.079789,1899
NHIS,race_includehispOther,race_includehisp,Race/Ethnicity,Other,White,80-89,2011,-0.203383,0.467208,-1.124002,0.717235,1899
NHIS,educ_3catHS_SomeColl,educ_3cat,Education,HS_SomeColl,LT_HS,80-89,2011,0.240838,0.06716,0.108502,0.373174,1899
NHIS,educ_3catBA_plus,educ_3cat,Education,BA_plus,LT_HS,80-89,2011,0.450806,0.089978,0.273506,0.628105,1899
NHIS,sexFemale,sex,Sex,Female,Male,80-89,2012,0.051438,0.066821,-0.080271,0.183148,2039
NHIS,race_includehispBlack,race_includehisp,Race/Ethnicity,Black,White,80-89,2012,-0.400265,0.094908,-0.587335,-0.213196,2039
NHIS,race_includehispAIAN,race_includehisp,Race/Ethnicity,AIAN,White,80-89,2012,-0.224311,0.692714,-1.589692,1.14107,2039
NHIS,race_includehispAsian,race_includehisp,Race/Ethnicity,Asian,White,80-89,2012,-0.473292,0.116638,-0.703193,-0.243391,2039
NHIS,race_includehispHispanic,race_includehisp,Race/Ethnicity,Hispanic,White,80-89,2012,-0.320377,0.129742,-0.576107,-0.064647,2039
NHIS,race_includehispOther,race_includehisp,Race/Ethnicity,Other,White,80-89,2012,-0.033928,0.2529,-0.532409,0.464554,2039
NHIS,educ_3catHS_SomeColl,educ_3cat,Education,HS_SomeColl,LT_HS,80-89,2012,0.214054,0.071418,0.073286,0.354823,2039
NHIS,educ_3catBA_plus,educ_3cat,Education,BA_plus,LT_HS,80-89,2012,0.552385,0.08644,0.382008,0.722763,2039
NHIS,sexFemale,sex,Sex,Female,Male,80-89,2013,-0.014538,0.081367,-0.174901,0.145826,2003
NHIS,race_includehispBlack,race_includehisp,Race/Ethnicity,Black,White,80-89,2013,-0.34813499999999997,0.087618,-0.520818,-0.175452,2003
NHIS,race_includehispAIAN,race_includehisp,Race/Ethnicity,AIAN,White,80-89,2013,-0.139772,0.389059,-0.906552,0.627007,2003
NHIS,race_includehispAsian,race_includehisp,Race/Ethnicity,Asian,White,80-89,2013,-0.316198,0.12218,-0.556997,-0.075399,2003
NHIS,race_includehispHispanic,race_includehisp,Race/Ethnicity,Hispanic,White,80-89,2013,-0.258554,0.109734,-0.474823,-0.042285,2003
NHIS,race_includehispOther,race_includehisp,Race/Ethnicity,Other,White,80-89,2013,0.568489,0.305635,-0.033874,1.170852,2003
NHIS,educ_3catHS_SomeColl,educ_3cat,Education,HS_SomeColl,LT_HS,80-89,2013,0.293686,0.086259,0.123682,0.463691,2003
NHIS,educ_3catBA_plus,educ_3cat,Education,BA_plus,LT_HS,80-89,2013,0.567541,0.102428,0.365671,0.769411,2003
NHIS,sexFemale,sex,Sex,Female,Male,80-89,2014,0.005979,0.063118,-0.118424,0.130382,2172
NHIS,race_includehispBlack,race_includehisp,Race/Ethnicity,Black,White,80-89,2014,-0.054204,0.087018,-0.225713,0.117305,2172
NHIS,race_includehispAIAN,race_includehisp,Race/Ethnicity,AIAN,White,80-89,2014,-0.711113,0.449877,-1.5978,0.175575,2172
NHIS,race_includehispAsian,race_includehisp,Race/Ethnicity,Asian,White,80-89,2014,-0.126634,0.145877,-0.414151,0.160883,2172
NHIS,race_includehispHispanic,race_includehisp,Race/Ethnicity,Hispanic,White,80-89,2014,-0.165111,0.14306,-0.447076,0.116855,2172
NHIS,race_includehispOther,race_includehisp,Race/Ethnicity,Other,White,80-89,2014,-0.171167,0.235203,-0.634742,0.292407,2172
NHIS,educ_3catHS_SomeColl,educ_3cat,Education,HS_SomeColl,LT_HS,80-89,2014,0.428296,0.080368,0.269894,0.586699,2172
NHIS,educ_3catBA_plus,educ_3cat,Education,BA_plus,LT_HS,80-89,2014,0.687528,0.095344,0.499608,0.875447,2172
NHIS,sexFemale,sex,Sex,Female,Male,80-89,2015,0.106782,0.065777,-0.022878,0.236443,2179
NHIS,race_includehispBlack,race_includehisp,Race/Ethnicity,Black,White,80-89,2015,-0.303859,0.089792,-0.480857,-0.12686,2179
NHIS,race_includehispAIAN,race_includehisp,Race/Ethnicity,AIAN,White,80-89,2015,-0.25773,0.619476,-1.478851,0.963392,2179
NHIS,race_includehispAsian,race_includehisp,Race/Ethnicity,Asian,White,80-89,2015,-0.580911,0.166797,-0.909705,-0.252118,2179
NHIS,race_includehispHispanic,race_includehisp,Race/Ethnicity,Hispanic,White,80-89,2015,-0.141691,0.156488,-0.450162,0.16678,2179
NHIS,race_includehispOther,race_includehisp,Race/Ethnicity,Other,White,80-89,2015,-0.170276,0.37899,-0.917348,0.576795,2179
NHIS,educ_3catHS_SomeColl,educ_3cat,Education,HS_SomeColl,LT_HS,80-89,2015,0.203387,0.088064,0.029795,0.376979,2179
NHIS,educ_3catBA_plus,educ_3cat,Education,BA_plus,LT_HS,80-89,2015,0.422149,0.09237,0.240067,0.60423,2179
NHIS,sexFemale,sex,Sex,Female,Male,80-89,2016,0.013104,0.05878,-0.102353,0.128561,2224
NHIS,race_includehispBlack,race_includehisp,Race/Ethnicity,Black,White,80-89,2016,-0.463481,0.129374,-0.717601,-0.209361,2224
NHIS,race_includehispAIAN,race_includehisp,Race/Ethnicity,AIAN,White,80-89,2016,-0.774701,0.638181,-2.028232,0.47883,2224
NHIS,race_includehispAsian,race_includehisp,Race/Ethnicity,Asian,White,80-89,2016,-0.145116,0.15579,-0.451122,0.16089,2224
NHIS,race_includehispHispanic,race_includehisp,Race/Ethnicity,Hispanic,White,80-89,2016,-0.328045,0.122544,-0.568749,-0.08734,2224
NHIS,race_includehispOther,race_includehisp,Race/Ethnicity,Other,White,80-89,2016,-0.269918,0.469745,-1.192603,0.652768,2224
NHIS,educ_3catHS_SomeColl,educ_3cat,Education,HS_SomeColl,LT_HS,80-89,2016,0.314416,0.068946,0.17899,0.449841,2224
NHIS,educ_3catBA_plus,educ_3cat,Education,BA_plus,LT_HS,80-89,2016,0.588905,0.08327,0.425344,0.752467,2224
NHIS,sexFemale,sex,Sex,Female,Male,80-89,2017,-0.005297,0.066522,-0.136039,0.125446,1809
NHIS,race_includehispBlack,race_includehisp,Race/Ethnicity,Black,White,80-89,2017,-0.405291,0.128289,-0.657428,-0.153153,1809
NHIS,race_includehispAIAN,race_includehisp,Race/Ethnicity,AIAN,White,80-89,2017,0.177186,0.410747,-0.630095,0.984467,1809
NHIS,race_includehispAsian,race_includehisp,Race/Ethnicity,Asian,White,80-89,2017,-0.584818,0.133253,-0.846712,-0.322924,1809
NHIS,race_includehispHispanic,race_includehisp,Race/Ethnicity,Hispanic,White,80-89,2017,-0.358591,0.189032,-0.730113,0.012932,1809
NHIS,race_includehispOther,race_includehisp,Race/Ethnicity,Other,White,80-89,2017,-0.630869,0.211596,-1.046739,-0.214999,1809
NHIS,educ_3catHS_SomeColl,educ_3cat,Education,HS_SomeColl,LT_HS,80-89,2017,0.35462,0.080142,0.19711,0.512131,1809
NHIS,educ_3catBA_plus,educ_3cat,Education,BA_plus,LT_HS,80-89,2017,0.521573,0.096242,0.33242,0.710726,1809
NHIS,sexFemale,sex,Sex,Female,Male,80-89,2018,0.090108,0.068017,-0.043573,0.223789,1718
NHIS,race_includehispBlack,race_includehisp,Race/Ethnicity,Black,White,80-89,2018,-0.375615,0.106818,-0.585556,-0.165673,1718
NHIS,race_includehispAIAN,race_includehisp,Race/Ethnicity,AIAN,White,80-89,2018,-0.579012,0.208458,-0.988719,-0.169305,1718
NHIS,race_includehispAsian,race_includehisp,Race/Ethnicity,Asian,White,80-89,2018,-0.396275,0.179994,-0.75004,-0.042511,1718
NHIS,race_includehispHispanic,race_includehisp,Race/Ethnicity,Hispanic,White,80-89,2018,-0.400687,0.106368,-0.609745,-0.191629,1718
NHIS,race_includehispOther,race_includehisp,Race/Ethnicity,Other,White,80-89,2018,0.075208,0.3575,-0.62743,0.777846,1718
NHIS,educ_3catHS_SomeColl,educ_3cat,Education,HS_SomeColl,LT_HS,80-89,2018,0.423711,0.084975,0.2567,0.590722,1718
NHIS,educ_3catBA_plus,educ_3cat,Education,BA_plus,LT_HS,80-89,2018,0.702348,0.098624,0.508509,0.896186,1718
NHIS,sexFemale,sex,Sex,Female,Male,80-89,2019,0.051652000000000003,0.060702,-0.067602,0.170906,2315
NHIS,race_includehispBlack,race_includehisp,Race/Ethnicity,Black,White,80-89,2019,-0.219044,0.09553,-0.406719,-0.031368,2315
NHIS,race_includehispAIAN,race_includehisp,Race/Ethnicity,AIAN,White,80-89,2019,-0.84025,0.277718,-1.385846,-0.294653,2315
NHIS,race_includehispAsian,race_includehisp,Race/Ethnicity,Asian,White,80-89,2019,-0.064606,0.191127,-0.440088,0.310876,2315
NHIS,race_includehispHispanic,race_includehisp,Race/Ethnicity,Hispanic,White,80-89,2019,-0.333985,0.137156,-0.603437,-0.064532,2315
NHIS,race_includehispOther,race_includehisp,Race/Ethnicity,Other,White,80-89,2019,-0.363562,0.217729,-0.791305,0.064182,2315
NHIS,educ_3catHS_SomeColl,educ_3cat,Education,HS_SomeColl,LT_HS,80-89,2019,0.414294,0.0737,0.269504,0.559084,2315
NHIS,educ_3catBA_plus,educ_3cat,Education,BA_plus,LT_HS,80-89,2019,0.632997,0.082128,0.471649,0.794344,2315
NHIS,sexFemale,sex,Sex,Female,Male,80-89,2020,0.122226,0.056009,0.012193,0.23226,2425
NHIS,race_includehispBlack,race_includehisp,Race/Ethnicity,Black,White,80-89,2020,-0.374839,0.104457,-0.580053,-0.169625,2425
NHIS,race_includehispAIAN,race_includehisp,Race/Ethnicity,AIAN,White,80-89,2020,-0.246785,0.196322,-0.632474,0.138903,2425
NHIS,race_includehispAsian,race_includehisp,Race/Ethnicity,Asian,White,80-89,2020,-0.177031,0.115192,-0.403334,0.049273,2425
NHIS,race_includehispHispanic,race_includehisp,Race/Ethnicity,Hispanic,White,80-89,2020,-0.342123,0.132731,-0.602883,-0.081363,2425
NHIS,race_includehispOther,race_includehisp,Race/Ethnicity,Other,White,80-89,2020,0.158017,0.187902,-0.21113,0.527165,2425
NHIS,educ_3catHS_SomeColl,educ_3cat,Education,HS_SomeColl,LT_HS,80-89,2020,0.249997,0.086475,0.080111,0.419884,2425
NHIS,educ_3catBA_plus,educ_3cat,Education,BA_plus,LT_HS,80-89,2020,0.518783,0.095093,0.331965,0.705601,2425
NHIS,sexFemale,sex,Sex,Female,Male,80-89,2021,0.22964,0.056202,0.119237,0.340042,2153
NHIS,race_includehispBlack,race_includehisp,Race/Ethnicity,Black,White,80-89,2021,-0.261542,0.106298,-0.470352,-0.052732,2153
NHIS,race_includehispAIAN,race_includehisp,Race/Ethnicity,AIAN,White,80-89,2021,-0.182362,0.203024,-0.581181,0.216457,2153
NHIS,race_includehispAsian,race_includehisp,Race/Ethnicity,Asian,White,80-89,2021,-0.369101,0.147409,-0.658669,-0.079533,2153
NHIS,race_includehispHispanic,race_includehisp,Race/Ethnicity,Hispanic,White,80-89,2021,-0.214771,0.135049,-0.48006,0.050519,2153
NHIS,race_includehispOther,race_includehisp,Race/Ethnicity,Other,White,80-89,2021,0.028889,0.311729,-0.583469,0.641246,2153
NHIS,educ_3catHS_SomeColl,educ_3cat,Education,HS_SomeColl,LT_HS,80-89,2021,0.291123,0.083025,0.128029,0.454217,2153
NHIS,educ_3catBA_plus,educ_3cat,Education,BA_plus,LT_HS,80-89,2021,0.742511,0.090152,0.565418,0.919604,2153
NHIS,sexFemale,sex,Sex,Female,Male,80-89,2022,0.109063,0.062535,-0.013789,0.231914,2085
NHIS,race_includehispBlack,race_includehisp,Race/Ethnicity,Black,White,80-89,2022,-0.261781,0.10373,-0.465561,-0.058,2085
NHIS,race_includehispAIAN,race_includehisp,Race/Ethnicity,AIAN,White,80-89,2022,-0.020354,0.176218,-0.366539,0.32583,2085
NHIS,race_includehispAsian,race_includehisp,Race/Ethnicity,Asian,White,80-89,2022,0.034699,0.182127,-0.323094,0.392491,2085
NHIS,race_includehispHispanic,race_includehisp,Race/Ethnicity,Hispanic,White,80-89,2022,-0.084672,0.127018,-0.334203,0.164859,2085
NHIS,race_includehispOther,race_includehisp,Race/Ethnicity,Other,White,80-89,2022,-0.297538,0.335491,-0.956619,0.361543,2085
NHIS,educ_3catHS_SomeColl,educ_3cat,Education,HS_SomeColl,LT_HS,80-89,2022,0.400238,0.089345,0.224717,0.57576,2085
NHIS,educ_3catBA_plus,educ_3cat,Education,BA_plus,LT_HS,80-89,2022,0.680567,0.100303,0.483519,0.877614,2085
NHIS,sexFemale,sex,Sex,Female,Male,80-89,2023,0.059942,0.055282,-0.048643,0.168527,2301
NHIS,race_includehispBlack,race_includehisp,Race/Ethnicity,Black,White,80-89,2023,-0.15764,0.104355,-0.362615,0.047334,2301
NHIS,race_includehispAIAN,race_includehisp,Race/Ethnicity,AIAN,White,80-89,2023,-0.494792,0.523609,-1.523269,0.533686,2301
NHIS,race_includehispAsian,race_includehisp,Race/Ethnicity,Asian,White,80-89,2023,-0.283449,0.151189,-0.580416,0.013519,2301
NHIS,race_includehispHispanic,race_includehisp,Race/Ethnicity,Hispanic,White,80-89,2023,0.005312,0.097461,-0.186122,0.196745,2301
NHIS,race_includehispOther,race_includehisp,Race/Ethnicity,Other,White,80-89,2023,-0.589192,0.250552,-1.081329,-0.097055,2301
NHIS,educ_3catHS_SomeColl,educ_3cat,Education,HS_SomeColl,LT_HS,80-89,2023,0.533567,0.07679,0.382735,0.684399,2301
NHIS,educ_3catBA_plus,educ_3cat,Education,BA_plus,LT_HS,80-89,2023,0.806887,0.081873,0.646071,0.967704,2301
NHIS,sexFemale,sex,Sex,Female,Male,80-89,2024,0.205228,0.052381,0.102345,0.308112,2592
NHIS,race_includehispBlack,race_includehisp,Race/Ethnicity,Black,White,80-89,2024,-0.287594,0.089149,-0.462696,-0.112491,2592
NHIS,race_includehispAIAN,race_includehisp,Race/Ethnicity,AIAN,White,80-89,2024,-0.501839,0.220449,-0.934835,-0.068844,2592
NHIS,race_includehispAsian,race_includehisp,Race/Ethnicity,Asian,White,80-89,2024,-0.493736,0.147148,-0.782757,-0.204716,2592
NHIS,race_includehispHispanic,race_includehisp,Race/Ethnicity,Hispanic,White,80-89,2024,-0.253662,0.110151,-0.470015,-0.037309,2592
NHIS,race_includehispOther,race_includehisp,Race/Ethnicity,Other,White,80-89,2024,-0.374991,0.330785,-1.024701,0.27472,2592
NHIS,educ_3catHS_SomeColl,educ_3cat,Education,HS_SomeColl,LT_HS,80-89,2024,0.350341,0.084572,0.18423,0.516453,2592
NHIS,educ_3catBA_plus,educ_3cat,Education,BA_plus,LT_HS,80-89,2024,0.640379,0.088285,0.466974,0.813784,2592
CPS,sexFemale,sex,Sex,Female,Male,18-29,1996,-0.106905,0.014348,-0.135028,-0.078782,19685
CPS,race_includehispBlack,race_includehisp,Race/Ethnicity,Black,White,18-29,1996,-0.287338,0.024458,-0.335278,-0.239397,19685
CPS,race_includehispAIAN,race_includehisp,Race/Ethnicity,AIAN,White,18-29,1996,-0.358619,0.083447,-0.522181,-0.195056,19685
CPS,race_includehispHispanic,race_includehisp,Race/Ethnicity,Hispanic,White,18-29,1996,-0.173162,0.021933,-0.216152,-0.130171,19685
CPS,educ_3catHS_SomeColl,educ_3cat,Education,HS_SomeColl,LT_HS,18-29,1996,0.251078,0.020333,0.211223,0.290932,19685
CPS,educ_3catBA_plus,educ_3cat,Education,BA_plus,LT_HS,18-29,1996,0.482821,0.024375,0.435044,0.530597,19685
CPS,sexFemale,sex,Sex,Female,Male,18-29,1997,-0.091672,0.014375,-0.119848,-0.063496,20000
CPS,race_includehispBlack,race_includehisp,Race/Ethnicity,Black,White,18-29,1997,-0.246418,0.024614,-0.294664,-0.198173,20000
CPS,race_includehispAIAN,race_includehisp,Race/Ethnicity,AIAN,White,18-29,1997,-0.261176,0.072916,-0.404096,-0.118255,20000
CPS,race_includehispHispanic,race_includehisp,Race/Ethnicity,Hispanic,White,18-29,1997,-0.172653,0.020965,-0.213747,-0.131559,20000
CPS,educ_3catHS_SomeColl,educ_3cat,Education,HS_SomeColl,LT_HS,18-29,1997,0.204421,0.020575,0.164093,0.244749,20000
CPS,educ_3catBA_plus,educ_3cat,Education,BA_plus,LT_HS,18-29,1997,0.460958,0.024512,0.412912,0.509004,20000
CPS,sexFemale,sex,Sex,Female,Male,18-29,1998,-0.099956,0.014542,-0.12846,-0.071453,19492
CPS,race_includehispBlack,race_includehisp,Race/Ethnicity,Black,White,18-29,1998,-0.239826,0.024202,-0.287264,-0.192388,19492
CPS,race_includehispAIAN,race_includehisp,Race/Ethnicity,AIAN,White,18-29,1998,-0.210105,0.082841,-0.372481,-0.047729,19492
CPS,race_includehispHispanic,race_includehisp,Race/Ethnicity,Hispanic,White,18-29,1998,-0.174773,0.021495,-0.216906,-0.132641,19492
CPS,educ_3catHS_SomeColl,educ_3cat,Education,HS_SomeColl,LT_HS,18-29,1998,0.254453,0.021551,0.212211,0.296696,19492
CPS,educ_3catBA_plus,educ_3cat,Education,BA_plus,LT_HS,18-29,1998,0.542215,0.02526,0.492703,0.591727,19492
CPS,sexFemale,sex,Sex,Female,Male,18-29,1999,-0.094576,0.014427,-0.122855,-0.066297,19399
CPS,race_includehispBlack,race_includehisp,Race/Ethnicity,Black,White,18-29,1999,-0.242505,0.024498,-0.290524,-0.194487,19399
CPS,race_includehispAIAN,race_includehisp,Race/Ethnicity,AIAN,White,18-29,1999,-0.269509,0.08894,-0.443838,-0.095179,19399
CPS,race_includehispHispanic,race_includehisp,Race/Ethnicity,Hispanic,White,18-29,1999,-0.187767,0.020693,-0.228327,-0.147207,19399
CPS,educ_3catHS_SomeColl,educ_3cat,Education,HS_SomeColl,LT_HS,18-29,1999,0.218754,0.020193,0.179173,0.258334,19399
CPS,educ_3catBA_plus,educ_3cat,Education,BA_plus,LT_HS,18-29,1999,0.473481,0.024574,0.425314,0.521648,19399
CPS,sexFemale,sex,Sex,Female,Male,18-29,2000,-0.120874,0.014489,-0.149273,-0.092475,19926
CPS,race_includehispBlack,race_includehisp,Race/Ethnicity,Black,White,18-29,2000,-0.238072,0.023682,-0.28449,-0.191655,19926
CPS,race_includehispAIAN,race_includehisp,Race/Ethnicity,AIAN,White,18-29,2000,-0.203631,0.082365,-0.365074,-0.042189,19926
CPS,race_includehispHispanic,race_includehisp,Race/Ethnicity,Hispanic,White,18-29,2000,-0.158987,0.019346,-0.196908,-0.12106599999999999,19926
CPS,educ_3catHS_SomeColl,educ_3cat,Education,HS_SomeColl,LT_HS,18-29,2000,0.176711,0.020392,0.136742,0.216681,19926
CPS,educ_3catBA_plus,educ_3cat,Education,BA_plus,LT_HS,18-29,2000,0.421976,0.02461,0.373739,0.470213,19926
CPS,sexFemale,sex,Sex,Female,Male,18-29,2001,-0.098239,0.01238,-0.122504,-0.073973,29959
CPS,race_includehispBlack,race_includehisp,Race/Ethnicity,Black,White,18-29,2001,-0.246636,0.018968,-0.283814,-0.209457,29959
CPS,race_includehispAIAN,race_includehisp,Race/Ethnicity,AIAN,White,18-29,2001,-0.353194,0.05647,-0.463877,-0.242512,29959
CPS,race_includehispHispanic,race_includehisp,Race/Ethnicity,Hispanic,White,18-29,2001,-0.155646,0.017871,-0.190674,-0.120619,29959
CPS,educ_3catHS_SomeColl,educ_3cat,Education,HS_SomeColl,LT_HS,18-29,2001,0.194455,0.016956,0.16122,0.22769,29959
CPS,educ_3catBA_plus,educ_3cat,Education,BA_plus,LT_HS,18-29,2001,0.447958,0.02121,0.406385,0.489531,29959
CPS,sexFemale,sex,Sex,Female,Male,18-29,2002,-0.070096,0.012365,-0.094331,-0.04586,29652
CPS,race_includehispBlack,race_includehisp,Race/Ethnicity,Black,White,18-29,2002,-0.210834,0.01861,-0.24731,-0.174358,29652
CPS,race_includehispAIAN,race_includehisp,Race/Ethnicity,AIAN,White,18-29,2002,-0.27579,0.057558,-0.388606,-0.162975,29652
CPS,race_includehispHispanic,race_includehisp,Race/Ethnicity,Hispanic,White,18-29,2002,-0.175701,0.017512,-0.210026,-0.141377,29652
CPS,educ_3catHS_SomeColl,educ_3cat,Education,HS_SomeColl,LT_HS,18-29,2002,0.179453,0.016639,0.146841,0.212066,29652
CPS,educ_3catBA_plus,educ_3cat,Education,BA_plus,LT_HS,18-29,2002,0.432092,0.020914,0.3911,0.473083,29652
CPS,sexFemale,sex,Sex,Female,Male,18-29,2003,-0.05248,0.011837,-0.07568,-0.02928,31448
CPS,race_includehispBlack,race_includehisp,Race/Ethnicity,Black,White,18-29,2003,-0.243619,0.019363,-0.28157,-0.205667,31448
CPS,race_includehispAIAN,race_includehisp,Race/Ethnicity,AIAN,White,18-29,2003,-0.253329,0.067008,-0.384668,-0.12199,31448
CPS,race_includehispAsian,race_includehisp,Race/Ethnicity,Asian,White,18-29,2003,-0.108411,0.027762,-0.162826,-0.053997,31448
CPS,race_includehispHispanic,race_includehisp,Race/Ethnicity,Hispanic,White,18-29,2003,-0.201815,0.017132,-0.235396,-0.168235,31448
CPS,race_includehispOther,race_includehisp,Race/Ethnicity,Other,White,18-29,2003,-0.219025,0.047628,-0.312378,-0.125673,31448
CPS,educ_3catHS_SomeColl,educ_3cat,Education,HS_SomeColl,LT_HS,18-29,2003,0.158811,0.016493,0.126485,0.191138,31448
CPS,educ_3catBA_plus,educ_3cat,Education,BA_plus,LT_HS,18-29,2003,0.373692,0.020549,0.333415,0.413968,31448
CPS,sexFemale,sex,Sex,Female,Male,18-29,2004,-0.073169,0.012444,-0.09756,-0.048778,30947
CPS,race_includehispBlack,race_includehisp,Race/Ethnicity,Black,White,18-29,2004,-0.23736,0.019987,-0.276536,-0.198184,30947
CPS,race_includehispAIAN,race_includehisp,Race/Ethnicity,AIAN,White,18-29,2004,-0.260862,0.063883,-0.386077,-0.135648,30947
CPS,race_includehispAsian,race_includehisp,Race/Ethnicity,Asian,White,18-29,2004,-0.162222,0.028213,-0.21752,-0.106925,30947
CPS,race_includehispHispanic,race_includehisp,Race/Ethnicity,Hispanic,White,18-29,2004,-0.183798,0.017827,-0.218741,-0.148856,30947
CPS,race_includehispOther,race_includehisp,Race/Ethnicity,Other,White,18-29,2004,-0.13378,0.047958,-0.22778,-0.039781,30947
CPS,educ_3catHS_SomeColl,educ_3cat,Education,HS_SomeColl,LT_HS,18-29,2004,0.165173,0.017073,0.131709,0.198637,30947
CPS,educ_3catBA_plus,educ_3cat,Education,BA_plus,LT_HS,18-29,2004,0.382971,0.021429,0.34097,0.424972,30947
CPS,sexFemale,sex,Sex,Female,Male,18-29,2005,-0.058873,0.012053,-0.082497,-0.03525,30731
CPS,race_includehispBlack,race_includehisp,Race/Ethnicity,Black,White,18-29,2005,-0.214717,0.02016,-0.254231,-0.175202,30731
CPS,race_includehispAIAN,race_includehisp,Race/Ethnicity,AIAN,White,18-29,2005,-0.166849,0.06036,-0.285158,-0.048541,30731
CPS,race_includehispAsian,race_includehisp,Race/Ethnicity,Asian,White,18-29,2005,-0.167872,0.026787,-0.220376,-0.115368,30731
CPS,race_includehispHispanic,race_includehisp,Race/Ethnicity,Hispanic,White,18-29,2005,-0.145944,0.017137,-0.179534,-0.112354,30731
CPS,race_includehispOther,race_includehisp,Race/Ethnicity,Other,White,18-29,2005,-0.08936,0.040231,-0.168214,-0.010506,30731
CPS,educ_3catHS_SomeColl,educ_3cat,Education,HS_SomeColl,LT_HS,18-29,2005,0.202294,0.016917,0.169136,0.235453,30731
CPS,educ_3catBA_plus,educ_3cat,Education,BA_plus,LT_HS,18-29,2005,0.452017,0.020784,0.41128,0.492754,30731
CPS,sexFemale,sex,Sex,Female,Male,18-29,2006,-0.058932,0.012054,-0.082558,-0.035305,30925
CPS,race_includehispBlack,race_includehisp,Race/Ethnicity,Black,White,18-29,2006,-0.241657,0.019274,-0.279435,-0.203879,30925
CPS,race_includehispAIAN,race_includehisp,Race/Ethnicity,AIAN,White,18-29,2006,-0.161606,0.062521,-0.284148,-0.039063,30925
CPS,race_includehispAsian,race_includehisp,Race/Ethnicity,Asian,White,18-29,2006,-0.135794,0.026668,-0.188064,-0.083524,30925
CPS,race_includehispHispanic,race_includehisp,Race/Ethnicity,Hispanic,White,18-29,2006,-0.164213,0.016831,-0.197203,-0.131223,30925
CPS,race_includehispOther,race_includehisp,Race/Ethnicity,Other,White,18-29,2006,-0.046724,0.042198,-0.129433,0.035986,30925
CPS,educ_3catHS_SomeColl,educ_3cat,Education,HS_SomeColl,LT_HS,18-29,2006,0.175893,0.0168,0.142963,0.208822,30925
CPS,educ_3catBA_plus,educ_3cat,Education,BA_plus,LT_HS,18-29,2006,0.416631,0.020709,0.376041,0.457221,30925
CPS,sexFemale,sex,Sex,Female,Male,18-29,2007,-0.071946,0.012192,-0.095842,-0.048049,30464
CPS,race_includehispBlack,race_includehisp,Race/Ethnicity,Black,White,18-29,2007,-0.190939,0.01999,-0.230121,-0.151758,30464
CPS,race_includehispAIAN,race_includehisp,Race/Ethnicity,AIAN,White,18-29,2007,-0.184853,0.063407,-0.309134,-0.060572,30464
CPS,race_includehispAsian,race_includehisp,Race/Ethnicity,Asian,White,18-29,2007,-0.060658,0.027079,-0.113734,-0.007582,30464
CPS,race_includehispHispanic,race_includehisp,Race/Ethnicity,Hispanic,White,18-29,2007,-0.230081,0.017072,-0.263543,-0.196618,30464
CPS,race_includehispOther,race_includehisp,Race/Ethnicity,Other,White,18-29,2007,-0.022767,0.041753,-0.104604,0.05907,30464
CPS,educ_3catHS_SomeColl,educ_3cat,Education,HS_SomeColl,LT_HS,18-29,2007,0.154413,0.017248,0.120606,0.18822,30464
CPS,educ_3catBA_plus,educ_3cat,Education,BA_plus,LT_HS,18-29,2007,0.371882,0.021151,0.330425,0.41334,30464
CPS,sexFemale,sex,Sex,Female,Male,18-29,2008,-0.072044,0.012161,-0.09588,-0.048207,30684
CPS,race_includehispBlack,race_includehisp,Race/Ethnicity,Black,White,18-29,2008,-0.215463,0.020495,-0.255635,-0.175291,30684
CPS,race_includehispAIAN,race_includehisp,Race/Ethnicity,AIAN,White,18-29,2008,-0.20776,0.068945,-0.342895,-0.072625,30684
CPS,race_includehispAsian,race_includehisp,Race/Ethnicity,Asian,White,18-29,2008,-0.009729,0.024476,-0.057703,0.038245,30684
CPS,race_includehispHispanic,race_includehisp,Race/Ethnicity,Hispanic,White,18-29,2008,-0.1731,0.016648,-0.205732,-0.140469,30684
CPS,race_includehispOther,race_includehisp,Race/Ethnicity,Other,White,18-29,2008,-0.110207,0.041829,-0.192193,-0.028222,30684
CPS,educ_3catHS_SomeColl,educ_3cat,Education,HS_SomeColl,LT_HS,18-29,2008,0.180964,0.017512,0.14664,0.215288,30684
CPS,educ_3catBA_plus,educ_3cat,Education,BA_plus,LT_HS,18-29,2008,0.42883,0.020809,0.388043,0.469617,30684
CPS,sexFemale,sex,Sex,Female,Male,18-29,2009,-0.080871,0.012324,-0.105027,-0.056715,30980
CPS,race_includehispBlack,race_includehisp,Race/Ethnicity,Black,White,18-29,2009,-0.183051,0.020118,-0.222484,-0.143618,30980
CPS,race_includehispAIAN,race_includehisp,Race/Ethnicity,AIAN,White,18-29,2009,-0.265147,0.058826,-0.380448,-0.149847,30980
CPS,race_includehispAsian,race_includehisp,Race/Ethnicity,Asian,White,18-29,2009,-0.112482,0.024992,-0.161467,-0.063497,30980
CPS,race_includehispHispanic,race_includehisp,Race/Ethnicity,Hispanic,White,18-29,2009,-0.172707,0.016877,-0.205787,-0.139626,30980
CPS,race_includehispOther,race_includehisp,Race/Ethnicity,Other,White,18-29,2009,-0.133165,0.041807,-0.215109,-0.051222,30980
CPS,educ_3catHS_SomeColl,educ_3cat,Education,HS_SomeColl,LT_HS,18-29,2009,0.155876,0.01787,0.120849,0.190903,30980
CPS,educ_3catBA_plus,educ_3cat,Education,BA_plus,LT_HS,18-29,2009,0.438802,0.021043,0.397556,0.480047,30980
CPS,sexFemale,sex,Sex,Female,Male,18-29,2010,-0.070023,0.01194,-0.093426,-0.046619,31827
CPS,race_includehispBlack,race_includehisp,Race/Ethnicity,Black,White,18-29,2010,-0.222328,0.019265,-0.260089,-0.184568,31827
CPS,race_includehispAIAN,race_includehisp,Race/Ethnicity,AIAN,White,18-29,2010,-0.193118,0.063475,-0.317533,-0.068704,31827
CPS,race_includehispAsian,race_includehisp,Race/Ethnicity,Asian,White,18-29,2010,-0.109184,0.02491,-0.158008,-0.060359,31827
CPS,race_includehispHispanic,race_includehisp,Race/Ethnicity,Hispanic,White,18-29,2010,-0.191118,0.016234,-0.222936,-0.159299,31827
CPS,race_includehispOther,race_includehisp,Race/Ethnicity,Other,White,18-29,2010,-0.132386,0.045862,-0.222277,-0.042494,31827
CPS,educ_3catHS_SomeColl,educ_3cat,Education,HS_SomeColl,LT_HS,18-29,2010,0.147884,0.017105,0.114356,0.181411,31827
CPS,educ_3catBA_plus,educ_3cat,Education,BA_plus,LT_HS,18-29,2010,0.401528,0.020461,0.361424,0.441631,31827
CPS,sexFemale,sex,Sex,Female,Male,18-29,2011,-0.062919,0.012103,-0.086642,-0.039197,30986
CPS,race_includehispBlack,race_includehisp,Race/Ethnicity,Black,White,18-29,2011,-0.172021,0.01894,-0.209143,-0.134898,30986
CPS,race_includehispAIAN,race_includehisp,Race/Ethnicity,AIAN,White,18-29,2011,-0.232617,0.062801,-0.35571,-0.109524,30986
CPS,race_includehispAsian,race_includehisp,Race/Ethnicity,Asian,White,18-29,2011,-0.06888,0.023649,-0.115233,-0.022527,30986
CPS,race_includehispHispanic,race_includehisp,Race/Ethnicity,Hispanic,White,18-29,2011,-0.15995,0.016572,-0.192432,-0.127468,30986
CPS,race_includehispOther,race_includehisp,Race/Ethnicity,Other,White,18-29,2011,-0.102138,0.042432,-0.185305,-0.01897,30986
CPS,educ_3catHS_SomeColl,educ_3cat,Education,HS_SomeColl,LT_HS,18-29,2011,0.149897,0.017451,0.115692,0.184101,30986
CPS,educ_3catBA_plus,educ_3cat,Education,BA_plus,LT_HS,18-29,2011,0.416824,0.020438,0.376764,0.456884,30986
CPS,sexFemale,sex,Sex,Female,Male,18-29,2012,-0.07145,0.012304,-0.095566,-0.047334,30018
CPS,race_includehispBlack,race_includehisp,Race/Ethnicity,Black,White,18-29,2012,-0.14153,0.018937,-0.178647,-0.104413,30018
CPS,race_includehispAIAN,race_includehisp,Race/Ethnicity,AIAN,White,18-29,2012,-0.257563,0.061067,-0.377256,-0.137869,30018
CPS,race_includehispAsian,race_includehisp,Race/Ethnicity,Asian,White,18-29,2012,-0.053974,0.023933,-0.100884,-0.007064,30018
CPS,race_includehispHispanic,race_includehisp,Race/Ethnicity,Hispanic,White,18-29,2012,-0.165209,0.017163,-0.19885,-0.131568,30018
CPS,race_includehispOther,race_includehisp,Race/Ethnicity,Other,White,18-29,2012,-0.098656,0.042122,-0.181217,-0.016095,30018
CPS,educ_3catHS_SomeColl,educ_3cat,Education,HS_SomeColl,LT_HS,18-29,2012,0.184562,0.018299,0.148694,0.22042900000000001,30018
CPS,educ_3catBA_plus,educ_3cat,Education,BA_plus,LT_HS,18-29,2012,0.427686,0.021509,0.385527,0.469845,30018
CPS,sexFemale,sex,Sex,Female,Male,18-29,2013,-0.063172,0.012403,-0.087483,-0.038861,29823
CPS,race_includehispBlack,race_includehisp,Race/Ethnicity,Black,White,18-29,2013,-0.135208,0.019996,-0.174402,-0.096015,29823
CPS,race_includehispAIAN,race_includehisp,Race/Ethnicity,AIAN,White,18-29,2013,-0.177734,0.0686,-0.312193,-0.043276,29823
CPS,race_includehispAsian,race_includehisp,Race/Ethnicity,Asian,White,18-29,2013,-0.046256,0.023547,-0.09241,-1.03e-4,29823
CPS,race_includehispHispanic,race_includehisp,Race/Ethnicity,Hispanic,White,18-29,2013,-0.16416,0.016842,-0.19717,-0.131149,29823
CPS,race_includehispOther,race_includehisp,Race/Ethnicity,Other,White,18-29,2013,-0.05105,0.041234,-0.13187,0.029769,29823
CPS,educ_3catHS_SomeColl,educ_3cat,Education,HS_SomeColl,LT_HS,18-29,2013,0.160851,0.018986,0.123637,0.198065,29823
CPS,educ_3catBA_plus,educ_3cat,Education,BA_plus,LT_HS,18-29,2013,0.386842,0.021843,0.34403,0.429655,29823
CPS,sexFemale,sex,Sex,Female,Male,18-29,2014,-0.081334,0.014216,-0.109198,-0.053471,29254
CPS,race_includehispBlack,race_includehisp,Race/Ethnicity,Black,White,18-29,2014,-0.15841,0.021782,-0.201103,-0.115717,29254
CPS,race_includehispAIAN,race_includehisp,Race/Ethnicity,AIAN,White,18-29,2014,-0.237445,0.079224,-0.392728,-0.082162,29254
CPS,race_includehispAsian,race_includehisp,Race/Ethnicity,Asian,White,18-29,2014,-0.075359,0.027404,-0.129072,-0.021647,29254
CPS,race_includehispHispanic,race_includehisp,Race/Ethnicity,Hispanic,White,18-29,2014,-0.12905,0.019615,-0.167497,-0.090603,29254
CPS,race_includehispOther,race_includehisp,Race/Ethnicity,Other,White,18-29,2014,-0.134255,0.05012,-0.232492,-0.036017,29254
CPS,educ_3catHS_SomeColl,educ_3cat,Education,HS_SomeColl,LT_HS,18-29,2014,0.139844,0.021603,0.097502,0.182187,29254
CPS,educ_3catBA_plus,educ_3cat,Education,BA_plus,LT_HS,18-29,2014,0.359921,0.024685,0.311538,0.408305,29254
CPS,sexFemale,sex,Sex,Female,Male,18-29,2015,-0.036276,0.012328,-0.06044,-0.012112,29248
CPS,race_includehispBlack,race_includehisp,Race/Ethnicity,Black,White,18-29,2015,-0.130663,0.019323,-0.168536,-0.092789,29248
CPS,race_includehispAIAN,race_includehisp,Race/Ethnicity,AIAN,White,18-29,2015,-0.267317,0.064953,-0.394628,-0.140005,29248
CPS,race_includehispAsian,race_includehisp,Race/Ethnicity,Asian,White,18-29,2015,-0.087949,0.022706,-0.132455,-0.043444,29248
CPS,race_includehispHispanic,race_includehisp,Race/Ethnicity,Hispanic,White,18-29,2015,-0.154186,0.01643,-0.18639,-0.121981,29248
CPS,race_includehispOther,race_includehisp,Race/Ethnicity,Other,White,18-29,2015,-0.12974,0.042895,-0.213817,-0.045663,29248
CPS,educ_3catHS_SomeColl,educ_3cat,Education,HS_SomeColl,LT_HS,18-29,2015,0.170245,0.019463,0.132096,0.208394,29248
CPS,educ_3catBA_plus,educ_3cat,Education,BA_plus,LT_HS,18-29,2015,0.377128,0.022231,0.333554,0.420702,29248
CPS,sexFemale,sex,Sex,Female,Male,18-29,2016,-0.049723,0.012801,-0.074815,-0.024632,26887
CPS,race_includehispBlack,race_includehisp,Race/Ethnicity,Black,White,18-29,2016,-0.167358,0.020407,-0.207357,-0.127358,26887
CPS,race_includehispAIAN,race_includehisp,Race/Ethnicity,AIAN,White,18-29,2016,-0.205631,0.064457,-0.33197,-0.079292,26887
CPS,race_includehispAsian,race_includehisp,Race/Ethnicity,Asian,White,18-29,2016,-0.029928,0.024227,-0.077415,0.017559,26887
CPS,race_includehispHispanic,race_includehisp,Race/Ethnicity,Hispanic,White,18-29,2016,-0.120706,0.016805,-0.153645,-0.087767,26887
CPS,race_includehispOther,race_includehisp,Race/Ethnicity,Other,White,18-29,2016,-0.124297,0.044744,-0.211997,-0.036597,26887
CPS,educ_3catHS_SomeColl,educ_3cat,Education,HS_SomeColl,LT_HS,18-29,2016,0.073128,0.019311,0.035277,0.110979,26887
CPS,educ_3catBA_plus,educ_3cat,Education,BA_plus,LT_HS,18-29,2016,0.276946,0.022186,0.233461,0.320431,26887
CPS,sexFemale,sex,Sex,Female,Male,18-29,2017,-0.061712,0.01294,-0.087074,-0.036349,26719
CPS,race_includehispBlack,race_includehisp,Race/Ethnicity,Black,White,18-29,2017,-0.140863,0.020787,-0.181606,-0.10012,26719
CPS,race_includehispAIAN,race_includehisp,Race/Ethnicity,AIAN,White,18-29,2017,-0.231858,0.06373,-0.356773,-0.106943,26719
CPS,race_includehispAsian,race_includehisp,Race/Ethnicity,Asian,White,18-29,2017,-0.028294,0.023435,-0.074227,0.017639,26719
CPS,race_includehispHispanic,race_includehisp,Race/Ethnicity,Hispanic,White,18-29,2017,-0.099793,0.017136,-0.13338,-0.066206,26719
CPS,race_includehispOther,race_includehisp,Race/Ethnicity,Other,White,18-29,2017,-0.032356,0.044469,-0.119517,0.054806,26719
CPS,educ_3catHS_SomeColl,educ_3cat,Education,HS_SomeColl,LT_HS,18-29,2017,0.123369,0.020452,0.083281,0.163456,26719
CPS,educ_3catBA_plus,educ_3cat,Education,BA_plus,LT_HS,18-29,2017,0.338027,0.023061,0.292825,0.383228,26719
CPS,sexFemale,sex,Sex,Female,Male,18-29,2018,-0.037086,0.013132,-0.062824,-0.011347,25676
CPS,race_includehispBlack,race_includehisp,Race/Ethnicity,Black,White,18-29,2018,-0.114046,0.021246,-0.15569,-0.072402,25676
CPS,race_includehispAIAN,race_includehisp,Race/Ethnicity,AIAN,White,18-29,2018,-0.139719,0.059507,-0.256357,-0.023081,25676
CPS,race_includehispAsian,race_includehisp,Race/Ethnicity,Asian,White,18-29,2018,-0.066132,0.02367,-0.112525,-0.019738,25676
CPS,race_includehispHispanic,race_includehisp,Race/Ethnicity,Hispanic,White,18-29,2018,-0.13739,0.016945000000000002,-0.170603,-0.104177,25676
CPS,race_includehispOther,race_includehisp,Race/Ethnicity,Other,White,18-29,2018,-0.059641,0.043419,-0.144744,0.025462,25676
CPS,educ_3catHS_SomeColl,educ_3cat,Education,HS_SomeColl,LT_HS,18-29,2018,0.09822,0.020425,0.058186,0.138254,25676
CPS,educ_3catBA_plus,educ_3cat,Education,BA_plus,LT_HS,18-29,2018,0.252105,0.023168,0.206695,0.297515,25676
CPS,sexFemale,sex,Sex,Female,Male,18-29,2019,-0.051916,0.013785,-0.078936,-0.024896,25498
CPS,race_includehispBlack,race_includehisp,Race/Ethnicity,Black,White,18-29,2019,-0.167967,0.022411,-0.211893,-0.12404,25498
CPS,race_includehispAIAN,race_includehisp,Race/Ethnicity,AIAN,White,18-29,2019,-0.169016,0.060892,-0.288368,-0.049665,25498
CPS,race_includehispAsian,race_includehisp,Race/Ethnicity,Asian,White,18-29,2019,-0.069882,0.025776,-0.120405,-0.019359,25498
CPS,race_includehispHispanic,race_includehisp,Race/Ethnicity,Hispanic,White,18-29,2019,-0.118169,0.017381,-0.152237,-0.084101,25498
CPS,race_includehispOther,race_includehisp,Race/Ethnicity,Other,White,18-29,2019,-0.13358,0.043627,-0.219093,-0.048068,25498
CPS,educ_3catHS_SomeColl,educ_3cat,Education,HS_SomeColl,LT_HS,18-29,2019,0.065268,0.021677,0.02278,0.107756,25498
CPS,educ_3catBA_plus,educ_3cat,Education,BA_plus,LT_HS,18-29,2019,0.241878,0.024527,0.193804,0.289952,25498
CPS,sexFemale,sex,Sex,Female,Male,18-29,2020,-0.026095,0.014929,-0.055356,0.003166,21467
CPS,race_includehispBlack,race_includehisp,Race/Ethnicity,Black,White,18-29,2020,-0.160558,0.023964,-0.207529,-0.113587,21467
CPS,race_includehispAIAN,race_includehisp,Race/Ethnicity,AIAN,White,18-29,2020,-0.291071,0.081703,-0.451214,-0.130927,21467
CPS,race_includehispAsian,race_includehisp,Race/Ethnicity,Asian,White,18-29,2020,-0.016643,0.026469,-0.068525,0.03524,21467
CPS,race_includehispHispanic,race_includehisp,Race/Ethnicity,Hispanic,White,18-29,2020,-0.085182,0.01914,-0.122699,-0.047665,21467
CPS,race_includehispOther,race_includehisp,Race/Ethnicity,Other,White,18-29,2020,-0.018546,0.048213,-0.113047,0.075955,21467
CPS,educ_3catHS_SomeColl,educ_3cat,Education,HS_SomeColl,LT_HS,18-29,2020,0.060596,0.024461,0.012651,0.108541,21467
CPS,educ_3catBA_plus,educ_3cat,Education,BA_plus,LT_HS,18-29,2020,0.217781,0.027128,0.164609,0.270953,21467
CPS,sexFemale,sex,Sex,Female,Male,18-29,2021,-0.043606,0.014542,-0.07211,-0.015101,22490
CPS,race_includehispBlack,race_includehisp,Race/Ethnicity,Black,White,18-29,2021,-0.11918,0.023162,-0.16458,-0.073781,22490
CPS,race_includehispAIAN,race_includehisp,Race/Ethnicity,AIAN,White,18-29,2021,-0.133108,0.063465,-0.257503,-0.008713,22490
CPS,race_includehispAsian,race_includehisp,Race/Ethnicity,Asian,White,18-29,2021,0.021538,0.027013,-0.031409,0.074486,22490
CPS,race_includehispHispanic,race_includehisp,Race/Ethnicity,Hispanic,White,18-29,2021,-0.117987,0.018469,-0.154189,-0.081786,22490
CPS,race_includehispOther,race_includehisp,Race/Ethnicity,Other,White,18-29,2021,-0.050383,0.046732,-0.141981,0.041214,22490
CPS,educ_3catHS_SomeColl,educ_3cat,Education,HS_SomeColl,LT_HS,18-29,2021,0.051373,0.024393,0.003561,0.099186,22490
CPS,educ_3catBA_plus,educ_3cat,Education,BA_plus,LT_HS,18-29,2021,0.214798,0.02693,0.162014,0.267582,22490
CPS,sexFemale,sex,Sex,Female,Male,18-29,2022,-0.041789,0.015312,-0.071802,-0.011777,20766
CPS,race_includehispBlack,race_includehisp,Race/Ethnicity,Black,White,18-29,2022,-0.105873,0.02465,-0.154188,-0.057558,20766
CPS,race_includehispAIAN,race_includehisp,Race/Ethnicity,AIAN,White,18-29,2022,-0.320545,0.063784,-0.445566,-0.195523,20766
CPS,race_includehispAsian,race_includehisp,Race/Ethnicity,Asian,White,18-29,2022,0.03411,0.027271,-0.019343,0.087563,20766
CPS,race_includehispHispanic,race_includehisp,Race/Ethnicity,Hispanic,White,18-29,2022,-0.087516,0.018962,-0.124683,-0.050349,20766
CPS,race_includehispOther,race_includehisp,Race/Ethnicity,Other,White,18-29,2022,-0.175601,0.05686,-0.287051,-0.064152,20766
CPS,educ_3catHS_SomeColl,educ_3cat,Education,HS_SomeColl,LT_HS,18-29,2022,0.017812,0.023905,-0.029045,0.064669,20766
CPS,educ_3catBA_plus,educ_3cat,Education,BA_plus,LT_HS,18-29,2022,0.179884,0.027002,0.126958,0.232811,20766
CPS,sexFemale,sex,Sex,Female,Male,18-29,2023,-0.061685,0.015507,-0.092081,-0.031289,19768
CPS,race_includehispBlack,race_includehisp,Race/Ethnicity,Black,White,18-29,2023,-0.058306,0.025319,-0.107934,-0.008678,19768
CPS,race_includehispAIAN,race_includehisp,Race/Ethnicity,AIAN,White,18-29,2023,-0.217134,0.072662,-0.359558,-0.074711,19768
CPS,race_includehispAsian,race_includehisp,Race/Ethnicity,Asian,White,18-29,2023,-0.027626,0.028265,-0.083027,0.027776,19768
CPS,race_includehispHispanic,race_includehisp,Race/Ethnicity,Hispanic,White,18-29,2023,-0.117709,0.019402,-0.155739,-0.079679,19768
CPS,race_includehispOther,race_includehisp,Race/Ethnicity,Other,White,18-29,2023,0.020801,0.044521,-0.066465,0.108067,19768
CPS,educ_3catHS_SomeColl,educ_3cat,Education,HS_SomeColl,LT_HS,18-29,2023,0.029609,0.023872,-0.017181,0.0764,19768
CPS,educ_3catBA_plus,educ_3cat,Education,BA_plus,LT_HS,18-29,2023,0.16525,0.027215,0.111906,0.218593,19768
CPS,sexFemale,sex,Sex,Female,Male,18-29,2024,-0.065726,0.015771,-0.096639,-0.034814,19726
CPS,race_includehispBlack,race_includehisp,Race/Ethnicity,Black,White,18-29,2024,-0.097474,0.026687,-0.149783,-0.045165,19726
CPS,race_includehispAIAN,race_includehisp,Race/Ethnicity,AIAN,White,18-29,2024,-0.005392,0.066596,-0.135926,0.125142,19726
CPS,race_includehispAsian,race_includehisp,Race/Ethnicity,Asian,White,18-29,2024,-0.031744,0.027678,-0.085995,0.022507,19726
CPS,race_includehispHispanic,race_includehisp,Race/Ethnicity,Hispanic,White,18-29,2024,-0.072993,0.019351,-0.110921,-0.035064,19726
CPS,race_includehispOther,race_includehisp,Race/Ethnicity,Other,White,18-29,2024,-0.015717,0.042653,-0.099321,0.067887,19726
CPS,educ_3catHS_SomeColl,educ_3cat,Education,HS_SomeColl,LT_HS,18-29,2024,0.024245,0.024349,-0.023482,0.071972,19726
CPS,educ_3catBA_plus,educ_3cat,Education,BA_plus,LT_HS,18-29,2024,0.16058,0.027673,0.106339,0.214822,19726
CPS,sexFemale,sex,Sex,Female,Male,18-29,2025,-0.062035,0.015584,-0.092581,-0.03149,19537
CPS,race_includehispBlack,race_includehisp,Race/Ethnicity,Black,White,18-29,2025,-0.122641,0.025213,-0.17206,-0.073221,19537
CPS,race_includehispAIAN,race_includehisp,Race/Ethnicity,AIAN,White,18-29,2025,-0.289204,0.079138,-0.444322,-0.134085,19537
CPS,race_includehispAsian,race_includehisp,Race/Ethnicity,Asian,White,18-29,2025,0.007086,0.028993,-0.049744,0.063915,19537
CPS,race_includehispHispanic,race_includehisp,Race/Ethnicity,Hispanic,White,18-29,2025,-0.11119,0.019678,-0.14976,-0.07262,19537
CPS,race_includehispOther,race_includehisp,Race/Ethnicity,Other,White,18-29,2025,-0.063357,0.047329,-0.156127,0.029413,19537
CPS,educ_3catHS_SomeColl,educ_3cat,Education,HS_SomeColl,LT_HS,18-29,2025,-0.018566,0.024326,-0.066246,0.029115,19537
CPS,educ_3catBA_plus,educ_3cat,Education,BA_plus,LT_HS,18-29,2025,0.151174,0.027198,0.097863,0.204484,19537
CPS,sexFemale,sex,Sex,Female,Male,30-39,1996,-0.067539,0.015152,-0.097237,-0.037841,20513
CPS,race_includehispBlack,race_includehisp,Race/Ethnicity,Black,White,30-39,1996,-0.330876,0.027767,-0.385302,-0.276449,20513
CPS,race_includehispAIAN,race_includehisp,Race/Ethnicity,AIAN,White,30-39,1996,-0.376309,0.083186,-0.53936,-0.213258,20513
CPS,race_includehispHispanic,race_includehisp,Race/Ethnicity,Hispanic,White,30-39,1996,-0.160149,0.026483,-0.212058,-0.108241,20513
CPS,educ_3catHS_SomeColl,educ_3cat,Education,HS_SomeColl,LT_HS,30-39,1996,0.485792,0.028705,0.429528,0.542057,20513
CPS,educ_3catBA_plus,educ_3cat,Education,BA_plus,LT_HS,30-39,1996,0.853407,0.03017,0.794272,0.912543,20513
CPS,sexFemale,sex,Sex,Female,Male,30-39,1997,-0.063581,0.015163,-0.093301,-0.03386,20293
CPS,race_includehispBlack,race_includehisp,Race/Ethnicity,Black,White,30-39,1997,-0.289176,0.026642,-0.341397,-0.236955,20293
CPS,race_includehispAIAN,race_includehisp,Race/Ethnicity,AIAN,White,30-39,1997,-0.469238,0.085892,-0.637594,-0.300883,20293
CPS,race_includehispHispanic,race_includehisp,Race/Ethnicity,Hispanic,White,30-39,1997,-0.06188,0.026385,-0.113597,-0.010163,20293
CPS,educ_3catHS_SomeColl,educ_3cat,Education,HS_SomeColl,LT_HS,30-39,1997,0.503159,0.02781,0.448649,0.557669,20293
CPS,educ_3catBA_plus,educ_3cat,Education,BA_plus,LT_HS,30-39,1997,0.860832,0.029439,0.803129,0.918534,20293
CPS,sexFemale,sex,Sex,Female,Male,30-39,1998,-0.041295,0.015295,-0.071275,-0.011315,19904
CPS,race_includehispBlack,race_includehisp,Race/Ethnicity,Black,White,30-39,1998,-0.316179,0.027256,-0.369602,-0.262756,19904
CPS,race_includehispAIAN,race_includehisp,Race/Ethnicity,AIAN,White,30-39,1998,-0.30532,0.085426,-0.472761,-0.137878,19904
CPS,race_includehispHispanic,race_includehisp,Race/Ethnicity,Hispanic,White,30-39,1998,-0.097083,0.027796,-0.151564,-0.042601,19904
CPS,educ_3catHS_SomeColl,educ_3cat,Education,HS_SomeColl,LT_HS,30-39,1998,0.441591,0.028407,0.385911,0.497271,19904
CPS,educ_3catBA_plus,educ_3cat,Education,BA_plus,LT_HS,30-39,1998,0.797223,0.030031,0.738359,0.856087,19904
CPS,sexFemale,sex,Sex,Female,Male,30-39,1999,-0.054935,0.015365,-0.085052,-0.024818,19782
CPS,race_includehispBlack,race_includehisp,Race/Ethnicity,Black,White,30-39,1999,-0.260529,0.02827,-0.315941,-0.205118,19782
CPS,race_includehispAIAN,race_includehisp,Race/Ethnicity,AIAN,White,30-39,1999,-0.321627,0.093608,-0.505107,-0.138146,19782
CPS,race_includehispHispanic,race_includehisp,Race/Ethnicity,Hispanic,White,30-39,1999,-0.069322,0.024081,-0.116522,-0.022121,19782
CPS,educ_3catHS_SomeColl,educ_3cat,Education,HS_SomeColl,LT_HS,30-39,1999,0.403985,0.02846,0.3482,0.45977,19782
CPS,educ_3catBA_plus,educ_3cat,Education,BA_plus,LT_HS,30-39,1999,0.756549,0.030168,0.697417,0.81568,19782
CPS,sexFemale,sex,Sex,Female,Male,30-39,2000,-0.085078,0.015139,-0.114752,-0.055403,19580
CPS,race_includehispBlack,race_includehisp,Race/Ethnicity,Black,White,30-39,2000,-0.21134,0.026977,-0.264218,-0.158462,19580
CPS,race_includehispAIAN,race_includehisp,Race/Ethnicity,AIAN,White,30-39,2000,-0.35739,0.088415,-0.530691,-0.184089,19580
CPS,race_includehispHispanic,race_includehisp,Race/Ethnicity,Hispanic,White,30-39,2000,-0.055444,0.022862,-0.100256,-0.010633,19580
CPS,educ_3catHS_SomeColl,educ_3cat,Education,HS_SomeColl,LT_HS,30-39,2000,0.4233,0.027837,0.368738,0.477863,19580
CPS,educ_3catBA_plus,educ_3cat,Education,BA_plus,LT_HS,30-39,2000,0.807003,0.029463,0.749253,0.864752,19580
CPS,sexFemale,sex,Sex,Female,Male,30-39,2001,-0.090388,0.012529,-0.114945,-0.06583,32440
CPS,race_includehispBlack,race_includehisp,Race/Ethnicity,Black,White,30-39,2001,-0.22656,0.020603,-0.266943,-0.186176,32440
CPS,race_includehispAIAN,race_includehisp,Race/Ethnicity,AIAN,White,30-39,2001,-0.264805,0.068088,-0.39826,-0.13135,32440
CPS,race_includehispHispanic,race_includehisp,Race/Ethnicity,Hispanic,White,30-39,2001,-0.064507,0.020626,-0.104934,-0.02408,32440
CPS,educ_3catHS_SomeColl,educ_3cat,Education,HS_SomeColl,LT_HS,30-39,2001,0.366992,0.023026,0.32186,0.412124,32440
CPS,educ_3catBA_plus,educ_3cat,Education,BA_plus,LT_HS,30-39,2001,0.718822,0.024359,0.671078,0.766567,32440
CPS,sexFemale,sex,Sex,Female,Male,30-39,2002,-0.077394,0.012715,-0.102317,-0.052472,31808
CPS,race_includehispBlack,race_includehisp,Race/Ethnicity,Black,White,30-39,2002,-0.212616,0.020426,-0.252652,-0.17258,31808
CPS,race_includehispAIAN,race_includehisp,Race/Ethnicity,AIAN,White,30-39,2002,-0.24012,0.060682,-0.359058,-0.121181,31808
CPS,race_includehispHispanic,race_includehisp,Race/Ethnicity,Hispanic,White,30-39,2002,-0.039571,0.021068,-0.080865,0.001723,31808
CPS,educ_3catHS_SomeColl,educ_3cat,Education,HS_SomeColl,LT_HS,30-39,2002,0.29796,0.023798,0.251315,0.344604,31808
CPS,educ_3catBA_plus,educ_3cat,Education,BA_plus,LT_HS,30-39,2002,0.661494,0.025096,0.612305,0.710682,31808
CPS,sexFemale,sex,Sex,Female,Male,30-39,2003,-0.059077,0.012523,-0.083622,-0.034532,32293
CPS,race_includehispBlack,race_includehisp,Race/Ethnicity,Black,White,30-39,2003,-0.219003,0.020885,-0.259938,-0.178068,32293
CPS,race_includehispAIAN,race_includehisp,Race/Ethnicity,AIAN,White,30-39,2003,-0.276473,0.078243,-0.429832,-0.123113,32293
CPS,race_includehispAsian,race_includehisp,Race/Ethnicity,Asian,White,30-39,2003,-0.122054,0.028851,-0.178604,-0.065504,32293
CPS,race_includehispHispanic,race_includehisp,Race/Ethnicity,Hispanic,White,30-39,2003,-0.034515,0.020906,-0.075492,0.006463,32293
CPS,race_includehispOther,race_includehisp,Race/Ethnicity,Other,White,30-39,2003,-0.295512,0.064795,-0.422512,-0.168512,32293
CPS,educ_3catHS_SomeColl,educ_3cat,Education,HS_SomeColl,LT_HS,30-39,2003,0.340387,0.02399,0.293365,0.387409,32293
CPS,educ_3catBA_plus,educ_3cat,Education,BA_plus,LT_HS,30-39,2003,0.708835,0.025191,0.65946,0.758211,32293
CPS,sexFemale,sex,Sex,Female,Male,30-39,2004,-0.059846,0.013052,-0.085428,-0.034264,30770
CPS,race_includehispBlack,race_includehisp,Race/Ethnicity,Black,White,30-39,2004,-0.181513,0.022373,-0.225365,-0.137661,30770
CPS,race_includehispAIAN,race_includehisp,Race/Ethnicity,AIAN,White,30-39,2004,-0.309058,0.087001,-0.479583,-0.138533,30770
CPS,race_includehispAsian,race_includehisp,Race/Ethnicity,Asian,White,30-39,2004,-0.124764,0.027671,-0.179,-0.070529,30770
CPS,race_includehispHispanic,race_includehisp,Race/Ethnicity,Hispanic,White,30-39,2004,-0.00123,0.021363,-0.043102,0.040642,30770
CPS,race_includehispOther,race_includehisp,Race/Ethnicity,Other,White,30-39,2004,-0.250479,0.059794,-0.367678,-0.13328,30770
CPS,educ_3catHS_SomeColl,educ_3cat,Education,HS_SomeColl,LT_HS,30-39,2004,0.302506,0.024422,0.254638,0.350375,30770
CPS,educ_3catBA_plus,educ_3cat,Education,BA_plus,LT_HS,30-39,2004,0.691368,0.02562,0.641151,0.741585,30770
CPS,sexFemale,sex,Sex,Female,Male,30-39,2005,-0.042782,0.013263,-0.068778,-0.016787,30110
CPS,race_includehispBlack,race_includehisp,Race/Ethnicity,Black,White,30-39,2005,-0.177513,0.023141,-0.222871,-0.132155,30110
CPS,race_includehispAIAN,race_includehisp,Race/Ethnicity,AIAN,White,30-39,2005,-0.234793,0.090414,-0.412007,-0.057578,30110
CPS,race_includehispAsian,race_includehisp,Race/Ethnicity,Asian,White,30-39,2005,-0.063992,0.026201,-0.115348,-0.012636,30110
CPS,race_includehispHispanic,race_includehisp,Race/Ethnicity,Hispanic,White,30-39,2005,-0.021846,0.02124,-0.063477,0.019784,30110
CPS,race_includehispOther,race_includehisp,Race/Ethnicity,Other,White,30-39,2005,-0.232845,0.058244,-0.347006,-0.118684,30110
CPS,educ_3catHS_SomeColl,educ_3cat,Education,HS_SomeColl,LT_HS,30-39,2005,0.307006,0.024912,0.258177,0.355834,30110
CPS,educ_3catBA_plus,educ_3cat,Education,BA_plus,LT_HS,30-39,2005,0.680847,0.026158,0.629576,0.732119,30110
CPS,sexFemale,sex,Sex,Female,Male,30-39,2006,-0.089284,0.01325,-0.115255,-0.063313,29253
CPS,race_includehispBlack,race_includehisp,Race/Ethnicity,Black,White,30-39,2006,-0.234962,0.023854,-0.281716,-0.188208,29253
CPS,race_includehispAIAN,race_includehisp,Race/Ethnicity,AIAN,White,30-39,2006,-0.164444,0.073887,-0.309266,-0.019621,29253
CPS,race_includehispAsian,race_includehisp,Race/Ethnicity,Asian,White,30-39,2006,-0.078142,0.026877,-0.130822,-0.025462,29253
CPS,race_includehispHispanic,race_includehisp,Race/Ethnicity,Hispanic,White,30-39,2006,-0.020634,0.01993,-0.059697,0.018429,29253
CPS,race_includehispOther,race_includehisp,Race/Ethnicity,Other,White,30-39,2006,-0.19739,0.061755,-0.318434,-0.076347,29253
CPS,educ_3catHS_SomeColl,educ_3cat,Education,HS_SomeColl,LT_HS,30-39,2006,0.245037,0.024464,0.197086,0.292988,29253
CPS,educ_3catBA_plus,educ_3cat,Education,BA_plus,LT_HS,30-39,2006,0.630125,0.025606,0.579936,0.680314,29253
CPS,sexFemale,sex,Sex,Female,Male,30-39,2007,-0.058637,0.013204,-0.084519,-0.032756,28676
CPS,race_includehispBlack,race_includehisp,Race/Ethnicity,Black,White,30-39,2007,-0.183316,0.022965,-0.228328,-0.138304,28676
CPS,race_includehispAIAN,race_includehisp,Race/Ethnicity,AIAN,White,30-39,2007,-0.305027,0.07723,-0.456402,-0.153652,28676
CPS,race_includehispAsian,race_includehisp,Race/Ethnicity,Asian,White,30-39,2007,-0.080278,0.025135,-0.129544,-0.031013,28676
CPS,race_includehispHispanic,race_includehisp,Race/Ethnicity,Hispanic,White,30-39,2007,-0.048848,0.020098,-0.088242,-0.009455,28676
CPS,race_includehispOther,race_includehisp,Race/Ethnicity,Other,White,30-39,2007,-0.239979,0.062442,-0.362369,-0.11759,28676
CPS,educ_3catHS_SomeColl,educ_3cat,Education,HS_SomeColl,LT_HS,30-39,2007,0.286412,0.024125,0.239126,0.333699,28676
CPS,educ_3catBA_plus,educ_3cat,Education,BA_plus,LT_HS,30-39,2007,0.649152,0.025274,0.599613,0.698691,28676
CPS,sexFemale,sex,Sex,Female,Male,30-39,2008,-0.046901,0.01339,-0.073147,-0.020656,28275
CPS,race_includehispBlack,race_includehisp,Race/Ethnicity,Black,White,30-39,2008,-0.216117,0.023366,-0.261916,-0.170318,28275
CPS,race_includehispAIAN,race_includehisp,Race/Ethnicity,AIAN,White,30-39,2008,-0.131444,0.073959,-0.276408,0.013519,28275
CPS,race_includehispAsian,race_includehisp,Race/Ethnicity,Asian,White,30-39,2008,-0.051613,0.026234,-0.103032,-1.93e-4,28275
CPS,race_includehispHispanic,race_includehisp,Race/Ethnicity,Hispanic,White,30-39,2008,-0.070326,0.020854,-0.111201,-0.029451,28275
CPS,race_includehispOther,race_includehisp,Race/Ethnicity,Other,White,30-39,2008,-0.184036,0.063298,-0.308104,-0.059968,28275
CPS,educ_3catHS_SomeColl,educ_3cat,Education,HS_SomeColl,LT_HS,30-39,2008,0.292406,0.025826000000000002,0.241785,0.343027,28275
CPS,educ_3catBA_plus,educ_3cat,Education,BA_plus,LT_HS,30-39,2008,0.662261,0.026775,0.609782,0.714741,28275
CPS,sexFemale,sex,Sex,Female,Male,30-39,2009,-0.082961,0.013477,-0.109376,-0.056546,28320
CPS,race_includehispBlack,race_includehisp,Race/Ethnicity,Black,White,30-39,2009,-0.195089,0.023684,-0.241512,-0.148667,28320
CPS,race_includehispAIAN,race_includehisp,Race/Ethnicity,AIAN,White,30-39,2009,-0.203151,0.08137,-0.362639,-0.043662,28320
CPS,race_includehispAsian,race_includehisp,Race/Ethnicity,Asian,White,30-39,2009,-0.148055,0.026115,-0.199242,-0.096868,28320
CPS,race_includehispHispanic,race_includehisp,Race/Ethnicity,Hispanic,White,30-39,2009,-0.050642,0.021224,-0.092242,-0.009041,28320
CPS,race_includehispOther,race_includehisp,Race/Ethnicity,Other,White,30-39,2009,-0.216811,0.056565,-0.327682,-0.10594,28320
CPS,educ_3catHS_SomeColl,educ_3cat,Education,HS_SomeColl,LT_HS,30-39,2009,0.316778,0.025802,0.266204,0.367352,28320
CPS,educ_3catBA_plus,educ_3cat,Education,BA_plus,LT_HS,30-39,2009,0.743298,0.026745,0.690876,0.79572,28320
CPS,sexFemale,sex,Sex,Female,Male,30-39,2010,-0.08961,0.013313,-0.115704,-0.063517,28712
CPS,race_includehispBlack,race_includehisp,Race/Ethnicity,Black,White,30-39,2010,-0.240855,0.022044,-0.284061,-0.197648,28712
CPS,race_includehispAIAN,race_includehisp,Race/Ethnicity,AIAN,White,30-39,2010,-0.201886,0.077955,-0.354681,-0.04909,28712
CPS,race_includehispAsian,race_includehisp,Race/Ethnicity,Asian,White,30-39,2010,-0.094275,0.025694,-0.144637,-0.043913,28712
CPS,race_includehispHispanic,race_includehisp,Race/Ethnicity,Hispanic,White,30-39,2010,-0.087007,0.02013,-0.126464,-0.047551,28712
CPS,race_includehispOther,race_includehisp,Race/Ethnicity,Other,White,30-39,2010,-0.192814,0.05915,-0.30875,-0.076877,28712
CPS,educ_3catHS_SomeColl,educ_3cat,Education,HS_SomeColl,LT_HS,30-39,2010,0.276567,0.024044,0.22944,0.323694,28712
CPS,educ_3catBA_plus,educ_3cat,Education,BA_plus,LT_HS,30-39,2010,0.669953,0.025278,0.620407,0.719499,28712
CPS,sexFemale,sex,Sex,Female,Male,30-39,2011,-0.083585,0.013438,-0.109924,-0.057245,27802
CPS,race_includehispBlack,race_includehisp,Race/Ethnicity,Black,White,30-39,2011,-0.230232,0.022757,-0.274836,-0.185627,27802
CPS,race_includehispAIAN,race_includehisp,Race/Ethnicity,AIAN,White,30-39,2011,-0.195401,0.079344,-0.35092,-0.039883,27802
CPS,race_includehispAsian,race_includehisp,Race/Ethnicity,Asian,White,30-39,2011,-0.081165,0.02562,-0.131382,-0.030948,27802
CPS,race_includehispHispanic,race_includehisp,Race/Ethnicity,Hispanic,White,30-39,2011,-0.041388,0.020098,-0.08078,-0.001996,27802
CPS,race_includehispOther,race_includehisp,Race/Ethnicity,Other,White,30-39,2011,-0.159635,0.059927,-0.277095,-0.042175,27802
CPS,educ_3catHS_SomeColl,educ_3cat,Education,HS_SomeColl,LT_HS,30-39,2011,0.304583,0.02477,0.256033,0.353133,27802
CPS,educ_3catBA_plus,educ_3cat,Education,BA_plus,LT_HS,30-39,2011,0.674232,0.026007,0.623256,0.725208,27802
CPS,sexFemale,sex,Sex,Female,Male,30-39,2012,-0.074713,0.013771,-0.101705,-0.04772,27101
CPS,race_includehispBlack,race_includehisp,Race/Ethnicity,Black,White,30-39,2012,-0.177202,0.023556,-0.223373,-0.131031,27101
CPS,race_includehispAIAN,race_includehisp,Race/Ethnicity,AIAN,White,30-39,2012,-0.255409,0.105053,-0.461318,-0.049501,27101
CPS,race_includehispAsian,race_includehisp,Race/Ethnicity,Asian,White,30-39,2012,-0.124411,0.025334,-0.174066,-0.074755,27101
CPS,race_includehispHispanic,race_includehisp,Race/Ethnicity,Hispanic,White,30-39,2012,-0.067198,0.020902,-0.108167,-0.026229,27101
CPS,race_includehispOther,race_includehisp,Race/Ethnicity,Other,White,30-39,2012,-0.243569,0.060273,-0.361707,-0.12543,27101
CPS,educ_3catHS_SomeColl,educ_3cat,Education,HS_SomeColl,LT_HS,30-39,2012,0.289835,0.026212,0.238459,0.341212,27101
CPS,educ_3catBA_plus,educ_3cat,Education,BA_plus,LT_HS,30-39,2012,0.674706,0.027217,0.62136,0.728052,27101
CPS,sexFemale,sex,Sex,Female,Male,30-39,2013,-0.078834,0.013487,-0.10527,-0.052398,27171
CPS,race_includehispBlack,race_includehisp,Race/Ethnicity,Black,White,30-39,2013,-0.118521,0.022654,-0.162924,-0.074119,27171
CPS,race_includehispAIAN,race_includehisp,Race/Ethnicity,AIAN,White,30-39,2013,-0.29972,0.082436,-0.461298,-0.138142,27171
CPS,race_includehispAsian,race_includehisp,Race/Ethnicity,Asian,White,30-39,2013,-0.084459,0.024759,-0.132987,-0.035931,27171
CPS,race_includehispHispanic,race_includehisp,Race/Ethnicity,Hispanic,White,30-39,2013,-0.078713,0.020708,-0.119301,-0.038124,27171
CPS,race_includehispOther,race_includehisp,Race/Ethnicity,Other,White,30-39,2013,-0.200363,0.057391,-0.312853,-0.087873,27171
CPS,educ_3catHS_SomeColl,educ_3cat,Education,HS_SomeColl,LT_HS,30-39,2013,0.202028,0.025096,0.152839,0.251218,27171
CPS,educ_3catBA_plus,educ_3cat,Education,BA_plus,LT_HS,30-39,2013,0.600407,0.026021,0.549405,0.651409,27171
CPS,sexFemale,sex,Sex,Female,Male,30-39,2014,-0.073652,0.015077,-0.103202,-0.044101,27180
CPS,race_includehispBlack,race_includehisp,Race/Ethnicity,Black,White,30-39,2014,-0.14197100000000001,0.024888,-0.190752,-0.09319,27180
CPS,race_includehispAIAN,race_includehisp,Race/Ethnicity,AIAN,White,30-39,2014,-0.207747,0.09233,-0.388719,-0.026775,27180
CPS,race_includehispAsian,race_includehisp,Race/Ethnicity,Asian,White,30-39,2014,-0.044643,0.026685,-0.096948,0.007662,27180
CPS,race_includehispHispanic,race_includehisp,Race/Ethnicity,Hispanic,White,30-39,2014,-0.01633,0.023621,-0.062628,0.029969,27180
CPS,race_includehispOther,race_includehisp,Race/Ethnicity,Other,White,30-39,2014,-0.102311,0.060559,-0.22101,0.016388,27180
CPS,educ_3catHS_SomeColl,educ_3cat,Education,HS_SomeColl,LT_HS,30-39,2014,0.300707,0.030516,0.240894,0.36052,27180
CPS,educ_3catBA_plus,educ_3cat,Education,BA_plus,LT_HS,30-39,2014,0.657529,0.031261,0.596255,0.718803,27180
CPS,sexFemale,sex,Sex,Female,Male,30-39,2015,-0.0589,0.013454,-0.085271,-0.03253,27189
CPS,race_includehispBlack,race_includehisp,Race/Ethnicity,Black,White,30-39,2015,-0.131611,0.022788,-0.176277,-0.086945,27189
CPS,race_includehispAIAN,race_includehisp,Race/Ethnicity,AIAN,White,30-39,2015,-0.030834,0.069272,-0.166611,0.104943,27189
CPS,race_includehispAsian,race_includehisp,Race/Ethnicity,Asian,White,30-39,2015,-0.03251,0.023577,-0.078722,0.013703,27189
CPS,race_includehispHispanic,race_includehisp,Race/Ethnicity,Hispanic,White,30-39,2015,-0.031354,0.019722,-0.07001,0.007302,27189
CPS,race_includehispOther,race_includehisp,Race/Ethnicity,Other,White,30-39,2015,-0.249815,0.059912,-0.367245,-0.132385,27189
CPS,educ_3catHS_SomeColl,educ_3cat,Education,HS_SomeColl,LT_HS,30-39,2015,0.26204,0.025586,0.21189,0.31219,27189
CPS,educ_3catBA_plus,educ_3cat,Education,BA_plus,LT_HS,30-39,2015,0.62905,0.026528,0.577054,0.681046,27189
CPS,sexFemale,sex,Sex,Female,Male,30-39,2016,-0.053837,0.01386,-0.081002,-0.026671,25633
CPS,race_includehispBlack,race_includehisp,Race/Ethnicity,Black,White,30-39,2016,-0.148969,0.023676,-0.195375,-0.102562,25633
CPS,race_includehispAIAN,race_includehisp,Race/Ethnicity,AIAN,White,30-39,2016,-0.072709,0.082863,-0.235126,0.089708,25633
CPS,race_includehispAsian,race_includehisp,Race/Ethnicity,Asian,White,30-39,2016,-0.039046,0.023753,-0.085603,0.007511,25633
CPS,race_includehispHispanic,race_includehisp,Race/Ethnicity,Hispanic,White,30-39,2016,-0.052932,0.019947,-0.09203,-0.013834,25633
CPS,race_includehispOther,race_includehisp,Race/Ethnicity,Other,White,30-39,2016,-0.15393,0.064286,-0.279933,-0.027926,25633
CPS,educ_3catHS_SomeColl,educ_3cat,Education,HS_SomeColl,LT_HS,30-39,2016,0.193454,0.026972,0.140587,0.246322,25633
CPS,educ_3catBA_plus,educ_3cat,Education,BA_plus,LT_HS,30-39,2016,0.584441,0.027767,0.530016,0.638866,25633
CPS,sexFemale,sex,Sex,Female,Male,30-39,2017,-0.052422,0.013812,-0.079494,-0.025349,25929
CPS,race_includehispBlack,race_includehisp,Race/Ethnicity,Black,White,30-39,2017,-0.133207,0.023898,-0.180049,-0.086365,25929
CPS,race_includehispAIAN,race_includehisp,Race/Ethnicity,AIAN,White,30-39,2017,-0.423663,0.076317,-0.573249,-0.274077,25929
CPS,race_includehispAsian,race_includehisp,Race/Ethnicity,Asian,White,30-39,2017,0.007444,0.023107,-0.037848,0.052736,25929
CPS,race_includehispHispanic,race_includehisp,Race/Ethnicity,Hispanic,White,30-39,2017,-0.029382,0.02037,-0.069309,0.010546,25929
CPS,race_includehispOther,race_includehisp,Race/Ethnicity,Other,White,30-39,2017,-0.099181,0.054626,-0.20625,0.007888,25929
CPS,educ_3catHS_SomeColl,educ_3cat,Education,HS_SomeColl,LT_HS,30-39,2017,0.207276,0.027845,0.152699,0.261854,25929
CPS,educ_3catBA_plus,educ_3cat,Education,BA_plus,LT_HS,30-39,2017,0.564271,0.028732,0.507955,0.620588,25929
CPS,sexFemale,sex,Sex,Female,Male,30-39,2018,-0.050833,0.013894,-0.078067,-0.023599,24851
CPS,race_includehispBlack,race_includehisp,Race/Ethnicity,Black,White,30-39,2018,-0.166479,0.023313,-0.212173,-0.120785,24851
CPS,race_includehispAIAN,race_includehisp,Race/Ethnicity,AIAN,White,30-39,2018,-0.325746,0.07186,-0.466596,-0.184895,24851
CPS,race_includehispAsian,race_includehisp,Race/Ethnicity,Asian,White,30-39,2018,-0.076243,0.024099,-0.123479,-0.029007,24851
CPS,race_includehispHispanic,race_includehisp,Race/Ethnicity,Hispanic,White,30-39,2018,-0.07576,0.021063,-0.117044,-0.034476,24851
CPS,race_includehispOther,race_includehisp,Race/Ethnicity,Other,White,30-39,2018,-0.126432,0.05558,-0.235373,-0.017492,24851
CPS,educ_3catHS_SomeColl,educ_3cat,Education,HS_SomeColl,LT_HS,30-39,2018,0.23445,0.028374,0.178836,0.290064,24851
CPS,educ_3catBA_plus,educ_3cat,Education,BA_plus,LT_HS,30-39,2018,0.546148,0.028926,0.489452,0.602844,24851
CPS,sexFemale,sex,Sex,Female,Male,30-39,2019,-0.047072,0.014069,-0.074648,-0.019496,25056
CPS,race_includehispBlack,race_includehisp,Race/Ethnicity,Black,White,30-39,2019,-0.203371,0.024259,-0.250921,-0.155822,25056
CPS,race_includehispAIAN,race_includehisp,Race/Ethnicity,AIAN,White,30-39,2019,-0.22245500000000001,0.073779,-0.367066,-0.077843,25056
CPS,race_includehispAsian,race_includehisp,Race/Ethnicity,Asian,White,30-39,2019,-0.033163,0.025323,-0.082797,0.016471,25056
CPS,race_includehispHispanic,race_includehisp,Race/Ethnicity,Hispanic,White,30-39,2019,-0.030516,0.020224,-0.070157,0.009125,25056
CPS,race_includehispOther,race_includehisp,Race/Ethnicity,Other,White,30-39,2019,-0.150231,0.054179,-0.256424,-0.044038,25056
CPS,educ_3catHS_SomeColl,educ_3cat,Education,HS_SomeColl,LT_HS,30-39,2019,0.234416,0.027686,0.18015,0.288682,25056
CPS,educ_3catBA_plus,educ_3cat,Education,BA_plus,LT_HS,30-39,2019,0.573568,0.028422,0.517859,0.629277,25056
CPS,sexFemale,sex,Sex,Female,Male,30-39,2020,-0.031554,0.015103,-0.061157,-0.001951,21612
CPS,race_includehispBlack,race_includehisp,Race/Ethnicity,Black,White,30-39,2020,-0.191936,0.027073,-0.245001,-0.138871,21612
CPS,race_includehispAIAN,race_includehisp,Race/Ethnicity,AIAN,White,30-39,2020,-0.170457,0.089171,-0.345239,0.004325,21612
CPS,race_includehispAsian,race_includehisp,Race/Ethnicity,Asian,White,30-39,2020,-0.041119,0.025759,-0.091608,0.00937,21612
CPS,race_includehispHispanic,race_includehisp,Race/Ethnicity,Hispanic,White,30-39,2020,-0.086327,0.023083,-0.131572,-0.041081,21612
CPS,race_includehispOther,race_includehisp,Race/Ethnicity,Other,White,30-39,2020,-0.139553,0.054857,-0.247076,-0.032029,21612
CPS,educ_3catHS_SomeColl,educ_3cat,Education,HS_SomeColl,LT_HS,30-39,2020,0.289299,0.03491,0.220872,0.357726,21612
CPS,educ_3catBA_plus,educ_3cat,Education,BA_plus,LT_HS,30-39,2020,0.613297,0.03528,0.544145,0.682449,21612
CPS,sexFemale,sex,Sex,Female,Male,30-39,2021,-0.034739,0.014682,-0.063518,-0.005961,22706
CPS,race_includehispBlack,race_includehisp,Race/Ethnicity,Black,White,30-39,2021,-0.181396,0.025784,-0.231934,-0.130857,22706
CPS,race_includehispAIAN,race_includehisp,Race/Ethnicity,AIAN,White,30-39,2021,-0.179338,0.078746,-0.333685,-0.024991,22706
CPS,race_includehispAsian,race_includehisp,Race/Ethnicity,Asian,White,30-39,2021,-0.008961,0.025291,-0.058533,0.040611,22706
CPS,race_includehispHispanic,race_includehisp,Race/Ethnicity,Hispanic,White,30-39,2021,-0.073812,0.020952,-0.114879,-0.032745,22706
CPS,race_includehispOther,race_includehisp,Race/Ethnicity,Other,White,30-39,2021,-0.205699,0.050272,-0.304236,-0.107163,22706
CPS,educ_3catHS_SomeColl,educ_3cat,Education,HS_SomeColl,LT_HS,30-39,2021,0.212839,0.031554,0.150992,0.274686,22706
CPS,educ_3catBA_plus,educ_3cat,Education,BA_plus,LT_HS,30-39,2021,0.523165,0.031999,0.460446,0.585884,22706
CPS,sexFemale,sex,Sex,Female,Male,30-39,2022,-0.06225,0.015641,-0.092908,-0.031593,20950
CPS,race_includehispBlack,race_includehisp,Race/Ethnicity,Black,White,30-39,2022,-0.143469,0.027878,-0.198113,-0.088825,20950
CPS,race_includehispAIAN,race_includehisp,Race/Ethnicity,AIAN,White,30-39,2022,-0.294182,0.093803,-0.478043,-0.110321,20950
CPS,race_includehispAsian,race_includehisp,Race/Ethnicity,Asian,White,30-39,2022,-0.046585,0.025231,-0.09604,0.002869,20950
CPS,race_includehispHispanic,race_includehisp,Race/Ethnicity,Hispanic,White,30-39,2022,-0.039646,0.021723,-0.082224,0.002932,20950
CPS,race_includehispOther,race_includehisp,Race/Ethnicity,Other,White,30-39,2022,-0.207397,0.056239,-0.317629,-0.097165,20950
CPS,educ_3catHS_SomeColl,educ_3cat,Education,HS_SomeColl,LT_HS,30-39,2022,0.223552,0.034278,0.156366,0.290739,20950
CPS,educ_3catBA_plus,educ_3cat,Education,BA_plus,LT_HS,30-39,2022,0.547951,0.03501,0.479329,0.616574,20950
CPS,sexFemale,sex,Sex,Female,Male,30-39,2023,-0.032287,0.015543,-0.062752,-0.001821,19929
CPS,race_includehispBlack,race_includehisp,Race/Ethnicity,Black,White,30-39,2023,-0.060125,0.026197,-0.111473,-0.008777,19929
CPS,race_includehispAIAN,race_includehisp,Race/Ethnicity,AIAN,White,30-39,2023,-0.239433,0.078799,-0.393886,-0.08498,19929
CPS,race_includehispAsian,race_includehisp,Race/Ethnicity,Asian,White,30-39,2023,-0.041047,0.025386,-0.090807,0.008712,19929
CPS,race_includehispHispanic,race_includehisp,Race/Ethnicity,Hispanic,White,30-39,2023,0.002553,0.021216,-0.039032,0.044138,19929
CPS,race_includehispOther,race_includehisp,Race/Ethnicity,Other,White,30-39,2023,-0.125625,0.060577,-0.24436,-0.006889,19929
CPS,educ_3catHS_SomeColl,educ_3cat,Education,HS_SomeColl,LT_HS,30-39,2023,0.179603,0.035245,0.110519,0.248686,19929
CPS,educ_3catBA_plus,educ_3cat,Education,BA_plus,LT_HS,30-39,2023,0.515729,0.035578,0.445993,0.585465,19929
CPS,sexFemale,sex,Sex,Female,Male,30-39,2024,-0.056301,0.01554,-0.086761,-0.02584,19925
CPS,race_includehispBlack,race_includehisp,Race/Ethnicity,Black,White,30-39,2024,-0.102587,0.026896,-0.155304,-0.049869,19925
CPS,race_includehispAIAN,race_includehisp,Race/Ethnicity,AIAN,White,30-39,2024,-0.111847,0.07067,-0.250367,0.026673,19925
CPS,race_includehispAsian,race_includehisp,Race/Ethnicity,Asian,White,30-39,2024,-0.001666,0.024801,-0.050278,0.046945,19925
CPS,race_includehispHispanic,race_includehisp,Race/Ethnicity,Hispanic,White,30-39,2024,-0.030832,0.021122,-0.072233,0.010569,19925
CPS,race_includehispOther,race_includehisp,Race/Ethnicity,Other,White,30-39,2024,-0.163009,0.066207,-0.29278,-0.033239,19925
CPS,educ_3catHS_SomeColl,educ_3cat,Education,HS_SomeColl,LT_HS,30-39,2024,0.171473,0.035013,0.102845,0.240101,19925
CPS,educ_3catBA_plus,educ_3cat,Education,BA_plus,LT_HS,30-39,2024,0.499628,0.035509,0.430028,0.569228,19925
CPS,sexFemale,sex,Sex,Female,Male,30-39,2025,-0.064632,0.015831,-0.095662,-0.033602,19420
CPS,race_includehispBlack,race_includehisp,Race/Ethnicity,Black,White,30-39,2025,-0.128938,0.027097,-0.18205,-0.075826,19420
CPS,race_includehispAIAN,race_includehisp,Race/Ethnicity,AIAN,White,30-39,2025,-0.225828,0.08417,-0.390808,-0.060849,19420
CPS,race_includehispAsian,race_includehisp,Race/Ethnicity,Asian,White,30-39,2025,5.7e-5,0.025229,-0.049393,0.049508,19420
CPS,race_includehispHispanic,race_includehisp,Race/Ethnicity,Hispanic,White,30-39,2025,-0.011845,0.021521,-0.054028,0.030338,19420
CPS,race_includehispOther,race_includehisp,Race/Ethnicity,Other,White,30-39,2025,-0.145678,0.056779,-0.256969,-0.034387,19420
CPS,educ_3catHS_SomeColl,educ_3cat,Education,HS_SomeColl,LT_HS,30-39,2025,0.208029,0.037094,0.135322,0.280737,19420
CPS,educ_3catBA_plus,educ_3cat,Education,BA_plus,LT_HS,30-39,2025,0.554122,0.037416,0.480784,0.62746,19420
CPS,sexFemale,sex,Sex,Female,Male,40-49,1996,-0.039636,0.016723,-0.072414,-0.006858,18430
CPS,race_includehispBlack,race_includehisp,Race/Ethnicity,Black,White,40-49,1996,-0.426979,0.031358,-0.488443,-0.365516,18430
CPS,race_includehispAIAN,race_includehisp,Race/Ethnicity,AIAN,White,40-49,1996,-0.369328,0.090174,-0.546077,-0.19258,18430
CPS,race_includehispHispanic,race_includehisp,Race/Ethnicity,Hispanic,White,40-49,1996,-0.075184,0.03413,-0.142081,-0.008287,18430
CPS,educ_3catHS_SomeColl,educ_3cat,Education,HS_SomeColl,LT_HS,40-49,1996,0.587665,0.032132,0.524684,0.650647,18430
CPS,educ_3catBA_plus,educ_3cat,Education,BA_plus,LT_HS,40-49,1996,0.98156,0.033566,0.915768,1.047352,18430
CPS,sexFemale,sex,Sex,Female,Male,40-49,1997,-0.053533,0.017512,-0.087858,-0.019207,18641
CPS,race_includehispBlack,race_includehisp,Race/Ethnicity,Black,White,40-49,1997,-0.40207,0.032872,-0.46650199999999997,-0.337639,18641
CPS,race_includehispAIAN,race_includehisp,Race/Ethnicity,AIAN,White,40-49,1997,-0.422025,0.094692,-0.60763,-0.236421,18641
CPS,race_includehispHispanic,race_includehisp,Race/Ethnicity,Hispanic,White,40-49,1997,-0.084869,0.03303,-0.14961,-0.020128,18641
CPS,educ_3catHS_SomeColl,educ_3cat,Education,HS_SomeColl,LT_HS,40-49,1997,0.544905,0.032025,0.482133,0.607676,18641
CPS,educ_3catBA_plus,educ_3cat,Education,BA_plus,LT_HS,40-49,1997,0.932441,0.033777,0.866236,0.998646,18641
CPS,sexFemale,sex,Sex,Female,Male,40-49,1998,-0.074232,0.016823,-0.107208,-0.041257,18870
CPS,race_includehispBlack,race_includehisp,Race/Ethnicity,Black,White,40-49,1998,-0.345603,0.029327,-0.403087,-0.28812,18870
CPS,race_includehispAIAN,race_includehisp,Race/Ethnicity,AIAN,White,40-49,1998,-0.287948,0.098451,-0.480921,-0.094976,18870
CPS,race_includehispHispanic,race_includehisp,Race/Ethnicity,Hispanic,White,40-49,1998,-0.078893,0.032752,-0.143089,-0.014697,18870
CPS,educ_3catHS_SomeColl,educ_3cat,Education,HS_SomeColl,LT_HS,40-49,1998,0.499691,0.030279,0.440341,0.559042,18870
CPS,educ_3catBA_plus,educ_3cat,Education,BA_plus,LT_HS,40-49,1998,0.893156,0.032088,0.83026,0.956051,18870
CPS,sexFemale,sex,Sex,Female,Male,40-49,1999,-0.064388,0.016415,-0.096562,-0.032214,19385
CPS,race_includehispBlack,race_includehisp,Race/Ethnicity,Black,White,40-49,1999,-0.33663,0.02886,-0.393198,-0.280061,19385
CPS,race_includehispAIAN,race_includehisp,Race/Ethnicity,AIAN,White,40-49,1999,-0.166451,0.105706,-0.373644,0.040742,19385
CPS,race_includehispHispanic,race_includehisp,Race/Ethnicity,Hispanic,White,40-49,1999,-0.138526,0.030338,-0.197991,-0.07906,19385
CPS,educ_3catHS_SomeColl,educ_3cat,Education,HS_SomeColl,LT_HS,40-49,1999,0.476552,0.031007,0.415777,0.537328,19385
CPS,educ_3catBA_plus,educ_3cat,Education,BA_plus,LT_HS,40-49,1999,0.864372,0.03256,0.800552,0.928191,19385
CPS,sexFemale,sex,Sex,Female,Male,40-49,2000,-0.02864,0.016378,-0.060742,0.003462,19546
CPS,race_includehispBlack,race_includehisp,Race/Ethnicity,Black,White,40-49,2000,-0.370379,0.028463,-0.426168,-0.31459,19546
CPS,race_includehispAIAN,race_includehisp,Race/Ethnicity,AIAN,White,40-49,2000,-0.192655,0.093387,-0.375702,-0.009609,19546
CPS,race_includehispHispanic,race_includehisp,Race/Ethnicity,Hispanic,White,40-49,2000,-0.080814,0.029567,-0.138767,-0.022861,19546
CPS,educ_3catHS_SomeColl,educ_3cat,Education,HS_SomeColl,LT_HS,40-49,2000,0.543408,0.031394,0.481874,0.604943,19546
CPS,educ_3catBA_plus,educ_3cat,Education,BA_plus,LT_HS,40-49,2000,0.935851,0.033119,0.870935,1.000767,19546
CPS,sexFemale,sex,Sex,Female,Male,40-49,2001,-0.070652,0.013313,-0.096747,-0.044558,33518
CPS,race_includehispBlack,race_includehisp,Race/Ethnicity,Black,White,40-49,2001,-0.324634,0.021285,-0.366353,-0.282916,33518
CPS,race_includehispAIAN,race_includehisp,Race/Ethnicity,AIAN,White,40-49,2001,-0.349019,0.067207,-0.480747,-0.21729,33518
CPS,race_includehispHispanic,race_includehisp,Race/Ethnicity,Hispanic,White,40-49,2001,-0.057318,0.026887,-0.110018,-0.004618,33518
CPS,educ_3catHS_SomeColl,educ_3cat,Education,HS_SomeColl,LT_HS,40-49,2001,0.485125,0.025567,0.435012,0.535238,33518
CPS,educ_3catBA_plus,educ_3cat,Education,BA_plus,LT_HS,40-49,2001,0.90736000000000006,0.027062,0.854319,0.960402,33518
CPS,sexFemale,sex,Sex,Female,Male,40-49,2002,-0.037855,0.013484,-0.064284,-0.011426,33474
CPS,race_includehispBlack,race_includehisp,Race/Ethnicity,Black,White,40-49,2002,-0.294916,0.02147,-0.336997,-0.252834,33474
CPS,race_includehispAIAN,race_includehisp,Race/Ethnicity,AIAN,White,40-49,2002,-0.366501,0.067099,-0.498016,-0.234985,33474
CPS,race_includehispHispanic,race_includehisp,Race/Ethnicity,Hispanic,White,40-49,2002,-0.07868,0.025956,-0.129556,-0.027805,33474
CPS,educ_3catHS_SomeColl,educ_3cat,Education,HS_SomeColl,LT_HS,40-49,2002,0.496574,0.026021,0.445571,0.547577,33474
CPS,educ_3catBA_plus,educ_3cat,Education,BA_plus,LT_HS,40-49,2002,0.927752,0.027217,0.874407,0.981098,33474
CPS,sexFemale,sex,Sex,Female,Male,40-49,2003,-0.02648,0.013105,-0.052168,-7.93e-4,35212
CPS,race_includehispBlack,race_includehisp,Race/Ethnicity,Black,White,40-49,2003,-0.309728,0.021699,-0.352258,-0.267197,35212
CPS,race_includehispAIAN,race_includehisp,Race/Ethnicity,AIAN,White,40-49,2003,-0.394774,0.075772,-0.543288,-0.246259,35212
CPS,race_includehispAsian,race_includehisp,Race/Ethnicity,Asian,White,40-49,2003,-0.070733,0.031705,-0.132875,-0.008591,35212
CPS,race_includehispHispanic,race_includehisp,Race/Ethnicity,Hispanic,White,40-49,2003,-0.050616,0.025217,-0.100042,-0.001189,35212
CPS,race_includehispOther,race_includehisp,Race/Ethnicity,Other,White,40-49,2003,-0.300488,0.05979,-0.417678,-0.183298,35212
CPS,educ_3catHS_SomeColl,educ_3cat,Education,HS_SomeColl,LT_HS,40-49,2003,0.447753,0.025202,0.398356,0.49715,35212
CPS,educ_3catBA_plus,educ_3cat,Education,BA_plus,LT_HS,40-49,2003,0.844137,0.026377,0.792437,0.895838,35212
CPS,sexFemale,sex,Sex,Female,Male,40-49,2004,-0.042018,0.013457,-0.068395,-0.015642,34694
CPS,race_includehispBlack,race_includehisp,Race/Ethnicity,Black,White,40-49,2004,-0.287451,0.02199,-0.330552,-0.244351,34694
CPS,race_includehispAIAN,race_includehisp,Race/Ethnicity,AIAN,White,40-49,2004,-0.326481,0.072089,-0.467777,-0.185185,34694
CPS,race_includehispAsian,race_includehisp,Race/Ethnicity,Asian,White,40-49,2004,-0.09859,0.029216,-0.155854,-0.041326,34694
CPS,race_includehispHispanic,race_includehisp,Race/Ethnicity,Hispanic,White,40-49,2004,-0.041803,0.025631,-0.092042,0.008435,34694
CPS,race_includehispOther,race_includehisp,Race/Ethnicity,Other,White,40-49,2004,-0.182499,0.059847,-0.299801,-0.065197,34694
CPS,educ_3catHS_SomeColl,educ_3cat,Education,HS_SomeColl,LT_HS,40-49,2004,0.489067,0.025862,0.438377,0.539757,34694
CPS,educ_3catBA_plus,educ_3cat,Education,BA_plus,LT_HS,40-49,2004,0.870899,0.02716,0.817665,0.924134,34694
CPS,sexFemale,sex,Sex,Female,Male,40-49,2005,-0.047474,0.013323,-0.073587,-0.02136,33540
CPS,race_includehispBlack,race_includehisp,Race/Ethnicity,Black,White,40-49,2005,-0.282485,0.022481,-0.326548,-0.238422,33540
CPS,race_includehispAIAN,race_includehisp,Race/Ethnicity,AIAN,White,40-49,2005,-0.334928,0.081271,-0.494222,-0.175635,33540
CPS,race_includehispAsian,race_includehisp,Race/Ethnicity,Asian,White,40-49,2005,-0.124102,0.030508,-0.1839,-0.064305,33540
CPS,race_includehispHispanic,race_includehisp,Race/Ethnicity,Hispanic,White,40-49,2005,-0.039961000000000003,0.024655,-0.088286,0.008364,33540
CPS,race_includehispOther,race_includehisp,Race/Ethnicity,Other,White,40-49,2005,-0.210468,0.059663,-0.327409,-0.093527,33540
CPS,educ_3catHS_SomeColl,educ_3cat,Education,HS_SomeColl,LT_HS,40-49,2005,0.469013,0.024878,0.420252,0.517775,33540
CPS,educ_3catBA_plus,educ_3cat,Education,BA_plus,LT_HS,40-49,2005,0.867135,0.02613,0.81592,0.918351,33540
CPS,sexFemale,sex,Sex,Female,Male,40-49,2006,-0.050529,0.013377,-0.076749,-0.02431,32950
CPS,race_includehispBlack,race_includehisp,Race/Ethnicity,Black,White,40-49,2006,-0.258111,0.021765,-0.300771,-0.21545,32950
CPS,race_includehispAIAN,race_includehisp,Race/Ethnicity,AIAN,White,40-49,2006,-0.232039,0.081075,-0.390948,-0.07313,32950
CPS,race_includehispAsian,race_includehisp,Race/Ethnicity,Asian,White,40-49,2006,-0.100465,0.030927,-0.161084,-0.039847,32950
CPS,race_includehispHispanic,race_includehisp,Race/Ethnicity,Hispanic,White,40-49,2006,-0.044383,0.023746,-0.090927,0.002161,32950
CPS,race_includehispOther,race_includehisp,Race/Ethnicity,Other,White,40-49,2006,-0.347405,0.059844,-0.464701,-0.230109,32950
CPS,educ_3catHS_SomeColl,educ_3cat,Education,HS_SomeColl,LT_HS,40-49,2006,0.423871,0.025886,0.373134,0.474608,32950
CPS,educ_3catBA_plus,educ_3cat,Education,BA_plus,LT_HS,40-49,2006,0.830797,0.027085,0.777709,0.883884,32950
CPS,sexFemale,sex,Sex,Female,Male,40-49,2007,-0.059824,0.013655,-0.086587,-0.03306,32230
CPS,race_includehispBlack,race_includehisp,Race/Ethnicity,Black,White,40-49,2007,-0.202393,0.021566,-0.244664,-0.160122,32230
CPS,race_includehispAIAN,race_includehisp,Race/Ethnicity,AIAN,White,40-49,2007,-0.366711,0.082425,-0.528267,-0.205156,32230
CPS,race_includehispAsian,race_includehisp,Race/Ethnicity,Asian,White,40-49,2007,-0.047893,0.031223,-0.109091,0.013306,32230
CPS,race_includehispHispanic,race_includehisp,Race/Ethnicity,Hispanic,White,40-49,2007,-0.044258,0.023622,-0.090557,0.002041,32230
CPS,race_includehispOther,race_includehisp,Race/Ethnicity,Other,White,40-49,2007,-0.167693,0.069197,-0.303322,-0.032064,32230
CPS,educ_3catHS_SomeColl,educ_3cat,Education,HS_SomeColl,LT_HS,40-49,2007,0.440334,0.02625,0.388882,0.49178500000000003,32230
CPS,educ_3catBA_plus,educ_3cat,Education,BA_plus,LT_HS,40-49,2007,0.8477,0.02735,0.794093,0.901308,32230
CPS,sexFemale,sex,Sex,Female,Male,40-49,2008,-0.036101,0.013777,-0.063104,-0.009098,31697
CPS,race_includehispBlack,race_includehisp,Race/Ethnicity,Black,White,40-49,2008,-0.21515,0.022496,-0.259243,-0.171056,31697
CPS,race_includehispAIAN,race_includehisp,Race/Ethnicity,AIAN,White,40-49,2008,-0.240216,0.081125,-0.399223,-0.081208,31697
CPS,race_includehispAsian,race_includehisp,Race/Ethnicity,Asian,White,40-49,2008,-0.003999,0.030287,-0.063363,0.055365,31697
CPS,race_includehispHispanic,race_includehisp,Race/Ethnicity,Hispanic,White,40-49,2008,0.002836,0.023924,-0.044056,0.049728,31697
CPS,race_includehispOther,race_includehisp,Race/Ethnicity,Other,White,40-49,2008,-0.195396,0.064816,-0.322439,-0.068354,31697
CPS,educ_3catHS_SomeColl,educ_3cat,Education,HS_SomeColl,LT_HS,40-49,2008,0.477216,0.026484,0.425307,0.529126,31697
CPS,educ_3catBA_plus,educ_3cat,Education,BA_plus,LT_HS,40-49,2008,0.906301,0.027531,0.852339,0.960263,31697
CPS,sexFemale,sex,Sex,Female,Male,40-49,2009,-0.029914,0.013944,-0.057244,-0.002584,31618
CPS,race_includehispBlack,race_includehisp,Race/Ethnicity,Black,White,40-49,2009,-0.235848,0.022712,-0.280364,-0.191332,31618
CPS,race_includehispAIAN,race_includehisp,Race/Ethnicity,AIAN,White,40-49,2009,-0.365557,0.084841,-0.531849,-0.199265,31618
CPS,race_includehispAsian,race_includehisp,Race/Ethnicity,Asian,White,40-49,2009,-0.036718,0.028395,-0.092374,0.018938,31618
CPS,race_includehispHispanic,race_includehisp,Race/Ethnicity,Hispanic,White,40-49,2009,-0.055192,0.02551,-0.105192,-0.005191,31618
CPS,race_includehispOther,race_includehisp,Race/Ethnicity,Other,White,40-49,2009,-0.196012,0.063483,-0.320441,-0.071582,31618
CPS,educ_3catHS_SomeColl,educ_3cat,Education,HS_SomeColl,LT_HS,40-49,2009,0.446335,0.027394,0.392641,0.500028,31618
CPS,educ_3catBA_plus,educ_3cat,Education,BA_plus,LT_HS,40-49,2009,0.906069,0.028484,0.850238,0.961899,31618
CPS,sexFemale,sex,Sex,Female,Male,40-49,2010,-0.047621,0.013573,-0.074225,-0.021017,31260
CPS,race_includehispBlack,race_includehisp,Race/Ethnicity,Black,White,40-49,2010,-0.230971,0.022741,-0.275544,-0.186399,31260
CPS,race_includehispAIAN,race_includehisp,Race/Ethnicity,AIAN,White,40-49,2010,-0.042915,0.082104,-0.203842,0.118011,31260
CPS,race_includehispAsian,race_includehisp,Race/Ethnicity,Asian,White,40-49,2010,-0.071381,0.027257,-0.124806,-0.017957,31260
CPS,race_includehispHispanic,race_includehisp,Race/Ethnicity,Hispanic,White,40-49,2010,-0.095965,0.022565,-0.140193,-0.051737,31260
CPS,race_includehispOther,race_includehisp,Race/Ethnicity,Other,White,40-49,2010,-0.126481,0.058235,-0.240623,-0.012338,31260
CPS,educ_3catHS_SomeColl,educ_3cat,Education,HS_SomeColl,LT_HS,40-49,2010,0.399463,0.025567,0.349351,0.449575,31260
CPS,educ_3catBA_plus,educ_3cat,Education,BA_plus,LT_HS,40-49,2010,0.861978,0.026688,0.809668,0.914287,31260
CPS,sexFemale,sex,Sex,Female,Male,40-49,2011,-0.055365,0.013944,-0.082695,-0.028034,30146
CPS,race_includehispBlack,race_includehisp,Race/Ethnicity,Black,White,40-49,2011,-0.199648,0.022621,-0.243987,-0.15531,30146
CPS,race_includehispAIAN,race_includehisp,Race/Ethnicity,AIAN,White,40-49,2011,-0.408125,0.07581,-0.556715,-0.259535,30146
CPS,race_includehispAsian,race_includehisp,Race/Ethnicity,Asian,White,40-49,2011,-0.056762,0.027061,-0.109802,-0.003722,30146
CPS,race_includehispHispanic,race_includehisp,Race/Ethnicity,Hispanic,White,40-49,2011,-0.070583,0.023069,-0.115798,-0.025367,30146
CPS,race_includehispOther,race_includehisp,Race/Ethnicity,Other,White,40-49,2011,-0.110671,0.058607,-0.225544,0.004201,30146
CPS,educ_3catHS_SomeColl,educ_3cat,Education,HS_SomeColl,LT_HS,40-49,2011,0.352709,0.026607,0.300557,0.40486,30146
CPS,educ_3catBA_plus,educ_3cat,Education,BA_plus,LT_HS,40-49,2011,0.791393,0.027574,0.737347,0.845439,30146
CPS,sexFemale,sex,Sex,Female,Male,40-49,2012,-0.062059,0.014275,-0.090038000000000007,-0.03408,28992
CPS,race_includehispBlack,race_includehisp,Race/Ethnicity,Black,White,40-49,2012,-0.238922,0.023151,-0.284299,-0.193546,28992
CPS,race_includehispAIAN,race_includehisp,Race/Ethnicity,AIAN,White,40-49,2012,-0.355208,0.085603,-0.522993,-0.187422,28992
CPS,race_includehispAsian,race_includehisp,Race/Ethnicity,Asian,White,40-49,2012,-0.11437,0.027242,-0.167765,-0.060974,28992
CPS,race_includehispHispanic,race_includehisp,Race/Ethnicity,Hispanic,White,40-49,2012,-0.060884,0.023094,-0.106149,-0.015619,28992
CPS,race_includehispOther,race_includehisp,Race/Ethnicity,Other,White,40-49,2012,-0.268336,0.073532,-0.412463,-0.12421,28992
CPS,educ_3catHS_SomeColl,educ_3cat,Education,HS_SomeColl,LT_HS,40-49,2012,0.392043,0.02748,0.33818,0.445905,28992
CPS,educ_3catBA_plus,educ_3cat,Education,BA_plus,LT_HS,40-49,2012,0.810689,0.028462,0.754902,0.866476,28992
CPS,sexFemale,sex,Sex,Female,Male,40-49,2013,-0.065202,0.014148,-0.092933,-0.03747,28924
CPS,race_includehispBlack,race_includehisp,Race/Ethnicity,Black,White,40-49,2013,-0.169787,0.022671,-0.214223,-0.125351,28924
CPS,race_includehispAIAN,race_includehisp,Race/Ethnicity,AIAN,White,40-49,2013,-0.244284,0.085537,-0.411939,-0.076628,28924
CPS,race_includehispAsian,race_includehisp,Race/Ethnicity,Asian,White,40-49,2013,-0.062104,0.026927,-0.114881,-0.009327,28924
CPS,race_includehispHispanic,race_includehisp,Race/Ethnicity,Hispanic,White,40-49,2013,-0.03158,0.022249,-0.07519,0.012031,28924
CPS,race_includehispOther,race_includehisp,Race/Ethnicity,Other,White,40-49,2013,-0.143041,0.067354,-0.275057,-0.011025,28924
CPS,educ_3catHS_SomeColl,educ_3cat,Education,HS_SomeColl,LT_HS,40-49,2013,0.42499,0.027938,0.370231,0.47975,28924
CPS,educ_3catBA_plus,educ_3cat,Education,BA_plus,LT_HS,40-49,2013,0.844327,0.028939,0.787606,0.901049,28924
CPS,sexFemale,sex,Sex,Female,Male,40-49,2014,-0.049968,0.016147,-0.081617,-0.01832,27613
CPS,race_includehispBlack,race_includehisp,Race/Ethnicity,Black,White,40-49,2014,-0.159108,0.025342,-0.20878,-0.109436,27613
CPS,race_includehispAIAN,race_includehisp,Race/Ethnicity,AIAN,White,40-49,2014,-0.209367,0.089794,-0.385369,-0.033365,27613
CPS,race_includehispAsian,race_includehisp,Race/Ethnicity,Asian,White,40-49,2014,-0.039374,0.030546,-0.099245,0.020498,27613
CPS,race_includehispHispanic,race_includehisp,Race/Ethnicity,Hispanic,White,40-49,2014,-0.011767,0.027262,-0.065201,0.041668,27613
CPS,race_includehispOther,race_includehisp,Race/Ethnicity,Other,White,40-49,2014,-0.288597,0.073924,-0.433491,-0.143702,27613
CPS,educ_3catHS_SomeColl,educ_3cat,Education,HS_SomeColl,LT_HS,40-49,2014,0.38562,0.032033,0.322833,0.448407,27613
CPS,educ_3catBA_plus,educ_3cat,Education,BA_plus,LT_HS,40-49,2014,0.82575,0.032934,0.761197,0.890303,27613
CPS,sexFemale,sex,Sex,Female,Male,40-49,2015,-0.040827,0.014509,-0.069266,-0.012389,26733
CPS,race_includehispBlack,race_includehisp,Race/Ethnicity,Black,White,40-49,2015,-0.174255,0.023757,-0.22082,-0.127691,26733
CPS,race_includehispAIAN,race_includehisp,Race/Ethnicity,AIAN,White,40-49,2015,-0.330055,0.075221,-0.477493,-0.182618,26733
CPS,race_includehispAsian,race_includehisp,Race/Ethnicity,Asian,White,40-49,2015,-0.040904,0.025957,-0.091782,0.009974,26733
CPS,race_includehispHispanic,race_includehisp,Race/Ethnicity,Hispanic,White,40-49,2015,-0.002419,0.022679,-0.046872,0.042034,26733
CPS,race_includehispOther,race_includehisp,Race/Ethnicity,Other,White,40-49,2015,-0.26223,0.069917000000000007,-0.399272,-0.125188,26733
CPS,educ_3catHS_SomeColl,educ_3cat,Education,HS_SomeColl,LT_HS,40-49,2015,0.322656,0.028161,0.267459,0.377854,26733
CPS,educ_3catBA_plus,educ_3cat,Education,BA_plus,LT_HS,40-49,2015,0.758962,0.029067,0.701988,0.815935,26733
CPS,sexFemale,sex,Sex,Female,Male,40-49,2016,-0.037339,0.015268,-0.067264,-0.007413,24789
CPS,race_includehispBlack,race_includehisp,Race/Ethnicity,Black,White,40-49,2016,-0.139483,0.024961,-0.188408,-0.090558,24789
CPS,race_includehispAIAN,race_includehisp,Race/Ethnicity,AIAN,White,40-49,2016,-0.354156,0.097703,-0.545661,-0.162652,24789
CPS,race_includehispAsian,race_includehisp,Race/Ethnicity,Asian,White,40-49,2016,-0.007546,0.026598,-0.05968,0.044588,24789
CPS,race_includehispHispanic,race_includehisp,Race/Ethnicity,Hispanic,White,40-49,2016,0.013838,0.024289,-0.033771,0.061447,24789
CPS,race_includehispOther,race_includehisp,Race/Ethnicity,Other,White,40-49,2016,-0.147936,0.07067,-0.286454,-0.009418,24789
CPS,educ_3catHS_SomeColl,educ_3cat,Education,HS_SomeColl,LT_HS,40-49,2016,0.254859,0.030376,0.195321,0.314398,24789
CPS,educ_3catBA_plus,educ_3cat,Education,BA_plus,LT_HS,40-49,2016,0.656087,0.031212,0.594908,0.717265,24789
CPS,sexFemale,sex,Sex,Female,Male,40-49,2017,-0.053283,0.014899,-0.082485,-0.024081,24616
CPS,race_includehispBlack,race_includehisp,Race/Ethnicity,Black,White,40-49,2017,-0.155623,0.025267,-0.205149,-0.106097,24616
CPS,race_includehispAIAN,race_includehisp,Race/Ethnicity,AIAN,White,40-49,2017,-0.411394,0.080921,-0.570003,-0.252785,24616
CPS,race_includehispAsian,race_includehisp,Race/Ethnicity,Asian,White,40-49,2017,0.004378,0.025517,-0.045637,0.054394,24616
CPS,race_includehispHispanic,race_includehisp,Race/Ethnicity,Hispanic,White,40-49,2017,0.040378,0.023113,-0.004925,0.08568,24616
CPS,race_includehispOther,race_includehisp,Race/Ethnicity,Other,White,40-49,2017,-0.06434,0.071197,-0.20389,0.075211,24616
CPS,educ_3catHS_SomeColl,educ_3cat,Education,HS_SomeColl,LT_HS,40-49,2017,0.256765,0.029852,0.198253,0.315278,24616
CPS,educ_3catBA_plus,educ_3cat,Education,BA_plus,LT_HS,40-49,2017,0.680596,0.030675,0.620471,0.740722,24616
CPS,sexFemale,sex,Sex,Female,Male,40-49,2018,-0.072595,0.015226,-0.102439,-0.04275,23816
CPS,race_includehispBlack,race_includehisp,Race/Ethnicity,Black,White,40-49,2018,-0.156165,0.026061,-0.207246,-0.105083,23816
CPS,race_includehispAIAN,race_includehisp,Race/Ethnicity,AIAN,White,40-49,2018,-0.147993,0.080689,-0.306149,0.010162,23816
CPS,race_includehispAsian,race_includehisp,Race/Ethnicity,Asian,White,40-49,2018,0.046556,0.02663,-0.00564,0.098753,23816
CPS,race_includehispHispanic,race_includehisp,Race/Ethnicity,Hispanic,White,40-49,2018,0.045414,0.022449,0.001413,0.089415,23816
CPS,race_includehispOther,race_includehisp,Race/Ethnicity,Other,White,40-49,2018,-0.146327,0.065708,-0.275119,-0.017534,23816
CPS,educ_3catHS_SomeColl,educ_3cat,Education,HS_SomeColl,LT_HS,40-49,2018,0.28265,0.029555,0.22472,0.34058,23816
CPS,educ_3catBA_plus,educ_3cat,Education,BA_plus,LT_HS,40-49,2018,0.669129,0.030505,0.609337,0.728921,23816
CPS,sexFemale,sex,Sex,Female,Male,40-49,2019,-0.068794,0.015436,-0.09905,-0.038538,23614
CPS,race_includehispBlack,race_includehisp,Race/Ethnicity,Black,White,40-49,2019,-0.143797,0.026444,-0.195629,-0.091966,23614
CPS,race_includehispAIAN,race_includehisp,Race/Ethnicity,AIAN,White,40-49,2019,-0.282208,0.081642,-0.442231,-0.122185,23614
CPS,race_includehispAsian,race_includehisp,Race/Ethnicity,Asian,White,40-49,2019,0.051685,0.026519,-2.94e-4,0.103664,23614
CPS,race_includehispHispanic,race_includehisp,Race/Ethnicity,Hispanic,White,40-49,2019,-0.019198,0.022575,-0.063446,0.025051,23614
CPS,race_includehispOther,race_includehisp,Race/Ethnicity,Other,White,40-49,2019,-0.112413,0.061776,-0.233499,0.008672,23614
CPS,educ_3catHS_SomeColl,educ_3cat,Education,HS_SomeColl,LT_HS,40-49,2019,0.201594,0.02994,0.14291,0.260278,23614
CPS,educ_3catBA_plus,educ_3cat,Education,BA_plus,LT_HS,40-49,2019,0.578869,0.03091,0.518283,0.639454,23614
CPS,sexFemale,sex,Sex,Female,Male,40-49,2020,-0.040165,0.01657,-0.072643,-0.007687,20259
CPS,race_includehispBlack,race_includehisp,Race/Ethnicity,Black,White,40-49,2020,-0.182067,0.028589,-0.238104,-0.126031,20259
CPS,race_includehispAIAN,race_includehisp,Race/Ethnicity,AIAN,White,40-49,2020,-0.105059,0.083387,-0.268505,0.058387,20259
CPS,race_includehispAsian,race_includehisp,Race/Ethnicity,Asian,White,40-49,2020,0.042427,0.027153,-0.010795,0.095649,20259
CPS,race_includehispHispanic,race_includehisp,Race/Ethnicity,Hispanic,White,40-49,2020,-0.01482,0.02497,-0.063764,0.034123,20259
CPS,race_includehispOther,race_includehisp,Race/Ethnicity,Other,White,40-49,2020,-0.231574,0.071625,-0.371965,-0.091182,20259
CPS,educ_3catHS_SomeColl,educ_3cat,Education,HS_SomeColl,LT_HS,40-49,2020,0.260037,0.032787,0.195771,0.324302,20259
CPS,educ_3catBA_plus,educ_3cat,Education,BA_plus,LT_HS,40-49,2020,0.633488,0.033504,0.567818,0.699159,20259
CPS,sexFemale,sex,Sex,Female,Male,40-49,2021,-0.083069,0.015935,-0.114304,-0.051835,21197
CPS,race_includehispBlack,race_includehisp,Race/Ethnicity,Black,White,40-49,2021,-0.187301,0.026237,-0.238727,-0.135876,21197
CPS,race_includehispAIAN,race_includehisp,Race/Ethnicity,AIAN,White,40-49,2021,-0.326719,0.084943,-0.493214,-0.160223,21197
CPS,race_includehispAsian,race_includehisp,Race/Ethnicity,Asian,White,40-49,2021,0.005431,0.027771,-0.049002,0.059865,21197
CPS,race_includehispHispanic,race_includehisp,Race/Ethnicity,Hispanic,White,40-49,2021,-0.046646,0.023404,-0.092519,-7.73e-4,21197
CPS,race_includehispOther,race_includehisp,Race/Ethnicity,Other,White,40-49,2021,-0.040459,0.071202,-0.180021,0.099103,21197
CPS,educ_3catHS_SomeColl,educ_3cat,Education,HS_SomeColl,LT_HS,40-49,2021,0.22816,0.031932,0.165571,0.29075,21197
CPS,educ_3catBA_plus,educ_3cat,Education,BA_plus,LT_HS,40-49,2021,0.607683,0.032739,0.543512,0.671854,21197
CPS,sexFemale,sex,Sex,Female,Male,40-49,2022,-0.061092,0.01619,-0.092825,-0.029359,19950
CPS,race_includehispBlack,race_includehisp,Race/Ethnicity,Black,White,40-49,2022,-0.180597,0.027747,-0.234983,-0.12621,19950
CPS,race_includehispAIAN,race_includehisp,Race/Ethnicity,AIAN,White,40-49,2022,-0.208297,0.078696,-0.362547,-0.054047,19950
CPS,race_includehispAsian,race_includehisp,Race/Ethnicity,Asian,White,40-49,2022,-0.04865,0.027108,-0.101784,0.004484,19950
CPS,race_includehispHispanic,race_includehisp,Race/Ethnicity,Hispanic,White,40-49,2022,-0.030478,0.023399,-0.076342,0.015386,19950
CPS,race_includehispOther,race_includehisp,Race/Ethnicity,Other,White,40-49,2022,-0.168702,0.071617,-0.309077,-0.028326,19950
CPS,educ_3catHS_SomeColl,educ_3cat,Education,HS_SomeColl,LT_HS,40-49,2022,0.258105,0.031685,0.196001,0.32021,19950
CPS,educ_3catBA_plus,educ_3cat,Education,BA_plus,LT_HS,40-49,2022,0.626616,0.032455,0.563001,0.690231,19950
CPS,sexFemale,sex,Sex,Female,Male,40-49,2023,-0.088799,0.0164,-0.120944,-0.056654,19065
CPS,race_includehispBlack,race_includehisp,Race/Ethnicity,Black,White,40-49,2023,-0.089573,0.028373,-0.145186,-0.033959,19065
CPS,race_includehispAIAN,race_includehisp,Race/Ethnicity,AIAN,White,40-49,2023,-0.234429,0.086184,-0.403357,-0.065502,19065
CPS,race_includehispAsian,race_includehisp,Race/Ethnicity,Asian,White,40-49,2023,-0.012663,0.026675,-0.064949,0.039623,19065
CPS,race_includehispHispanic,race_includehisp,Race/Ethnicity,Hispanic,White,40-49,2023,-0.045481,0.024437,-0.09338,0.002417,19065
CPS,race_includehispOther,race_includehisp,Race/Ethnicity,Other,White,40-49,2023,-0.035834,0.068728,-0.170547,0.098878,19065
CPS,educ_3catHS_SomeColl,educ_3cat,Education,HS_SomeColl,LT_HS,40-49,2023,0.1908,0.033171,0.125782,0.255818,19065
CPS,educ_3catBA_plus,educ_3cat,Education,BA_plus,LT_HS,40-49,2023,0.524271,0.033531,0.458548,0.589995,19065
CPS,sexFemale,sex,Sex,Female,Male,40-49,2024,-0.076067,0.016227,-0.107873,-0.04426,19046
CPS,race_includehispBlack,race_includehisp,Race/Ethnicity,Black,White,40-49,2024,-0.133592,0.02816,-0.188787,-0.078397,19046
CPS,race_includehispAIAN,race_includehisp,Race/Ethnicity,AIAN,White,40-49,2024,-0.036947,0.087641,-0.208732,0.134838,19046
CPS,race_includehispAsian,race_includehisp,Race/Ethnicity,Asian,White,40-49,2024,-0.07104,0.027976,-0.125876,-0.016204,19046
CPS,race_includehispHispanic,race_includehisp,Race/Ethnicity,Hispanic,White,40-49,2024,-0.016711,0.02378,-0.063323,0.0299,19046
CPS,race_includehispOther,race_includehisp,Race/Ethnicity,Other,White,40-49,2024,-0.178154,0.076647,-0.328388,-0.027919,19046
CPS,educ_3catHS_SomeColl,educ_3cat,Education,HS_SomeColl,LT_HS,40-49,2024,0.171766,0.033126,0.106836,0.236696,19046
CPS,educ_3catBA_plus,educ_3cat,Education,BA_plus,LT_HS,40-49,2024,0.554832,0.033779000000000003,0.488623,0.62104,19046
CPS,sexFemale,sex,Sex,Female,Male,40-49,2025,-0.071496,0.016653,-0.104138,-0.038854,19092
CPS,race_includehispBlack,race_includehisp,Race/Ethnicity,Black,White,40-49,2025,-0.1591,0.030102,-0.218103,-0.100097,19092
CPS,race_includehispAIAN,race_includehisp,Race/Ethnicity,AIAN,White,40-49,2025,-0.109903,0.077388,-0.261591,0.041784,19092
CPS,race_includehispAsian,race_includehisp,Race/Ethnicity,Asian,White,40-49,2025,0.013332,0.027594,-0.040756,0.067419,19092
CPS,race_includehispHispanic,race_includehisp,Race/Ethnicity,Hispanic,White,40-49,2025,-0.015282,0.02459,-0.063481,0.032916,19092
CPS,race_includehispOther,race_includehisp,Race/Ethnicity,Other,White,40-49,2025,-0.104112,0.06485,-0.231223,0.023,19092
CPS,educ_3catHS_SomeColl,educ_3cat,Education,HS_SomeColl,LT_HS,40-49,2025,0.216836,0.034814,0.148598,0.285074,19092
CPS,educ_3catBA_plus,educ_3cat,Education,BA_plus,LT_HS,40-49,2025,0.555933,0.035011,0.487308,0.624557,19092
CPS,sexFemale,sex,Sex,Female,Male,50-59,1996,-0.08068,0.022609,-0.124997,-0.036363,11860
CPS,race_includehispBlack,race_includehisp,Race/Ethnicity,Black,White,50-59,1996,-0.480794,0.040357,-0.5599,-0.401688,11860
CPS,race_includehispAIAN,race_includehisp,Race/Ethnicity,AIAN,White,50-59,1996,-0.422716,0.134622,-0.686598,-0.158834,11860
CPS,race_includehispHispanic,race_includehisp,Race/Ethnicity,Hispanic,White,50-59,1996,-0.044911,0.046163,-0.135398,0.045575,11860
CPS,educ_3catHS_SomeColl,educ_3cat,Education,HS_SomeColl,LT_HS,50-59,1996,0.681992,0.033167,0.616979,0.747005,11860
CPS,educ_3catBA_plus,educ_3cat,Education,BA_plus,LT_HS,50-59,1996,1.060906,0.037645,0.987115,1.134696,11860
CPS,sexFemale,sex,Sex,Female,Male,50-59,1997,-0.043338,0.022066,-0.08659,-8.6e-5,12548
CPS,race_includehispBlack,race_includehisp,Race/Ethnicity,Black,White,50-59,1997,-0.422167,0.040988,-0.502509,-0.341825,12548
CPS,race_includehispAIAN,race_includehisp,Race/Ethnicity,AIAN,White,50-59,1997,-0.41286,0.128907,-0.665538,-0.160182,12548
CPS,race_includehispHispanic,race_includehisp,Race/Ethnicity,Hispanic,White,50-59,1997,-0.084056,0.045016,-0.172294,0.004182,12548
CPS,educ_3catHS_SomeColl,educ_3cat,Education,HS_SomeColl,LT_HS,50-59,1997,0.622825,0.034486,0.555227,0.690424,12548
CPS,educ_3catBA_plus,educ_3cat,Education,BA_plus,LT_HS,50-59,1997,1.064385,0.037986,0.989926,1.138844,12548
CPS,sexFemale,sex,Sex,Female,Male,50-59,1998,-0.054368,0.021249,-0.096019,-0.012718,13216
CPS,race_includehispBlack,race_includehisp,Race/Ethnicity,Black,White,50-59,1998,-0.417205,0.039287,-0.494212,-0.340197,13216
CPS,race_includehispAIAN,race_includehisp,Race/Ethnicity,AIAN,White,50-59,1998,-0.531122,0.119239,-0.764847,-0.297397,13216
CPS,race_includehispHispanic,race_includehisp,Race/Ethnicity,Hispanic,White,50-59,1998,-0.094187,0.042699,-0.177883,-0.010491,13216
CPS,educ_3catHS_SomeColl,educ_3cat,Education,HS_SomeColl,LT_HS,50-59,1998,0.624092,0.033372,0.558679,0.689506,13216
CPS,educ_3catBA_plus,educ_3cat,Education,BA_plus,LT_HS,50-59,1998,1.05497,0.035992,0.98442,1.125519,13216
CPS,sexFemale,sex,Sex,Female,Male,50-59,1999,-0.044377,0.021027,-0.085593,-0.00316,13574
CPS,race_includehispBlack,race_includehisp,Race/Ethnicity,Black,White,50-59,1999,-0.400107,0.038239,-0.47506,-0.325154,13574
CPS,race_includehispAIAN,race_includehisp,Race/Ethnicity,AIAN,White,50-59,1999,-0.288841,0.119752,-0.523571,-0.05411,13574
CPS,race_includehispHispanic,race_includehisp,Race/Ethnicity,Hispanic,White,50-59,1999,-0.132009,0.043076,-0.216444,-0.047574,13574
CPS,educ_3catHS_SomeColl,educ_3cat,Education,HS_SomeColl,LT_HS,50-59,1999,0.58645,0.035246,0.517364,0.655537,13574
CPS,educ_3catBA_plus,educ_3cat,Education,BA_plus,LT_HS,50-59,1999,1.011374,0.037837,0.937209,1.085539,13574
CPS,sexFemale,sex,Sex,Female,Male,50-59,2000,-0.040684,0.020837,-0.081527,1.58e-4,14239
CPS,race_includehispBlack,race_includehisp,Race/Ethnicity,Black,White,50-59,2000,-0.309817,0.037726,-0.383765,-0.235869,14239
CPS,race_includehispAIAN,race_includehisp,Race/Ethnicity,AIAN,White,50-59,2000,-0.243261,0.120394,-0.479249,-0.007272,14239
CPS,race_includehispHispanic,race_includehisp,Race/Ethnicity,Hispanic,White,50-59,2000,-0.014492,0.039085,-0.091103,0.062119,14239
CPS,educ_3catHS_SomeColl,educ_3cat,Education,HS_SomeColl,LT_HS,50-59,2000,0.569325,0.034873,0.500969,0.63768,14239
CPS,educ_3catBA_plus,educ_3cat,Education,BA_plus,LT_HS,50-59,2000,1.016616,0.037299,0.943505,1.089728,14239
CPS,sexFemale,sex,Sex,Female,Male,50-59,2001,-0.029883,0.018251,-0.065657,0.005891,20416
CPS,race_includehispBlack,race_includehisp,Race/Ethnicity,Black,White,50-59,2001,-0.344461,0.027206,-0.397787,-0.291135,20416
CPS,race_includehispAIAN,race_includehisp,Race/Ethnicity,AIAN,White,50-59,2001,-0.391097,0.089586,-0.566692,-0.215502,20416
CPS,race_includehispHispanic,race_includehisp,Race/Ethnicity,Hispanic,White,50-59,2001,-0.016911,0.035994,-0.087461,0.053639,20416
CPS,educ_3catHS_SomeColl,educ_3cat,Education,HS_SomeColl,LT_HS,50-59,2001,0.617783,0.030977,0.557066,0.678501,20416
CPS,educ_3catBA_plus,educ_3cat,Education,BA_plus,LT_HS,50-59,2001,1.126757,0.032982,1.06211,1.191403,20416
CPS,sexFemale,sex,Sex,Female,Male,50-59,2002,-0.016914,0.017668,-0.051544,0.017717,21224
CPS,race_includehispBlack,race_includehisp,Race/Ethnicity,Black,White,50-59,2002,-0.361585,0.026925,-0.41436,-0.30881,21224
CPS,race_includehispAIAN,race_includehisp,Race/Ethnicity,AIAN,White,50-59,2002,-0.38731,0.096381,-0.576225,-0.198396,21224
CPS,race_includehispHispanic,race_includehisp,Race/Ethnicity,Hispanic,White,50-59,2002,-0.099994,0.035203,-0.168994,-0.030994,21224
CPS,educ_3catHS_SomeColl,educ_3cat,Education,HS_SomeColl,LT_HS,50-59,2002,0.6351,0.030458,0.575399,0.6948,21224
CPS,educ_3catBA_plus,educ_3cat,Education,BA_plus,LT_HS,50-59,2002,1.099169,0.032222,1.036012,1.162326,21224
CPS,sexFemale,sex,Sex,Female,Male,50-59,2003,-0.036631,0.016709,-0.069383,-0.00388,22967
CPS,race_includehispBlack,race_includehisp,Race/Ethnicity,Black,White,50-59,2003,-0.390909,0.026185,-0.442235,-0.339584,22967
CPS,race_includehispAIAN,race_includehisp,Race/Ethnicity,AIAN,White,50-59,2003,-0.368168,0.100436,-0.565028,-0.171307,22967
CPS,race_includehispAsian,race_includehisp,Race/Ethnicity,Asian,White,50-59,2003,-0.191804,0.040121,-0.270444,-0.113164,22967
CPS,race_includehispHispanic,race_includehisp,Race/Ethnicity,Hispanic,White,50-59,2003,-0.087102,0.033414,-0.152597,-0.021607,22967
CPS,race_includehispOther,race_includehisp,Race/Ethnicity,Other,White,50-59,2003,-0.42934,0.072822,-0.572075,-0.286605,22967
CPS,educ_3catHS_SomeColl,educ_3cat,Education,HS_SomeColl,LT_HS,50-59,2003,0.568785,0.028906,0.512126,0.625443,22967
CPS,educ_3catBA_plus,educ_3cat,Education,BA_plus,LT_HS,50-59,2003,1.021707,0.030709,0.961516,1.081898,22967
CPS,sexFemale,sex,Sex,Female,Male,50-59,2004,-0.034473,0.01682,-0.067442,-0.001504,23792
CPS,race_includehispBlack,race_includehisp,Race/Ethnicity,Black,White,50-59,2004,-0.379358,0.026549,-0.431396,-0.32732,23792
CPS,race_includehispAIAN,race_includehisp,Race/Ethnicity,AIAN,White,50-59,2004,-0.341138,0.102704,-0.542444,-0.139832,23792
CPS,race_includehispAsian,race_includehisp,Race/Ethnicity,Asian,White,50-59,2004,-0.137271,0.038271,-0.212285,-0.062258,23792
CPS,race_includehispHispanic,race_includehisp,Race/Ethnicity,Hispanic,White,50-59,2004,-0.054818,0.035038,-0.123495,0.013859,23792
CPS,race_includehispOther,race_includehisp,Race/Ethnicity,Other,White,50-59,2004,-0.289549,0.072535,-0.431722,-0.147376,23792
CPS,educ_3catHS_SomeColl,educ_3cat,Education,HS_SomeColl,LT_HS,50-59,2004,0.555455,0.030186,0.496289,0.614621,23792
CPS,educ_3catBA_plus,educ_3cat,Education,BA_plus,LT_HS,50-59,2004,0.971597,0.03187,0.90913,1.034063,23792
CPS,sexFemale,sex,Sex,Female,Male,50-59,2005,-0.045896,0.016448,-0.078135,-0.013657,23920
CPS,race_includehispBlack,race_includehisp,Race/Ethnicity,Black,White,50-59,2005,-0.384719,0.025959,-0.4356,-0.333838,23920
CPS,race_includehispAIAN,race_includehisp,Race/Ethnicity,AIAN,White,50-59,2005,-0.466591,0.108104,-0.678483,-0.2547,23920
CPS,race_includehispAsian,race_includehisp,Race/Ethnicity,Asian,White,50-59,2005,-0.077226,0.034904,-0.14564,-0.008811,23920
CPS,race_includehispHispanic,race_includehisp,Race/Ethnicity,Hispanic,White,50-59,2005,-0.037844,0.034981,-0.106409,0.030721,23920
CPS,race_includehispOther,race_includehisp,Race/Ethnicity,Other,White,50-59,2005,-0.246342,0.068066,-0.379756,-0.112929,23920
CPS,educ_3catHS_SomeColl,educ_3cat,Education,HS_SomeColl,LT_HS,50-59,2005,0.557612,0.029738,0.499324,0.615901,23920
CPS,educ_3catBA_plus,educ_3cat,Education,BA_plus,LT_HS,50-59,2005,1.000798,0.031281,0.939486,1.062111,23920
CPS,sexFemale,sex,Sex,Female,Male,50-59,2006,-0.005069,0.016386,-0.037186,0.027048,24481
CPS,race_includehispBlack,race_includehisp,Race/Ethnicity,Black,White,50-59,2006,-0.396083,0.027412,-0.449813,-0.342353,24481
CPS,race_includehispAIAN,race_includehisp,Race/Ethnicity,AIAN,White,50-59,2006,-0.463328,0.091729,-0.643123,-0.283533,24481
CPS,race_includehispAsian,race_includehisp,Race/Ethnicity,Asian,White,50-59,2006,-0.085475,0.035372,-0.154807,-0.016144,24481
CPS,race_includehispHispanic,race_includehisp,Race/Ethnicity,Hispanic,White,50-59,2006,-0.072808,0.032762,-0.137023,-0.008593,24481
CPS,race_includehispOther,race_includehisp,Race/Ethnicity,Other,White,50-59,2006,-0.360289,0.063916,-0.485569,-0.23501,24481
CPS,educ_3catHS_SomeColl,educ_3cat,Education,HS_SomeColl,LT_HS,50-59,2006,0.505633,0.030136,0.446565,0.564701,24481
CPS,educ_3catBA_plus,educ_3cat,Education,BA_plus,LT_HS,50-59,2006,0.979683,0.031489,0.917962,1.041404,24481
CPS,sexFemale,sex,Sex,Female,Male,50-59,2007,-0.030178,0.016075,-0.061686,0.001331,24925
CPS,race_includehispBlack,race_includehisp,Race/Ethnicity,Black,White,50-59,2007,-0.268861,0.025502,-0.318845,-0.218876,24925
CPS,race_includehispAIAN,race_includehisp,Race/Ethnicity,AIAN,White,50-59,2007,-0.375302,0.101799,-0.574834,-0.17577,24925
CPS,race_includehispAsian,race_includehisp,Race/Ethnicity,Asian,White,50-59,2007,-0.032226,0.034561,-0.099968,0.035515,24925
CPS,race_includehispHispanic,race_includehisp,Race/Ethnicity,Hispanic,White,50-59,2007,-0.035936,0.031594,-0.097862,0.025991,24925
CPS,race_includehispOther,race_includehisp,Race/Ethnicity,Other,White,50-59,2007,-0.194062,0.065746,-0.322929,-0.065195,24925
CPS,educ_3catHS_SomeColl,educ_3cat,Education,HS_SomeColl,LT_HS,50-59,2007,0.519231,0.029089,0.462214,0.576248,24925
CPS,educ_3catBA_plus,educ_3cat,Education,BA_plus,LT_HS,50-59,2007,0.986886,0.030358,0.927383,1.04639,24925
CPS,sexFemale,sex,Sex,Female,Male,50-59,2008,-0.009069,0.015961,-0.040353,0.022214,25268
CPS,race_includehispBlack,race_includehisp,Race/Ethnicity,Black,White,50-59,2008,-0.311287,0.024771,-0.359839,-0.262735,25268
CPS,race_includehispAIAN,race_includehisp,Race/Ethnicity,AIAN,White,50-59,2008,-0.47024,0.093845,-0.654182,-0.286298,25268
CPS,race_includehispAsian,race_includehisp,Race/Ethnicity,Asian,White,50-59,2008,-0.035635,0.035795,-0.105794,0.034525,25268
CPS,race_includehispHispanic,race_includehisp,Race/Ethnicity,Hispanic,White,50-59,2008,0.00278,0.031051,-0.058081,0.063642,25268
CPS,race_includehispOther,race_includehisp,Race/Ethnicity,Other,White,50-59,2008,-0.27286,0.067503,-0.40517,-0.14055,25268
CPS,educ_3catHS_SomeColl,educ_3cat,Education,HS_SomeColl,LT_HS,50-59,2008,0.588867,0.029706,0.530641,0.647093,25268
CPS,educ_3catBA_plus,educ_3cat,Education,BA_plus,LT_HS,50-59,2008,1.05232,0.031144,0.991276,1.113364,25268
CPS,sexFemale,sex,Sex,Female,Male,50-59,2009,0.002414,0.015809,-0.028572,0.033401,25737
CPS,race_includehispBlack,race_includehisp,Race/Ethnicity,Black,White,50-59,2009,-0.345948,0.023445,-0.391902,-0.299995,25737
CPS,race_includehispAIAN,race_includehisp,Race/Ethnicity,AIAN,White,50-59,2009,-0.26564,0.097388,-0.456526,-0.074754,25737
CPS,race_includehispAsian,race_includehisp,Race/Ethnicity,Asian,White,50-59,2009,-0.076478,0.033201,-0.141554,-0.011401,25737
CPS,race_includehispHispanic,race_includehisp,Race/Ethnicity,Hispanic,White,50-59,2009,-0.068059,0.029811,-0.12649,-0.009628,25737
CPS,race_includehispOther,race_includehisp,Race/Ethnicity,Other,White,50-59,2009,-0.314726,0.072583,-0.456991,-0.17246,25737
CPS,educ_3catHS_SomeColl,educ_3cat,Education,HS_SomeColl,LT_HS,50-59,2009,0.580419,0.029454,0.522688,0.63815,25737
CPS,educ_3catBA_plus,educ_3cat,Education,BA_plus,LT_HS,50-59,2009,1.044032,0.030954,0.98336,1.104704,25737
CPS,sexFemale,sex,Sex,Female,Male,50-59,2010,-0.035647,0.01567,-0.066361,-0.004933,26132
CPS,race_includehispBlack,race_includehisp,Race/Ethnicity,Black,White,50-59,2010,-0.317908,0.023573,-0.364112,-0.271705,26132
CPS,race_includehispAIAN,race_includehisp,Race/Ethnicity,AIAN,White,50-59,2010,-0.166353,0.083939,-0.330879,-0.001828,26132
CPS,race_includehispAsian,race_includehisp,Race/Ethnicity,Asian,White,50-59,2010,-0.090021,0.031965,-0.152674,-0.027368,26132
CPS,race_includehispHispanic,race_includehisp,Race/Ethnicity,Hispanic,White,50-59,2010,-0.077551,0.028778,-0.133958,-0.021145,26132
CPS,race_includehispOther,race_includehisp,Race/Ethnicity,Other,White,50-59,2010,-0.305228,0.064748,-0.432138,-0.178318,26132
CPS,educ_3catHS_SomeColl,educ_3cat,Education,HS_SomeColl,LT_HS,50-59,2010,0.558697,0.028586,0.502667,0.614726,26132
CPS,educ_3catBA_plus,educ_3cat,Education,BA_plus,LT_HS,50-59,2010,1.021881,0.030207,0.962674,1.081088,26132
CPS,sexFemale,sex,Sex,Female,Male,50-59,2011,-0.04373,0.015825,-0.074747,-0.012713,25908
CPS,race_includehispBlack,race_includehisp,Race/Ethnicity,Black,White,50-59,2011,-0.340691,0.023965,-0.387663,-0.293719,25908
CPS,race_includehispAIAN,race_includehisp,Race/Ethnicity,AIAN,White,50-59,2011,-0.294214,0.097991,-0.486281,-0.102146,25908
CPS,race_includehispAsian,race_includehisp,Race/Ethnicity,Asian,White,50-59,2011,-0.023532,0.031966,-0.086187,0.039123,25908
CPS,race_includehispHispanic,race_includehisp,Race/Ethnicity,Hispanic,White,50-59,2011,-0.082918,0.029753,-0.141237,-0.0246,25908
CPS,race_includehispOther,race_includehisp,Race/Ethnicity,Other,White,50-59,2011,-0.294551,0.068139,-0.428108,-0.160995,25908
CPS,educ_3catHS_SomeColl,educ_3cat,Education,HS_SomeColl,LT_HS,50-59,2011,0.465085,0.028818,0.408601,0.521569,25908
CPS,educ_3catBA_plus,educ_3cat,Education,BA_plus,LT_HS,50-59,2011,0.933123,0.030377,0.873583,0.992663,25908
CPS,sexFemale,sex,Sex,Female,Male,50-59,2012,-0.028372,0.015709,-0.059162,0.002418,26229
CPS,race_includehispBlack,race_includehisp,Race/Ethnicity,Black,White,50-59,2012,-0.284705,0.02404,-0.331825,-0.237584,26229
CPS,race_includehispAIAN,race_includehisp,Race/Ethnicity,AIAN,White,50-59,2012,-0.28116,0.091101,-0.459722,-0.102597,26229
CPS,race_includehispAsian,race_includehisp,Race/Ethnicity,Asian,White,50-59,2012,-0.115321,0.032136,-0.17831,-0.052333,26229
CPS,race_includehispHispanic,race_includehisp,Race/Ethnicity,Hispanic,White,50-59,2012,-0.063457,0.028532,-0.119382,-0.007533,26229
CPS,race_includehispOther,race_includehisp,Race/Ethnicity,Other,White,50-59,2012,-0.187591,0.061824,-0.30877,-0.066412,26229
CPS,educ_3catHS_SomeColl,educ_3cat,Education,HS_SomeColl,LT_HS,50-59,2012,0.53897,0.028231,0.483637,0.594304,26229
CPS,educ_3catBA_plus,educ_3cat,Education,BA_plus,LT_HS,50-59,2012,1.013759,0.029773,0.955401,1.072116,26229
CPS,sexFemale,sex,Sex,Female,Male,50-59,2013,-0.026785,0.015622,-0.057404,0.003835,26409
CPS,race_includehispBlack,race_includehisp,Race/Ethnicity,Black,White,50-59,2013,-0.256233,0.024479,-0.304213,-0.208253,26409
CPS,race_includehispAIAN,race_includehisp,Race/Ethnicity,AIAN,White,50-59,2013,-0.360481,0.08735,-0.531692,-0.189269,26409
CPS,race_includehispAsian,race_includehisp,Race/Ethnicity,Asian,White,50-59,2013,-0.094477,0.031185,-0.1556,-0.033354,26409
CPS,race_includehispHispanic,race_includehisp,Race/Ethnicity,Hispanic,White,50-59,2013,-0.058738,0.028045,-0.113708,-0.003768,26409
CPS,race_includehispOther,race_includehisp,Race/Ethnicity,Other,White,50-59,2013,-0.411279,0.071462,-0.551348,-0.27121,26409
CPS,educ_3catHS_SomeColl,educ_3cat,Education,HS_SomeColl,LT_HS,50-59,2013,0.530378,0.028749,0.474028,0.586728,26409
CPS,educ_3catBA_plus,educ_3cat,Education,BA_plus,LT_HS,50-59,2013,1.027613,0.03006,0.968693,1.086532,26409
CPS,sexFemale,sex,Sex,Female,Male,50-59,2014,-0.033102,0.01775,-0.067893,0.00169,25747
CPS,race_includehispBlack,race_includehisp,Race/Ethnicity,Black,White,50-59,2014,-0.236161,0.026742,-0.288576,-0.183746,25747
CPS,race_includehispAIAN,race_includehisp,Race/Ethnicity,AIAN,White,50-59,2014,-0.53507,0.098312,-0.727766,-0.342373,25747
CPS,race_includehispAsian,race_includehisp,Race/Ethnicity,Asian,White,50-59,2014,0.00775,0.034132,-0.059151,0.074651,25747
CPS,race_includehispHispanic,race_includehisp,Race/Ethnicity,Hispanic,White,50-59,2014,0.024066,0.033648,-0.041885,0.090018,25747
CPS,race_includehispOther,race_includehisp,Race/Ethnicity,Other,White,50-59,2014,-0.227712,0.092474,-0.408965,-0.046459,25747
CPS,educ_3catHS_SomeColl,educ_3cat,Education,HS_SomeColl,LT_HS,50-59,2014,0.518949,0.032959,0.454347,0.583551,25747
CPS,educ_3catBA_plus,educ_3cat,Education,BA_plus,LT_HS,50-59,2014,1.007141,0.034626,0.939272,1.075009,25747
CPS,sexFemale,sex,Sex,Female,Male,50-59,2015,-0.031417,0.015706,-0.062201,-6.34e-4,25718
CPS,race_includehispBlack,race_includehisp,Race/Ethnicity,Black,White,50-59,2015,-0.276889,0.023004,-0.321978,-0.231799,25718
CPS,race_includehispAIAN,race_includehisp,Race/Ethnicity,AIAN,White,50-59,2015,-0.380713,0.084284,-0.545914,-0.215512,25718
CPS,race_includehispAsian,race_includehisp,Race/Ethnicity,Asian,White,50-59,2015,-0.1036,0.031033,-0.164427,-0.042773,25718
CPS,race_includehispHispanic,race_includehisp,Race/Ethnicity,Hispanic,White,50-59,2015,0.015677,0.027043,-0.037328,0.068683,25718
CPS,race_includehispOther,race_includehisp,Race/Ethnicity,Other,White,50-59,2015,-0.3256,0.074257,-0.471148,-0.180053,25718
CPS,educ_3catHS_SomeColl,educ_3cat,Education,HS_SomeColl,LT_HS,50-59,2015,0.448389,0.029049,0.391452,0.505325,25718
CPS,educ_3catBA_plus,educ_3cat,Education,BA_plus,LT_HS,50-59,2015,0.91705,0.030474,0.85732,0.976781,25718
CPS,sexFemale,sex,Sex,Female,Male,50-59,2016,-0.023146,0.016165,-0.05483,0.008538,23644
CPS,race_includehispBlack,race_includehisp,Race/Ethnicity,Black,White,50-59,2016,-0.256474,0.024727,-0.304941,-0.208007,23644
CPS,race_includehispAIAN,race_includehisp,Race/Ethnicity,AIAN,White,50-59,2016,-0.419173,0.08562,-0.586994,-0.251351,23644
CPS,race_includehispAsian,race_includehisp,Race/Ethnicity,Asian,White,50-59,2016,-0.004783,0.031305,-0.066142,0.056576,23644
CPS,race_includehispHispanic,race_includehisp,Race/Ethnicity,Hispanic,White,50-59,2016,0.042964,0.026812,-0.00959,0.095518,23644
CPS,race_includehispOther,race_includehisp,Race/Ethnicity,Other,White,50-59,2016,-0.369463,0.082369,-0.530912,-0.208013,23644
CPS,educ_3catHS_SomeColl,educ_3cat,Education,HS_SomeColl,LT_HS,50-59,2016,0.474545,0.029756,0.416222,0.532869,23644
CPS,educ_3catBA_plus,educ_3cat,Education,BA_plus,LT_HS,50-59,2016,0.925891,0.031503,0.864144,0.987638,23644
CPS,sexFemale,sex,Sex,Female,Male,50-59,2017,-0.044002,0.016291,-0.075933,-0.012072,23489
CPS,race_includehispBlack,race_includehisp,Race/Ethnicity,Black,White,50-59,2017,-0.264679,0.024985,-0.313651,-0.215707,23489
CPS,race_includehispAIAN,race_includehisp,Race/Ethnicity,AIAN,White,50-59,2017,-0.303441,0.086975,-0.473917,-0.132965,23489
CPS,race_includehispAsian,race_includehisp,Race/Ethnicity,Asian,White,50-59,2017,0.094752,0.031067,0.033859,0.155645,23489
CPS,race_includehispHispanic,race_includehisp,Race/Ethnicity,Hispanic,White,50-59,2017,0.019215,0.026832,-0.033377,0.071806,23489
CPS,race_includehispOther,race_includehisp,Race/Ethnicity,Other,White,50-59,2017,-0.206009,0.080786,-0.364354,-0.047664,23489
CPS,educ_3catHS_SomeColl,educ_3cat,Education,HS_SomeColl,LT_HS,50-59,2017,0.449138,0.030377,0.389597,0.508679,23489
CPS,educ_3catBA_plus,educ_3cat,Education,BA_plus,LT_HS,50-59,2017,0.91745,0.032141,0.854451,0.980449,23489
CPS,sexFemale,sex,Sex,Female,Male,50-59,2018,-0.053319,0.016519,-0.085698,-0.02094,22262
CPS,race_includehispBlack,race_includehisp,Race/Ethnicity,Black,White,50-59,2018,-0.217592,0.026311,-0.269164,-0.16602,22262
CPS,race_includehispAIAN,race_includehisp,Race/Ethnicity,AIAN,White,50-59,2018,-0.357312,0.088601,-0.530976,-0.183648,22262
CPS,race_includehispAsian,race_includehisp,Race/Ethnicity,Asian,White,50-59,2018,-0.016884,0.031851,-0.079314,0.045545,22262
CPS,race_includehispHispanic,race_includehisp,Race/Ethnicity,Hispanic,White,50-59,2018,-0.014005,0.026456,-0.065861,0.03785,22262
CPS,race_includehispOther,race_includehisp,Race/Ethnicity,Other,White,50-59,2018,-0.269978,0.070742,-0.408638,-0.131318,22262
CPS,educ_3catHS_SomeColl,educ_3cat,Education,HS_SomeColl,LT_HS,50-59,2018,0.417517,0.029828,0.359052,0.475981,22262
CPS,educ_3catBA_plus,educ_3cat,Education,BA_plus,LT_HS,50-59,2018,0.877431,0.031379,0.815926,0.938937,22262
CPS,sexFemale,sex,Sex,Female,Male,50-59,2019,-0.069117,0.016225,-0.10092,-0.037315,21867
CPS,race_includehispBlack,race_includehisp,Race/Ethnicity,Black,White,50-59,2019,-0.2756,0.026104,-0.326766,-0.224434,21867
CPS,race_includehispAIAN,race_includehisp,Race/Ethnicity,AIAN,White,50-59,2019,-0.352138,0.090197,-0.528931,-0.175346,21867
CPS,race_includehispAsian,race_includehisp,Race/Ethnicity,Asian,White,50-59,2019,0.006056,0.031151,-0.055002,0.067114,21867
CPS,race_includehispHispanic,race_includehisp,Race/Ethnicity,Hispanic,White,50-59,2019,-0.084829,0.026141,-0.136067,-0.033592,21867
CPS,race_includehispOther,race_includehisp,Race/Ethnicity,Other,White,50-59,2019,-0.284015,0.079035,-0.438929,-0.129101,21867
CPS,educ_3catHS_SomeColl,educ_3cat,Education,HS_SomeColl,LT_HS,50-59,2019,0.385312,0.030743,0.325053,0.44557,21867
CPS,educ_3catBA_plus,educ_3cat,Education,BA_plus,LT_HS,50-59,2019,0.789547,0.032145,0.72654,0.852553,21867
CPS,sexFemale,sex,Sex,Female,Male,50-59,2020,-0.033334,0.017103,-0.066856,1.89e-4,19638
CPS,race_includehispBlack,race_includehisp,Race/Ethnicity,Black,White,50-59,2020,-0.245801,0.027004,-0.298731,-0.192871,19638
CPS,race_includehispAIAN,race_includehisp,Race/Ethnicity,AIAN,White,50-59,2020,-0.185979,0.090402,-0.363175,-0.008783,19638
CPS,race_includehispAsian,race_includehisp,Race/Ethnicity,Asian,White,50-59,2020,-0.023167,0.03103,-0.083988,0.037654,19638
CPS,race_includehispHispanic,race_includehisp,Race/Ethnicity,Hispanic,White,50-59,2020,-0.05779,0.027961,-0.112595,-0.002984,19638
CPS,race_includehispOther,race_includehisp,Race/Ethnicity,Other,White,50-59,2020,-0.258628,0.085347,-0.425915,-0.091341,19638
CPS,educ_3catHS_SomeColl,educ_3cat,Education,HS_SomeColl,LT_HS,50-59,2020,0.345916,0.032787,0.281651,0.410182,19638
CPS,educ_3catBA_plus,educ_3cat,Education,BA_plus,LT_HS,50-59,2020,0.760823,0.033836,0.694503,0.827144,19638
CPS,sexFemale,sex,Sex,Female,Male,50-59,2021,-0.045331,0.017265,-0.079171,-0.011491,19782
CPS,race_includehispBlack,race_includehisp,Race/Ethnicity,Black,White,50-59,2021,-0.211417,0.026393,-0.263149,-0.159684,19782
CPS,race_includehispAIAN,race_includehisp,Race/Ethnicity,AIAN,White,50-59,2021,-0.332715,0.083828,-0.497026,-0.168405,19782
CPS,race_includehispAsian,race_includehisp,Race/Ethnicity,Asian,White,50-59,2021,0.029506,0.032468,-0.034135,0.093147,19782
CPS,race_includehispHispanic,race_includehisp,Race/Ethnicity,Hispanic,White,50-59,2021,0.005353,0.027411,-0.048375,0.059082,19782
CPS,race_includehispOther,race_includehisp,Race/Ethnicity,Other,White,50-59,2021,-0.239939,0.087799,-0.412032,-0.067846,19782
CPS,educ_3catHS_SomeColl,educ_3cat,Education,HS_SomeColl,LT_HS,50-59,2021,0.361395,0.034322,0.294121,0.428668,19782
CPS,educ_3catBA_plus,educ_3cat,Education,BA_plus,LT_HS,50-59,2021,0.788323,0.035279,0.719174,0.857473,19782
CPS,sexFemale,sex,Sex,Female,Male,50-59,2022,-0.030154,0.018071,-0.065576,0.005267,18264
CPS,race_includehispBlack,race_includehisp,Race/Ethnicity,Black,White,50-59,2022,-0.153202,0.02725,-0.206615,-0.099789,18264
CPS,race_includehispAIAN,race_includehisp,Race/Ethnicity,AIAN,White,50-59,2022,-0.406418,0.113419,-0.62873,-0.184106,18264
CPS,race_includehispAsian,race_includehisp,Race/Ethnicity,Asian,White,50-59,2022,0.047875,0.032231,-0.015301,0.111051,18264
CPS,race_includehispHispanic,race_includehisp,Race/Ethnicity,Hispanic,White,50-59,2022,0.049276,0.027015,-0.003676,0.102228,18264
CPS,race_includehispOther,race_includehisp,Race/Ethnicity,Other,White,50-59,2022,-0.30288,0.098475,-0.4959,-0.10986,18264
CPS,educ_3catHS_SomeColl,educ_3cat,Education,HS_SomeColl,LT_HS,50-59,2022,0.433745,0.035307,0.364541,0.50295,18264
CPS,educ_3catBA_plus,educ_3cat,Education,BA_plus,LT_HS,50-59,2022,0.849466,0.036381,0.778155,0.920777,18264
CPS,sexFemale,sex,Sex,Female,Male,50-59,2023,-0.023303,0.018257,-0.059089,0.012483,17401
CPS,race_includehispBlack,race_includehisp,Race/Ethnicity,Black,White,50-59,2023,-0.175639,0.028158,-0.230831,-0.120447,17401
CPS,race_includehispAIAN,race_includehisp,Race/Ethnicity,AIAN,White,50-59,2023,-0.18358,0.087656,-0.355395,-0.011764,17401
CPS,race_includehispAsian,race_includehisp,Race/Ethnicity,Asian,White,50-59,2023,-0.026917,0.032615,-0.090846,0.037012,17401
CPS,race_includehispHispanic,race_includehisp,Race/Ethnicity,Hispanic,White,50-59,2023,-0.034045,0.027622,-0.088186,0.020097,17401
CPS,race_includehispOther,race_includehisp,Race/Ethnicity,Other,White,50-59,2023,-0.254408,0.079503,-0.410242,-0.098575,17401
CPS,educ_3catHS_SomeColl,educ_3cat,Education,HS_SomeColl,LT_HS,50-59,2023,0.384894,0.036142,0.314051,0.455736,17401
CPS,educ_3catBA_plus,educ_3cat,Education,BA_plus,LT_HS,50-59,2023,0.77625,0.037064,0.7036,0.848899,17401
CPS,sexFemale,sex,Sex,Female,Male,50-59,2024,-0.046087,0.018104,-0.081573,-0.010601,16844
CPS,race_includehispBlack,race_includehisp,Race/Ethnicity,Black,White,50-59,2024,-0.155282,0.029785,-0.213664,-0.096899,16844
CPS,race_includehispAIAN,race_includehisp,Race/Ethnicity,AIAN,White,50-59,2024,-0.160021,0.107289,-0.370319,0.050277,16844
CPS,race_includehispAsian,race_includehisp,Race/Ethnicity,Asian,White,50-59,2024,-0.045247,0.030823,-0.105664,0.01517,16844
CPS,race_includehispHispanic,race_includehisp,Race/Ethnicity,Hispanic,White,50-59,2024,-0.006109,0.026791,-0.058623,0.046405,16844
CPS,race_includehispOther,race_includehisp,Race/Ethnicity,Other,White,50-59,2024,-0.089915,0.087199,-0.260835,0.081005,16844
CPS,educ_3catHS_SomeColl,educ_3cat,Education,HS_SomeColl,LT_HS,50-59,2024,0.287858,0.034865,0.219518,0.356198,16844
CPS,educ_3catBA_plus,educ_3cat,Education,BA_plus,LT_HS,50-59,2024,0.694264,0.035903,0.623891,0.764637,16844
CPS,sexFemale,sex,Sex,Female,Male,50-59,2025,-0.046289,0.018784,-0.083107,-0.00947,16106
CPS,race_includehispBlack,race_includehisp,Race/Ethnicity,Black,White,50-59,2025,-0.137455,0.030195,-0.19664,-0.07827,16106
CPS,race_includehispAIAN,race_includehisp,Race/Ethnicity,AIAN,White,50-59,2025,-0.238978,0.111488,-0.457506,-0.020449,16106
CPS,race_includehispAsian,race_includehisp,Race/Ethnicity,Asian,White,50-59,2025,0.039961000000000003,0.033606,-0.02591,0.105832,16106
CPS,race_includehispHispanic,race_includehisp,Race/Ethnicity,Hispanic,White,50-59,2025,-0.008371,0.028113,-0.063474,0.046733,16106
CPS,race_includehispOther,race_includehisp,Race/Ethnicity,Other,White,50-59,2025,-0.232842,0.092945,-0.415024,-0.050661,16106
CPS,educ_3catHS_SomeColl,educ_3cat,Education,HS_SomeColl,LT_HS,50-59,2025,0.244735,0.035956,0.174258,0.315213,16106
CPS,educ_3catBA_plus,educ_3cat,Education,BA_plus,LT_HS,50-59,2025,0.640132,0.037049,0.567512,0.712751,16106
CPS,sexFemale,sex,Sex,Female,Male,60-69,1996,-0.019074,0.026425,-0.070873,0.032725,9356
CPS,race_includehispBlack,race_includehisp,Race/Ethnicity,Black,White,60-69,1996,-0.382782,0.044905,-0.470806,-0.294757,9356
CPS,race_includehispAIAN,race_includehisp,Race/Ethnicity,AIAN,White,60-69,1996,-0.437836,0.194924,-0.81993,-0.055743,9356
CPS,race_includehispHispanic,race_includehisp,Race/Ethnicity,Hispanic,White,60-69,1996,-0.211289,0.054531,-0.318182,-0.104395,9356
CPS,educ_3catHS_SomeColl,educ_3cat,Education,HS_SomeColl,LT_HS,60-69,1996,0.50495,0.03258,0.441086,0.568815,9356
CPS,educ_3catBA_plus,educ_3cat,Education,BA_plus,LT_HS,60-69,1996,0.9685,0.041117,0.887901,1.049099,9356
CPS,sexFemale,sex,Sex,Female,Male,60-69,1997,-0.03193,0.026354,-0.08359,0.019729,9512
CPS,race_includehispBlack,race_includehisp,Race/Ethnicity,Black,White,60-69,1997,-0.425541,0.045037,-0.513823,-0.337259,9512
CPS,race_includehispAIAN,race_includehisp,Race/Ethnicity,AIAN,White,60-69,1997,-0.57959,0.192997,-0.957905,-0.201276,9512
CPS,race_includehispHispanic,race_includehisp,Race/Ethnicity,Hispanic,White,60-69,1997,-0.185022,0.053151,-0.28921,-0.080834,9512
CPS,educ_3catHS_SomeColl,educ_3cat,Education,HS_SomeColl,LT_HS,60-69,1997,0.513233,0.032414,0.449694,0.576772,9512
CPS,educ_3catBA_plus,educ_3cat,Education,BA_plus,LT_HS,60-69,1997,0.928796,0.040169,0.850056,1.007535,9512
CPS,sexFemale,sex,Sex,Female,Male,60-69,1998,-0.025139,0.025632,-0.075383,0.025105,9447
CPS,race_includehispBlack,race_includehisp,Race/Ethnicity,Black,White,60-69,1998,-0.366172,0.043544,-0.451527,-0.280817,9447
CPS,race_includehispAIAN,race_includehisp,Race/Ethnicity,AIAN,White,60-69,1998,-0.285038,0.170534,-0.619321,0.049244,9447
CPS,race_includehispHispanic,race_includehisp,Race/Ethnicity,Hispanic,White,60-69,1998,-0.087618,0.051301,-0.18818,0.012944,9447
CPS,educ_3catHS_SomeColl,educ_3cat,Education,HS_SomeColl,LT_HS,60-69,1998,0.498006,0.031868,0.435538,0.560474,9447
CPS,educ_3catBA_plus,educ_3cat,Education,BA_plus,LT_HS,60-69,1998,0.932814,0.039873,0.854653,1.010974,9447
CPS,sexFemale,sex,Sex,Female,Male,60-69,1999,-0.033094,0.025699,-0.08347,0.017281,9413
CPS,race_includehispBlack,race_includehisp,Race/Ethnicity,Black,White,60-69,1999,-0.423874,0.042362,-0.506912,-0.340836,9413
CPS,race_includehispAIAN,race_includehisp,Race/Ethnicity,AIAN,White,60-69,1999,-0.346278,0.149785,-0.63989,-0.052667,9413
CPS,race_includehispHispanic,race_includehisp,Race/Ethnicity,Hispanic,White,60-69,1999,-0.115317,0.054835,-0.222806,-0.007828,9413
CPS,educ_3catHS_SomeColl,educ_3cat,Education,HS_SomeColl,LT_HS,60-69,1999,0.530349,0.033151,0.465365,0.595333,9413
CPS,educ_3catBA_plus,educ_3cat,Education,BA_plus,LT_HS,60-69,1999,0.923319,0.040069,0.844775,1.001862,9413
CPS,sexFemale,sex,Sex,Female,Male,60-69,2000,-0.040792,0.025707,-0.091183,0.009598,9495
CPS,race_includehispBlack,race_includehisp,Race/Ethnicity,Black,White,60-69,2000,-0.35858,0.044854,-0.446503,-0.270658,9495
CPS,race_includehispAIAN,race_includehisp,Race/Ethnicity,AIAN,White,60-69,2000,-0.213025,0.174787,-0.555644,0.129594,9495
CPS,race_includehispHispanic,race_includehisp,Race/Ethnicity,Hispanic,White,60-69,2000,-0.061995,0.052029,-0.163983,0.039993,9495
CPS,educ_3catHS_SomeColl,educ_3cat,Education,HS_SomeColl,LT_HS,60-69,2000,0.548561,0.033576,0.482745,0.614377,9495
CPS,educ_3catBA_plus,educ_3cat,Education,BA_plus,LT_HS,60-69,2000,0.975962,0.040378,0.896812,1.055111,9495
CPS,sexFemale,sex,Sex,Female,Male,60-69,2001,-0.046581,0.023475,-0.092596,-5.66e-4,12327
CPS,race_includehispBlack,race_includehisp,Race/Ethnicity,Black,White,60-69,2001,-0.325869,0.032815,-0.390192,-0.261547,12327
CPS,race_includehispAIAN,race_includehisp,Race/Ethnicity,AIAN,White,60-69,2001,-0.121896,0.148619,-0.413212,0.169421,12327
CPS,race_includehispHispanic,race_includehisp,Race/Ethnicity,Hispanic,White,60-69,2001,-0.107824,0.048142,-0.20219,-0.013458,12327
CPS,educ_3catHS_SomeColl,educ_3cat,Education,HS_SomeColl,LT_HS,60-69,2001,0.558259,0.031474,0.496565,0.619953,12327
CPS,educ_3catBA_plus,educ_3cat,Education,BA_plus,LT_HS,60-69,2001,0.967187,0.037236,0.894199,1.040175,12327
CPS,sexFemale,sex,Sex,Female,Male,60-69,2002,-0.028943,0.022874,-0.07378,0.015895,12672
CPS,race_includehispBlack,race_includehisp,Race/Ethnicity,Black,White,60-69,2002,-0.396672,0.031626,-0.458663,-0.334681,12672
CPS,race_includehispAIAN,race_includehisp,Race/Ethnicity,AIAN,White,60-69,2002,-0.282706,0.137967,-0.553143,-0.01227,12672
CPS,race_includehispHispanic,race_includehisp,Race/Ethnicity,Hispanic,White,60-69,2002,-0.218201,0.043978,-0.304404,-0.131998,12672
CPS,educ_3catHS_SomeColl,educ_3cat,Education,HS_SomeColl,LT_HS,60-69,2002,0.538691,0.029829,0.480221,0.597162,12672
CPS,educ_3catBA_plus,educ_3cat,Education,BA_plus,LT_HS,60-69,2002,0.980759,0.035483,0.911207,1.050311,12672
CPS,sexFemale,sex,Sex,Female,Male,60-69,2003,-0.01976,0.022635,-0.064127,0.024607,13474
CPS,race_includehispBlack,race_includehisp,Race/Ethnicity,Black,White,60-69,2003,-0.37533,0.032649,-0.439327,-0.311334,13474
CPS,race_includehispAIAN,race_includehisp,Race/Ethnicity,AIAN,White,60-69,2003,-0.309528,0.145812,-0.595341,-0.023715,13474
CPS,race_includehispAsian,race_includehisp,Race/Ethnicity,Asian,White,60-69,2003,-0.195851,0.055673,-0.304978,-0.086723,13474
CPS,race_includehispHispanic,race_includehisp,Race/Ethnicity,Hispanic,White,60-69,2003,-0.174299,0.044217,-0.26097,-0.087628,13474
CPS,race_includehispOther,race_includehisp,Race/Ethnicity,Other,White,60-69,2003,-0.41998,0.110022,-0.635638,-0.204321,13474
CPS,educ_3catHS_SomeColl,educ_3cat,Education,HS_SomeColl,LT_HS,60-69,2003,0.542151,0.030429,0.482506,0.601796,13474
CPS,educ_3catBA_plus,educ_3cat,Education,BA_plus,LT_HS,60-69,2003,0.961517,0.03571,0.89152,1.031515,13474
CPS,sexFemale,sex,Sex,Female,Male,60-69,2004,0.00484,0.022457,-0.039179,0.048859,13714
CPS,race_includehispBlack,race_includehisp,Race/Ethnicity,Black,White,60-69,2004,-0.364025,0.032182,-0.427106,-0.300943,13714
CPS,race_includehispAIAN,race_includehisp,Race/Ethnicity,AIAN,White,60-69,2004,-0.217836,0.12785,-0.468439,0.032766000000000003,13714
CPS,race_includehispAsian,race_includehisp,Race/Ethnicity,Asian,White,60-69,2004,-0.129427,0.05251,-0.232354,-0.0265,13714
CPS,race_includehispHispanic,race_includehisp,Race/Ethnicity,Hispanic,White,60-69,2004,-0.069349,0.044825,-0.157212,0.018514,13714
CPS,race_includehispOther,race_includehisp,Race/Ethnicity,Other,White,60-69,2004,-0.423037,0.102609,-0.624164,-0.22191,13714
CPS,educ_3catHS_SomeColl,educ_3cat,Education,HS_SomeColl,LT_HS,60-69,2004,0.54623,0.031058,0.485352,0.607109,13714
CPS,educ_3catBA_plus,educ_3cat,Education,BA_plus,LT_HS,60-69,2004,0.971835,0.035732,0.901796,1.041873,13714
CPS,sexFemale,sex,Sex,Female,Male,60-69,2005,0.018156,0.021833,-0.02464,0.060952,13756
CPS,race_includehispBlack,race_includehisp,Race/Ethnicity,Black,White,60-69,2005,-0.384346,0.03304,-0.449109,-0.319582,13756
CPS,race_includehispAIAN,race_includehisp,Race/Ethnicity,AIAN,White,60-69,2005,-0.443523,0.127865,-0.694157,-0.19289,13756
CPS,race_includehispAsian,race_includehisp,Race/Ethnicity,Asian,White,60-69,2005,-0.117552,0.050828,-0.217182,-0.017923,13756
CPS,race_includehispHispanic,race_includehisp,Race/Ethnicity,Hispanic,White,60-69,2005,-0.095122,0.043369,-0.180131,-0.010113,13756
CPS,race_includehispOther,race_includehisp,Race/Ethnicity,Other,White,60-69,2005,-0.33831,0.084401,-0.503748,-0.172872,13756
CPS,educ_3catHS_SomeColl,educ_3cat,Education,HS_SomeColl,LT_HS,60-69,2005,0.589373,0.031182,0.528251,0.650494,13756
CPS,educ_3catBA_plus,educ_3cat,Education,BA_plus,LT_HS,60-69,2005,1.013389,0.035311,0.944174,1.082604,13756
CPS,sexFemale,sex,Sex,Female,Male,60-69,2006,0.009254,0.021593,-0.033072,0.05158,13787
CPS,race_includehispBlack,race_includehisp,Race/Ethnicity,Black,White,60-69,2006,-0.345651,0.034591,-0.413454,-0.277848,13787
CPS,race_includehispAIAN,race_includehisp,Race/Ethnicity,AIAN,White,60-69,2006,-0.021958,0.135514,-0.287583,0.243668,13787
CPS,race_includehispAsian,race_includehisp,Race/Ethnicity,Asian,White,60-69,2006,-0.08498,0.048881,-0.180793,0.010833,13787
CPS,race_includehispHispanic,race_includehisp,Race/Ethnicity,Hispanic,White,60-69,2006,-0.138727,0.040158,-0.217442,-0.060013,13787
CPS,race_includehispOther,race_includehisp,Race/Ethnicity,Other,White,60-69,2006,-0.346698,0.083934,-0.511221,-0.182175,13787
CPS,educ_3catHS_SomeColl,educ_3cat,Education,HS_SomeColl,LT_HS,60-69,2006,0.555764,0.03161,0.493803,0.617725,13787
CPS,educ_3catBA_plus,educ_3cat,Education,BA_plus,LT_HS,60-69,2006,0.996954,0.035543,0.927286,1.066622,13787
CPS,sexFemale,sex,Sex,Female,Male,60-69,2007,0.006911,0.021488,-0.035207,0.04903,14397
CPS,race_includehispBlack,race_includehisp,Race/Ethnicity,Black,White,60-69,2007,-0.412622,0.03329,-0.477874,-0.34737,14397
CPS,race_includehispAIAN,race_includehisp,Race/Ethnicity,AIAN,White,60-69,2007,-0.358197,0.120963,-0.5953,-0.121093,14397
CPS,race_includehispAsian,race_includehisp,Race/Ethnicity,Asian,White,60-69,2007,-0.100193,0.049648,-0.197508,-0.0028769999999999998,14397
CPS,race_includehispHispanic,race_includehisp,Race/Ethnicity,Hispanic,White,60-69,2007,-0.20685,0.041421,-0.28804,-0.125659,14397
CPS,race_includehispOther,race_includehisp,Race/Ethnicity,Other,White,60-69,2007,-0.304008,0.090569,-0.481534,-0.126482,14397
CPS,educ_3catHS_SomeColl,educ_3cat,Education,HS_SomeColl,LT_HS,60-69,2007,0.513623,0.031183,0.452501,0.574745,14397
CPS,educ_3catBA_plus,educ_3cat,Education,BA_plus,LT_HS,60-69,2007,0.935904,0.034997,0.867306,1.004502,14397
CPS,sexFemale,sex,Sex,Female,Male,60-69,2008,-0.002433,0.020944,-0.043485,0.038619,15349
CPS,race_includehispBlack,race_includehisp,Race/Ethnicity,Black,White,60-69,2008,-0.352864,0.032156,-0.415894,-0.289834,15349
CPS,race_includehispAIAN,race_includehisp,Race/Ethnicity,AIAN,White,60-69,2008,-0.111611,0.115201,-0.337418,0.114196,15349
CPS,race_includehispAsian,race_includehisp,Race/Ethnicity,Asian,White,60-69,2008,-0.074502,0.048856,-0.170266,0.021263,15349
CPS,race_includehispHispanic,race_includehisp,Race/Ethnicity,Hispanic,White,60-69,2008,-0.117275,0.038529,-0.192796,-0.041753,15349
CPS,race_includehispOther,race_includehisp,Race/Ethnicity,Other,White,60-69,2008,-0.339504,0.09428,-0.524303,-0.154704,15349
CPS,educ_3catHS_SomeColl,educ_3cat,Education,HS_SomeColl,LT_HS,60-69,2008,0.551499,0.032817,0.487174,0.615825,15349
CPS,educ_3catBA_plus,educ_3cat,Education,BA_plus,LT_HS,60-69,2008,1.0408,0.035804,0.97062,1.11098,15349
CPS,sexFemale,sex,Sex,Female,Male,60-69,2009,0.004347,0.020452,-0.035742,0.044436,16009
CPS,race_includehispBlack,race_includehisp,Race/Ethnicity,Black,White,60-69,2009,-0.362436,0.030326,-0.42188,-0.302993,16009
CPS,race_includehispAIAN,race_includehisp,Race/Ethnicity,AIAN,White,60-69,2009,-0.034122,0.113739,-0.257064,0.18882,16009
CPS,race_includehispAsian,race_includehisp,Race/Ethnicity,Asian,White,60-69,2009,-0.170104,0.045804,-0.259884,-0.080324,16009
CPS,race_includehispHispanic,race_includehisp,Race/Ethnicity,Hispanic,White,60-69,2009,-0.137786,0.038375,-0.213005,-0.062567,16009
CPS,race_includehispOther,race_includehisp,Race/Ethnicity,Other,White,60-69,2009,-0.186941,0.090779,-0.364878,-0.009004,16009
CPS,educ_3catHS_SomeColl,educ_3cat,Education,HS_SomeColl,LT_HS,60-69,2009,0.499995,0.032161,0.436955,0.563034,16009
CPS,educ_3catBA_plus,educ_3cat,Education,BA_plus,LT_HS,60-69,2009,0.98312600000000006,0.034912,0.914696,1.051557,16009
CPS,sexFemale,sex,Sex,Female,Male,60-69,2010,0.029211,0.019888,-0.009772,0.068193,16298
CPS,race_includehispBlack,race_includehisp,Race/Ethnicity,Black,White,60-69,2010,-0.324596,0.029618,-0.38265,-0.266542,16298
CPS,race_includehispAIAN,race_includehisp,Race/Ethnicity,AIAN,White,60-69,2010,-0.23166,0.132419,-0.491215,0.027895,16298
CPS,race_includehispAsian,race_includehisp,Race/Ethnicity,Asian,White,60-69,2010,-0.121753,0.044321,-0.208627,-0.034879,16298
CPS,race_includehispHispanic,race_includehisp,Race/Ethnicity,Hispanic,White,60-69,2010,-0.093114,0.039913,-0.171347,-0.014881,16298
CPS,race_includehispOther,race_includehisp,Race/Ethnicity,Other,White,60-69,2010,-0.191026,0.080059,-0.347951,-0.034101,16298
CPS,educ_3catHS_SomeColl,educ_3cat,Education,HS_SomeColl,LT_HS,60-69,2010,0.511479,0.031934,0.448885,0.57407300000000006,16298
CPS,educ_3catBA_plus,educ_3cat,Education,BA_plus,LT_HS,60-69,2010,0.948181,0.034576,0.880407,1.015954,16298
CPS,sexFemale,sex,Sex,Female,Male,60-69,2011,0.011938,0.019511,-0.026307,0.050182,16912
CPS,race_includehispBlack,race_includehisp,Race/Ethnicity,Black,White,60-69,2011,-0.347508,0.030018,-0.406346,-0.288671,16912
CPS,race_includehispAIAN,race_includehisp,Race/Ethnicity,AIAN,White,60-69,2011,-0.37523,0.115925,-0.602455,-0.148006,16912
CPS,race_includehispAsian,race_includehisp,Race/Ethnicity,Asian,White,60-69,2011,-0.179178,0.043371,-0.264189,-0.094167,16912
CPS,race_includehispHispanic,race_includehisp,Race/Ethnicity,Hispanic,White,60-69,2011,-0.074794,0.035632,-0.144636,-0.004951,16912
CPS,race_includehispOther,race_includehisp,Race/Ethnicity,Other,White,60-69,2011,-0.356703,0.077968,-0.509528,-0.203877,16912
CPS,educ_3catHS_SomeColl,educ_3cat,Education,HS_SomeColl,LT_HS,60-69,2011,0.476497,0.031911,0.413949,0.539045,16912
CPS,educ_3catBA_plus,educ_3cat,Education,BA_plus,LT_HS,60-69,2011,0.92297,0.034459,0.855428,0.990513,16912
CPS,sexFemale,sex,Sex,Female,Male,60-69,2012,0.02677,0.01934,-0.011139,0.06468,17338
CPS,race_includehispBlack,race_includehisp,Race/Ethnicity,Black,White,60-69,2012,-0.334232,0.02775,-0.388625,-0.27984,17338
CPS,race_includehispAIAN,race_includehisp,Race/Ethnicity,AIAN,White,60-69,2012,-0.203736,0.144525,-0.48702,0.079548,17338
CPS,race_includehispAsian,race_includehisp,Race/Ethnicity,Asian,White,60-69,2012,-0.162055,0.038527,-0.237572,-0.086537,17338
CPS,race_includehispHispanic,race_includehisp,Race/Ethnicity,Hispanic,White,60-69,2012,-0.147004,0.03802,-0.221526,-0.072481,17338
CPS,race_includehispOther,race_includehisp,Race/Ethnicity,Other,White,60-69,2012,-0.272981,0.089128,-0.447681,-0.098281,17338
CPS,educ_3catHS_SomeColl,educ_3cat,Education,HS_SomeColl,LT_HS,60-69,2012,0.489892,0.031652,0.427852,0.551932,17338
CPS,educ_3catBA_plus,educ_3cat,Education,BA_plus,LT_HS,60-69,2012,0.966918,0.03388,0.90051,1.033325,17338
CPS,sexFemale,sex,Sex,Female,Male,60-69,2013,0.030157,0.018884,-0.006857,0.067171,17946
CPS,race_includehispBlack,race_includehisp,Race/Ethnicity,Black,White,60-69,2013,-0.361957,0.028245,-0.41732,-0.306594,17946
CPS,race_includehispAIAN,race_includehisp,Race/Ethnicity,AIAN,White,60-69,2013,-0.345663,0.112692,-0.56655,-0.124777,17946
CPS,race_includehispAsian,race_includehisp,Race/Ethnicity,Asian,White,60-69,2013,-0.123603,0.039114,-0.200271,-0.046935,17946
CPS,race_includehispHispanic,race_includehisp,Race/Ethnicity,Hispanic,White,60-69,2013,-0.126843,0.035275,-0.195986,-0.057701,17946
CPS,race_includehispOther,race_includehisp,Race/Ethnicity,Other,White,60-69,2013,-0.271588,0.088391,-0.444843,-0.098334,17946
CPS,educ_3catHS_SomeColl,educ_3cat,Education,HS_SomeColl,LT_HS,60-69,2013,0.535554,0.031799,0.473226,0.597883,17946
CPS,educ_3catBA_plus,educ_3cat,Education,BA_plus,LT_HS,60-69,2013,0.99026,0.03402,0.923578,1.056942,17946
CPS,sexFemale,sex,Sex,Female,Male,60-69,2014,-0.002147,0.020594,-0.042513,0.038218,18642
CPS,race_includehispBlack,race_includehisp,Race/Ethnicity,Black,White,60-69,2014,-0.344176,0.030252,-0.403472,-0.284881,18642
CPS,race_includehispAIAN,race_includehisp,Race/Ethnicity,AIAN,White,60-69,2014,-0.401368,0.125814,-0.647974,-0.154761,18642
CPS,race_includehispAsian,race_includehisp,Race/Ethnicity,Asian,White,60-69,2014,-0.065381,0.041488,-0.1467,0.015939,18642
CPS,race_includehispHispanic,race_includehisp,Race/Ethnicity,Hispanic,White,60-69,2014,-0.14832,0.043031,-0.232665,-0.063975,18642
CPS,race_includehispOther,race_includehisp,Race/Ethnicity,Other,White,60-69,2014,-0.165989,0.094766,-0.351739,0.019761,18642
CPS,educ_3catHS_SomeColl,educ_3cat,Education,HS_SomeColl,LT_HS,60-69,2014,0.480407,0.035782,0.410271,0.550543,18642
CPS,educ_3catBA_plus,educ_3cat,Education,BA_plus,LT_HS,60-69,2014,0.941788,0.038146,0.867019,1.016557,18642
CPS,sexFemale,sex,Sex,Female,Male,60-69,2015,0.00272,0.018051,-0.032662,0.038102,19329
CPS,race_includehispBlack,race_includehisp,Race/Ethnicity,Black,White,60-69,2015,-0.342215,0.026456,-0.39407,-0.29036,19329
CPS,race_includehispAIAN,race_includehisp,Race/Ethnicity,AIAN,White,60-69,2015,-0.352061,0.107135,-0.562054,-0.142068,19329
CPS,race_includehispAsian,race_includehisp,Race/Ethnicity,Asian,White,60-69,2015,-0.116523,0.036035,-0.187154,-0.045891,19329
CPS,race_includehispHispanic,race_includehisp,Race/Ethnicity,Hispanic,White,60-69,2015,-0.111055,0.032885,-0.175513,-0.046597,19329
CPS,race_includehispOther,race_includehisp,Race/Ethnicity,Other,White,60-69,2015,-0.292172,0.078945,-0.446911,-0.137432,19329
CPS,educ_3catHS_SomeColl,educ_3cat,Education,HS_SomeColl,LT_HS,60-69,2015,0.389348,0.031305,0.327988,0.450707,19329
CPS,educ_3catBA_plus,educ_3cat,Education,BA_plus,LT_HS,60-69,2015,0.852216,0.033461,0.786631,0.917802,19329
CPS,sexFemale,sex,Sex,Female,Male,60-69,2016,0.01586,0.018573,-0.020545,0.052265,18349
CPS,race_includehispBlack,race_includehisp,Race/Ethnicity,Black,White,60-69,2016,-0.327631,0.02717,-0.380887,-0.274374,18349
CPS,race_includehispAIAN,race_includehisp,Race/Ethnicity,AIAN,White,60-69,2016,-0.317449,0.102543,-0.518442,-0.116455,18349
CPS,race_includehispAsian,race_includehisp,Race/Ethnicity,Asian,White,60-69,2016,-0.068981,0.037521,-0.142526,0.004564,18349
CPS,race_includehispHispanic,race_includehisp,Race/Ethnicity,Hispanic,White,60-69,2016,-0.118374,0.034049,-0.185114,-0.051634,18349
CPS,race_includehispOther,race_includehisp,Race/Ethnicity,Other,White,60-69,2016,-0.269233,0.086477,-0.438736,-0.09973,18349
CPS,educ_3catHS_SomeColl,educ_3cat,Education,HS_SomeColl,LT_HS,60-69,2016,0.438305,0.032834,0.373946,0.502663,18349
CPS,educ_3catBA_plus,educ_3cat,Education,BA_plus,LT_HS,60-69,2016,0.859241,0.034634,0.791356,0.927127,18349
CPS,sexFemale,sex,Sex,Female,Male,60-69,2017,0.033617,0.018291,-0.002235,0.06947,18637
CPS,race_includehispBlack,race_includehisp,Race/Ethnicity,Black,White,60-69,2017,-0.250848,0.026628,-0.303042,-0.198654,18637
CPS,race_includehispAIAN,race_includehisp,Race/Ethnicity,AIAN,White,60-69,2017,-0.450377,0.085189,-0.617356,-0.283399,18637
CPS,race_includehispAsian,race_includehisp,Race/Ethnicity,Asian,White,60-69,2017,-0.114712,0.036303,-0.18587,-0.043555,18637
CPS,race_includehispHispanic,race_includehisp,Race/Ethnicity,Hispanic,White,60-69,2017,-0.07824,0.03361,-0.144119,-0.012361,18637
CPS,race_includehispOther,race_includehisp,Race/Ethnicity,Other,White,60-69,2017,-0.338988,0.087835,-0.511153,-0.166823,18637
CPS,educ_3catHS_SomeColl,educ_3cat,Education,HS_SomeColl,LT_HS,60-69,2017,0.502981,0.032401,0.439471,0.56649,18637
CPS,educ_3catBA_plus,educ_3cat,Education,BA_plus,LT_HS,60-69,2017,0.938727,0.034167,0.871757,1.005697,18637
CPS,sexFemale,sex,Sex,Female,Male,60-69,2018,0.04613,0.018038,0.010774,0.081485,18627
CPS,race_includehispBlack,race_includehisp,Race/Ethnicity,Black,White,60-69,2018,-0.318655,0.025726,-0.36908,-0.268231,18627
CPS,race_includehispAIAN,race_includehisp,Race/Ethnicity,AIAN,White,60-69,2018,-0.46438,0.089908,-0.640608,-0.288152,18627
CPS,race_includehispAsian,race_includehisp,Race/Ethnicity,Asian,White,60-69,2018,-0.0732,0.034136,-0.14011,-0.006289,18627
CPS,race_includehispHispanic,race_includehisp,Race/Ethnicity,Hispanic,White,60-69,2018,-0.096137,0.032073,-0.159003,-0.033271,18627
CPS,race_includehispOther,race_includehisp,Race/Ethnicity,Other,White,60-69,2018,-0.185583,0.090869,-0.363694,-0.007473,18627
CPS,educ_3catHS_SomeColl,educ_3cat,Education,HS_SomeColl,LT_HS,60-69,2018,0.451298,0.031914,0.388743,0.513853,18627
CPS,educ_3catBA_plus,educ_3cat,Education,BA_plus,LT_HS,60-69,2018,0.866546,0.033924,0.800051,0.933041,18627
CPS,sexFemale,sex,Sex,Female,Male,60-69,2019,-0.006297,0.017534,-0.040665,0.02807,19389
CPS,race_includehispBlack,race_includehisp,Race/Ethnicity,Black,White,60-69,2019,-0.261383,0.026907,-0.314122,-0.208643,19389
CPS,race_includehispAIAN,race_includehisp,Race/Ethnicity,AIAN,White,60-69,2019,-0.470814,0.099255,-0.665363,-0.276265,19389
CPS,race_includehispAsian,race_includehisp,Race/Ethnicity,Asian,White,60-69,2019,-0.060524,0.034394,-0.127938,0.006891,19389
CPS,race_includehispHispanic,race_includehisp,Race/Ethnicity,Hispanic,White,60-69,2019,-0.066896,0.030348,-0.126382,-0.007411,19389
CPS,race_includehispOther,race_includehisp,Race/Ethnicity,Other,White,60-69,2019,-0.225598,0.084464,-0.391154,-0.060043,19389
CPS,educ_3catHS_SomeColl,educ_3cat,Education,HS_SomeColl,LT_HS,60-69,2019,0.475509,0.031556,0.413657,0.537362,19389
CPS,educ_3catBA_plus,educ_3cat,Education,BA_plus,LT_HS,60-69,2019,0.900737,0.033306,0.835455,0.966019,19389
CPS,sexFemale,sex,Sex,Female,Male,60-69,2020,-0.01243,0.018223,-0.048149,0.023288,17932
CPS,race_includehispBlack,race_includehisp,Race/Ethnicity,Black,White,60-69,2020,-0.319585,0.027193,-0.372887,-0.266284,17932
CPS,race_includehispAIAN,race_includehisp,Race/Ethnicity,AIAN,White,60-69,2020,-0.362446,0.099192,-0.556871,-0.16802,17932
CPS,race_includehispAsian,race_includehisp,Race/Ethnicity,Asian,White,60-69,2020,-0.073835,0.037626,-0.147585,-8.6e-5,17932
CPS,race_includehispHispanic,race_includehisp,Race/Ethnicity,Hispanic,White,60-69,2020,-0.1186,0.03409,-0.185419,-0.051781,17932
CPS,race_includehispOther,race_includehisp,Race/Ethnicity,Other,White,60-69,2020,-0.335016,0.093106,-0.517513,-0.15252,17932
CPS,educ_3catHS_SomeColl,educ_3cat,Education,HS_SomeColl,LT_HS,60-69,2020,0.416033,0.034077,0.349238,0.482828,17932
CPS,educ_3catBA_plus,educ_3cat,Education,BA_plus,LT_HS,60-69,2020,0.800287,0.035616,0.730476,0.870098,17932
CPS,sexFemale,sex,Sex,Female,Male,60-69,2021,0.021682,0.018013,-0.013626,0.056989,18168
CPS,race_includehispBlack,race_includehisp,Race/Ethnicity,Black,White,60-69,2021,-0.300163,0.026232,-0.35158,-0.248746,18168
CPS,race_includehispAIAN,race_includehisp,Race/Ethnicity,AIAN,White,60-69,2021,-0.161735,0.103749,-0.365093,0.041623,18168
CPS,race_includehispAsian,race_includehisp,Race/Ethnicity,Asian,White,60-69,2021,-0.066547,0.03644,-0.137972,0.004879,18168
CPS,race_includehispHispanic,race_includehisp,Race/Ethnicity,Hispanic,White,60-69,2021,5.04e-4,0.033104,-0.064383,0.06539,18168
CPS,race_includehispOther,race_includehisp,Race/Ethnicity,Other,White,60-69,2021,-0.262164,0.094847,-0.448074,-0.076255,18168
CPS,educ_3catHS_SomeColl,educ_3cat,Education,HS_SomeColl,LT_HS,60-69,2021,0.442283,0.034478,0.374702,0.509865,18168
CPS,educ_3catBA_plus,educ_3cat,Education,BA_plus,LT_HS,60-69,2021,0.818051,0.035908,0.747668,0.888433,18168
CPS,sexFemale,sex,Sex,Female,Male,60-69,2022,-0.014334,0.018094,-0.0498,0.021133,17218
CPS,race_includehispBlack,race_includehisp,Race/Ethnicity,Black,White,60-69,2022,-0.241592,0.026801,-0.294125,-0.189059,17218
CPS,race_includehispAIAN,race_includehisp,Race/Ethnicity,AIAN,White,60-69,2022,-0.487922,0.091654,-0.667574,-0.30827,17218
CPS,race_includehispAsian,race_includehisp,Race/Ethnicity,Asian,White,60-69,2022,-0.113921,0.036843,-0.186137,-0.041706,17218
CPS,race_includehispHispanic,race_includehisp,Race/Ethnicity,Hispanic,White,60-69,2022,-0.021188,0.03206,-0.08403,0.041653,17218
CPS,race_includehispOther,race_includehisp,Race/Ethnicity,Other,White,60-69,2022,-0.318184,0.088209,-0.491082,-0.145285,17218
CPS,educ_3catHS_SomeColl,educ_3cat,Education,HS_SomeColl,LT_HS,60-69,2022,0.445226,0.031841,0.382814,0.507637,17218
CPS,educ_3catBA_plus,educ_3cat,Education,BA_plus,LT_HS,60-69,2022,0.825178,0.033719,0.759085,0.89127,17218
CPS,sexFemale,sex,Sex,Female,Male,60-69,2023,0.009217,0.018898,-0.027826,0.04626,16665
CPS,race_includehispBlack,race_includehisp,Race/Ethnicity,Black,White,60-69,2023,-0.274013,0.028643,-0.330156,-0.217871,16665
CPS,race_includehispAIAN,race_includehisp,Race/Ethnicity,AIAN,White,60-69,2023,-0.444606,0.092565,-0.626043,-0.263169,16665
CPS,race_includehispAsian,race_includehisp,Race/Ethnicity,Asian,White,60-69,2023,-0.112102,0.036757,-0.184149,-0.040055,16665
CPS,race_includehispHispanic,race_includehisp,Race/Ethnicity,Hispanic,White,60-69,2023,-0.081513,0.031051,-0.142376,-0.020649,16665
CPS,race_includehispOther,race_includehisp,Race/Ethnicity,Other,White,60-69,2023,-0.271554,0.103472,-0.474369,-0.068738,16665
CPS,educ_3catHS_SomeColl,educ_3cat,Education,HS_SomeColl,LT_HS,60-69,2023,0.40838,0.034126,0.341489,0.47527199999999997,16665
CPS,educ_3catBA_plus,educ_3cat,Education,BA_plus,LT_HS,60-69,2023,0.771467,0.035992,0.700918,0.842016,16665
CPS,sexFemale,sex,Sex,Female,Male,60-69,2024,-0.010011,0.018851,-0.04696,0.026938,16515
CPS,race_includehispBlack,race_includehisp,Race/Ethnicity,Black,White,60-69,2024,-0.205872,0.028248,-0.261242,-0.150502,16515
CPS,race_includehispAIAN,race_includehisp,Race/Ethnicity,AIAN,White,60-69,2024,-0.377347,0.110656,-0.594245,-0.160449,16515
CPS,race_includehispAsian,race_includehisp,Race/Ethnicity,Asian,White,60-69,2024,-0.077199,0.037667,-0.151029,-0.003368,16515
CPS,race_includehispHispanic,race_includehisp,Race/Ethnicity,Hispanic,White,60-69,2024,-0.068168,0.028534,-0.124098,-0.012237,16515
CPS,race_includehispOther,race_includehisp,Race/Ethnicity,Other,White,60-69,2024,-0.14949,0.084666,-0.315445,0.016466,16515
CPS,educ_3catHS_SomeColl,educ_3cat,Education,HS_SomeColl,LT_HS,60-69,2024,0.407895,0.032897,0.343413,0.472377,16515
CPS,educ_3catBA_plus,educ_3cat,Education,BA_plus,LT_HS,60-69,2024,0.792011,0.034933,0.723538,0.860483,16515
CPS,sexFemale,sex,Sex,Female,Male,60-69,2025,-0.002508,0.018798,-0.039354,0.034338,16282
CPS,race_includehispBlack,race_includehisp,Race/Ethnicity,Black,White,60-69,2025,-0.223343,0.027898,-0.278027,-0.16866,16282
CPS,race_includehispAIAN,race_includehisp,Race/Ethnicity,AIAN,White,60-69,2025,-0.201437,0.092881,-0.383493,-0.019381,16282
CPS,race_includehispAsian,race_includehisp,Race/Ethnicity,Asian,White,60-69,2025,-0.063888,0.036748,-0.135918,0.008141,16282
CPS,race_includehispHispanic,race_includehisp,Race/Ethnicity,Hispanic,White,60-69,2025,-0.051196,0.032017,-0.113953,0.011562,16282
CPS,race_includehispOther,race_includehisp,Race/Ethnicity,Other,White,60-69,2025,-0.18871,0.089886,-0.364896,-0.012523,16282
CPS,educ_3catHS_SomeColl,educ_3cat,Education,HS_SomeColl,LT_HS,60-69,2025,0.411278,0.034526,0.343604,0.478952,16282
CPS,educ_3catBA_plus,educ_3cat,Education,BA_plus,LT_HS,60-69,2025,0.863325,0.036188,0.792393,0.934256,16282
CPS,sexFemale,sex,Sex,Female,Male,70-79,1996,-0.049569,0.029562,-0.107519,0.008381,7434
CPS,race_includehispBlack,race_includehisp,Race/Ethnicity,Black,White,70-79,1996,-0.286645,0.05086,-0.386345,-0.186945,7434
CPS,race_includehispAIAN,race_includehisp,Race/Ethnicity,AIAN,White,70-79,1996,0.068062,0.249336,-0.420709,0.556832,7434
CPS,race_includehispHispanic,race_includehisp,Race/Ethnicity,Hispanic,White,70-79,1996,-0.070057,0.072112,-0.211417,0.071303,7434
CPS,educ_3catHS_SomeColl,educ_3cat,Education,HS_SomeColl,LT_HS,70-79,1996,0.398006,0.032207,0.334872,0.461141,7434
CPS,educ_3catBA_plus,educ_3cat,Education,BA_plus,LT_HS,70-79,1996,0.680592,0.047842,0.586808,0.774376,7434
CPS,sexFemale,sex,Sex,Female,Male,70-79,1997,0.013185,0.028761,-0.043194,0.069564,7485
CPS,race_includehispBlack,race_includehisp,Race/Ethnicity,Black,White,70-79,1997,-0.398827,0.052314,-0.501377,-0.296277,7485
CPS,race_includehispAIAN,race_includehisp,Race/Ethnicity,AIAN,White,70-79,1997,-0.367872,0.182652,-0.725921,-0.009822,7485
CPS,race_includehispHispanic,race_includehisp,Race/Ethnicity,Hispanic,White,70-79,1997,-0.123629,0.069048,-0.258983,0.011725,7485
CPS,educ_3catHS_SomeColl,educ_3cat,Education,HS_SomeColl,LT_HS,70-79,1997,0.406414,0.032076,0.343536,0.469292,7485
CPS,educ_3catBA_plus,educ_3cat,Education,BA_plus,LT_HS,70-79,1997,0.636387,0.045918,0.546376,0.726399,7485
CPS,sexFemale,sex,Sex,Female,Male,70-79,1998,-0.026589,0.028706,-0.082861,0.029683,7312
CPS,race_includehispBlack,race_includehisp,Race/Ethnicity,Black,White,70-79,1998,-0.348308,0.052749,-0.451711,-0.244905,7312
CPS,race_includehispAIAN,race_includehisp,Race/Ethnicity,AIAN,White,70-79,1998,-0.216529,0.253998,-0.714437,0.28138,7312
CPS,race_includehispHispanic,race_includehisp,Race/Ethnicity,Hispanic,White,70-79,1998,-0.011553,0.064223,-0.137448,0.114342,7312
CPS,educ_3catHS_SomeColl,educ_3cat,Education,HS_SomeColl,LT_HS,70-79,1998,0.416069,0.032311,0.352731,0.479407,7312
CPS,educ_3catBA_plus,educ_3cat,Education,BA_plus,LT_HS,70-79,1998,0.740715,0.045322,0.65187,0.82956,7312
CPS,sexFemale,sex,Sex,Female,Male,70-79,1999,0.024962,0.028804,-0.031503,0.081426,7359
CPS,race_includehispBlack,race_includehisp,Race/Ethnicity,Black,White,70-79,1999,-0.335078,0.052247,-0.437496,-0.232659,7359
CPS,race_includehispAIAN,race_includehisp,Race/Ethnicity,AIAN,White,70-79,1999,-0.102371,0.184986,-0.464996,0.260253,7359
CPS,race_includehispHispanic,race_includehisp,Race/Ethnicity,Hispanic,White,70-79,1999,-0.147095,0.059142,-0.263031,-0.031159,7359
CPS,educ_3catHS_SomeColl,educ_3cat,Education,HS_SomeColl,LT_HS,70-79,1999,0.387916,0.032239,0.324717,0.451114,7359
CPS,educ_3catBA_plus,educ_3cat,Education,BA_plus,LT_HS,70-79,1999,0.75425,0.04564,0.664783,0.843718,7359
CPS,sexFemale,sex,Sex,Female,Male,70-79,2000,-0.039808,0.029433,-0.097505,0.01789,7439
CPS,race_includehispBlack,race_includehisp,Race/Ethnicity,Black,White,70-79,2000,-0.172868,0.05241,-0.275607,-0.070129,7439
CPS,race_includehispAIAN,race_includehisp,Race/Ethnicity,AIAN,White,70-79,2000,-0.263864,0.133168,-0.524911,-0.002817,7439
CPS,race_includehispHispanic,race_includehisp,Race/Ethnicity,Hispanic,White,70-79,2000,-0.033246,0.06456,-0.159801,0.093309,7439
CPS,educ_3catHS_SomeColl,educ_3cat,Education,HS_SomeColl,LT_HS,70-79,2000,0.396934,0.03329,0.331676,0.462191,7439
CPS,educ_3catBA_plus,educ_3cat,Education,BA_plus,LT_HS,70-79,2000,0.689093,0.046464,0.59801,0.780176,7439
CPS,sexFemale,sex,Sex,Female,Male,70-79,2001,0.001744,0.02671,-0.050614,0.054102,9406
CPS,race_includehispBlack,race_includehisp,Race/Ethnicity,Black,White,70-79,2001,-0.263337,0.036361,-0.334613,-0.192061,9406
CPS,race_includehispAIAN,race_includehisp,Race/Ethnicity,AIAN,White,70-79,2001,-0.255638,0.130159,-0.510778,-4.98e-4,9406
CPS,race_includehispHispanic,race_includehisp,Race/Ethnicity,Hispanic,White,70-79,2001,-0.142603,0.054889,-0.250197,-0.035009,9406
CPS,educ_3catHS_SomeColl,educ_3cat,Education,HS_SomeColl,LT_HS,70-79,2001,0.351349,0.029922,0.292695,0.410003,9406
CPS,educ_3catBA_plus,educ_3cat,Education,BA_plus,LT_HS,70-79,2001,0.677309,0.042353,0.594287,0.76033,9406
CPS,sexFemale,sex,Sex,Female,Male,70-79,2002,-0.018047,0.026496,-0.069984,0.033890000000000003,9167
CPS,race_includehispBlack,race_includehisp,Race/Ethnicity,Black,White,70-79,2002,-0.310182,0.037318,-0.383333,-0.237031,9167
CPS,race_includehispAIAN,race_includehisp,Race/Ethnicity,AIAN,White,70-79,2002,-0.340355,0.160324,-0.654625,-0.026085,9167
CPS,race_includehispHispanic,race_includehisp,Race/Ethnicity,Hispanic,White,70-79,2002,-0.091828,0.055389,-0.200402,0.016746,9167
CPS,educ_3catHS_SomeColl,educ_3cat,Education,HS_SomeColl,LT_HS,70-79,2002,0.384713,0.030326,0.325267,0.444159,9167
CPS,educ_3catBA_plus,educ_3cat,Education,BA_plus,LT_HS,70-79,2002,0.727218,0.040899,0.647047,0.807389,9167
CPS,sexFemale,sex,Sex,Female,Male,70-79,2003,0.014738,0.026483,-0.037174,0.066651,9430
CPS,race_includehispBlack,race_includehisp,Race/Ethnicity,Black,White,70-79,2003,-0.32132,0.038097,-0.395998,-0.246642,9430
CPS,race_includehispAIAN,race_includehisp,Race/Ethnicity,AIAN,White,70-79,2003,-0.364565,0.188542,-0.734148,0.005019,9430
CPS,race_includehispAsian,race_includehisp,Race/Ethnicity,Asian,White,70-79,2003,-0.07522,0.077217,-0.226581,0.076141,9430
CPS,race_includehispHispanic,race_includehisp,Race/Ethnicity,Hispanic,White,70-79,2003,-0.047331,0.05522,-0.155574,0.060912,9430
CPS,race_includehispOther,race_includehisp,Race/Ethnicity,Other,White,70-79,2003,0.063762,0.119483,-0.17045,0.297975,9430
CPS,educ_3catHS_SomeColl,educ_3cat,Education,HS_SomeColl,LT_HS,70-79,2003,0.410768,0.03016,0.351649,0.469888,9430
CPS,educ_3catBA_plus,educ_3cat,Education,BA_plus,LT_HS,70-79,2003,0.72679,0.0421,0.644264,0.809315,9430
CPS,sexFemale,sex,Sex,Female,Male,70-79,2004,0.018824,0.026716,-0.033545,0.071192,9271
CPS,race_includehispBlack,race_includehisp,Race/Ethnicity,Black,White,70-79,2004,-0.326515,0.039114,-0.403188,-0.249843,9271
CPS,race_includehispAIAN,race_includehisp,Race/Ethnicity,AIAN,White,70-79,2004,-0.38333,0.13263,-0.643313,-0.123346,9271
CPS,race_includehispAsian,race_includehisp,Race/Ethnicity,Asian,White,70-79,2004,-0.017697,0.062246,-0.139713,0.104318,9271
CPS,race_includehispHispanic,race_includehisp,Race/Ethnicity,Hispanic,White,70-79,2004,-0.217051,0.055664,-0.326165,-0.107938,9271
CPS,race_includehispOther,race_includehisp,Race/Ethnicity,Other,White,70-79,2004,-0.035708,0.130966,-0.292431,0.221014,9271
CPS,educ_3catHS_SomeColl,educ_3cat,Education,HS_SomeColl,LT_HS,70-79,2004,0.356278,0.031855,0.293836,0.41872,9271
CPS,educ_3catBA_plus,educ_3cat,Education,BA_plus,LT_HS,70-79,2004,0.645977,0.041092,0.565427,0.726526,9271
CPS,sexFemale,sex,Sex,Female,Male,70-79,2005,-0.011093,0.026524,-0.063087,0.040901,9333
CPS,race_includehispBlack,race_includehisp,Race/Ethnicity,Black,White,70-79,2005,-0.253884,0.040475,-0.333223,-0.174545,9333
CPS,race_includehispAIAN,race_includehisp,Race/Ethnicity,AIAN,White,70-79,2005,-0.323553,0.145839,-0.60943,-0.037677,9333
CPS,race_includehispAsian,race_includehisp,Race/Ethnicity,Asian,White,70-79,2005,-0.045285,0.068095,-0.178767,0.088197,9333
CPS,race_includehispHispanic,race_includehisp,Race/Ethnicity,Hispanic,White,70-79,2005,-0.15852,0.052439,-0.261312,-0.055729,9333
CPS,race_includehispOther,race_includehisp,Race/Ethnicity,Other,White,70-79,2005,-0.187222,0.126394,-0.434983,0.060538,9333
CPS,educ_3catHS_SomeColl,educ_3cat,Education,HS_SomeColl,LT_HS,70-79,2005,0.374952,0.030988,0.314209,0.43569600000000003,9333
CPS,educ_3catBA_plus,educ_3cat,Education,BA_plus,LT_HS,70-79,2005,0.71535,0.040454,0.636052,0.794648,9333
CPS,sexFemale,sex,Sex,Female,Male,70-79,2006,0.008814,0.026306,-0.042752,0.06038,9159
CPS,race_includehispBlack,race_includehisp,Race/Ethnicity,Black,White,70-79,2006,-0.302518,0.039549,-0.380042,-0.224994,9159
CPS,race_includehispAIAN,race_includehisp,Race/Ethnicity,AIAN,White,70-79,2006,-0.227415,0.143889,-0.50947,0.054641,9159
CPS,race_includehispAsian,race_includehisp,Race/Ethnicity,Asian,White,70-79,2006,0.084646,0.060709,-0.034356,0.203649,9159
CPS,race_includehispHispanic,race_includehisp,Race/Ethnicity,Hispanic,White,70-79,2006,-0.156252,0.050551,-0.255344,-0.057160999999999997,9159
CPS,race_includehispOther,race_includehisp,Race/Ethnicity,Other,White,70-79,2006,-0.301307,0.101489,-0.500247,-0.102366,9159
CPS,educ_3catHS_SomeColl,educ_3cat,Education,HS_SomeColl,LT_HS,70-79,2006,0.408243,0.031719,0.346067,0.470419,9159
CPS,educ_3catBA_plus,educ_3cat,Education,BA_plus,LT_HS,70-79,2006,0.75464,0.04094,0.674388,0.834892,9159
CPS,sexFemale,sex,Sex,Female,Male,70-79,2007,-5.67e-4,0.026613,-0.052735,0.051601,8984
CPS,race_includehispBlack,race_includehisp,Race/Ethnicity,Black,White,70-79,2007,-0.25713,0.037686,-0.331004,-0.183256,8984
CPS,race_includehispAIAN,race_includehisp,Race/Ethnicity,AIAN,White,70-79,2007,0.18982,0.166378,-0.136319,0.515959,8984
CPS,race_includehispAsian,race_includehisp,Race/Ethnicity,Asian,White,70-79,2007,-0.031386,0.063873,-0.156591,0.093819,8984
CPS,race_includehispHispanic,race_includehisp,Race/Ethnicity,Hispanic,White,70-79,2007,-0.153051,0.050995,-0.253013,-0.053089,8984
CPS,race_includehispOther,race_includehisp,Race/Ethnicity,Other,White,70-79,2007,-0.400223,0.123112,-0.64155,-0.158896,8984
CPS,educ_3catHS_SomeColl,educ_3cat,Education,HS_SomeColl,LT_HS,70-79,2007,0.333229,0.032784,0.268966,0.397493,8984
CPS,educ_3catBA_plus,educ_3cat,Education,BA_plus,LT_HS,70-79,2007,0.653417,0.041383,0.572297,0.734537,8984
CPS,sexFemale,sex,Sex,Female,Male,70-79,2008,-0.089032,0.026808,-0.141582,-0.036481,8949
CPS,race_includehispBlack,race_includehisp,Race/Ethnicity,Black,White,70-79,2008,-0.308182,0.03765,-0.381986,-0.234379,8949
CPS,race_includehispAIAN,race_includehisp,Race/Ethnicity,AIAN,White,70-79,2008,0.190637,0.164375,-0.131575,0.512849,8949
CPS,race_includehispAsian,race_includehisp,Race/Ethnicity,Asian,White,70-79,2008,-0.138073,0.062865,-0.261304,-0.014843,8949
CPS,race_includehispHispanic,race_includehisp,Race/Ethnicity,Hispanic,White,70-79,2008,-0.161791,0.054242,-0.268118,-0.055464,8949
CPS,race_includehispOther,race_includehisp,Race/Ethnicity,Other,White,70-79,2008,-0.186345,0.131077,-0.443287,0.070596,8949
CPS,educ_3catHS_SomeColl,educ_3cat,Education,HS_SomeColl,LT_HS,70-79,2008,0.384751,0.033519,0.319045,0.450456,8949
CPS,educ_3catBA_plus,educ_3cat,Education,BA_plus,LT_HS,70-79,2008,0.749357,0.041508,0.667993,0.830722,8949
CPS,sexFemale,sex,Sex,Female,Male,70-79,2009,-0.023848,0.026649,-0.076086,0.02839,9026
CPS,race_includehispBlack,race_includehisp,Race/Ethnicity,Black,White,70-79,2009,-0.386883,0.037362,-0.460121,-0.313645,9026
CPS,race_includehispAIAN,race_includehisp,Race/Ethnicity,AIAN,White,70-79,2009,-0.012293,0.142151,-0.290942,0.266355,9026
CPS,race_includehispAsian,race_includehisp,Race/Ethnicity,Asian,White,70-79,2009,-0.237664,0.06412,-0.363353,-0.111975,9026
CPS,race_includehispHispanic,race_includehisp,Race/Ethnicity,Hispanic,White,70-79,2009,-0.207247,0.051852,-0.308888,-0.105605,9026
CPS,race_includehispOther,race_includehisp,Race/Ethnicity,Other,White,70-79,2009,-0.205422,0.105721,-0.41266,0.001815,9026
CPS,educ_3catHS_SomeColl,educ_3cat,Education,HS_SomeColl,LT_HS,70-79,2009,0.40400199999999997,0.033911,0.337529,0.470475,9026
CPS,educ_3catBA_plus,educ_3cat,Education,BA_plus,LT_HS,70-79,2009,0.761858,0.041,0.681488,0.842228,9026
CPS,sexFemale,sex,Sex,Female,Male,70-79,2010,0.026268,0.026152,-0.024996,0.077532,9245
CPS,race_includehispBlack,race_includehisp,Race/Ethnicity,Black,White,70-79,2010,-0.264886,0.037231,-0.337867,-0.191906,9245
CPS,race_includehispAIAN,race_includehisp,Race/Ethnicity,AIAN,White,70-79,2010,0.039248,0.170285,-0.294548,0.373045,9245
CPS,race_includehispAsian,race_includehisp,Race/Ethnicity,Asian,White,70-79,2010,-0.313822,0.057216,-0.425978,-0.201666,9245
CPS,race_includehispHispanic,race_includehisp,Race/Ethnicity,Hispanic,White,70-79,2010,-0.195905,0.048197,-0.290382,-0.101428,9245
CPS,race_includehispOther,race_includehisp,Race/Ethnicity,Other,White,70-79,2010,-0.13941,0.108685,-0.352457,0.073638,9245
CPS,educ_3catHS_SomeColl,educ_3cat,Education,HS_SomeColl,LT_HS,70-79,2010,0.402251,0.033454,0.336674,0.467828,9245
CPS,educ_3catBA_plus,educ_3cat,Education,BA_plus,LT_HS,70-79,2010,0.790285,0.040106,0.711668,0.868903,9245
CPS,sexFemale,sex,Sex,Female,Male,70-79,2011,-0.001949,0.02602,-0.052953,0.049055,9266
CPS,race_includehispBlack,race_includehisp,Race/Ethnicity,Black,White,70-79,2011,-0.294373,0.035937,-0.364818,-0.223928,9266
CPS,race_includehispAIAN,race_includehisp,Race/Ethnicity,AIAN,White,70-79,2011,-0.165349,0.140892,-0.441529,0.110831,9266
CPS,race_includehispAsian,race_includehisp,Race/Ethnicity,Asian,White,70-79,2011,-0.184633,0.059489,-0.301244,-0.068022,9266
CPS,race_includehispHispanic,race_includehisp,Race/Ethnicity,Hispanic,White,70-79,2011,-0.104536,0.04615,-0.195001,-0.014071,9266
CPS,race_includehispOther,race_includehisp,Race/Ethnicity,Other,White,70-79,2011,-0.093671,0.124208,-0.337145,0.149803,9266
CPS,educ_3catHS_SomeColl,educ_3cat,Education,HS_SomeColl,LT_HS,70-79,2011,0.399916,0.033441,0.334365,0.465468,9266
CPS,educ_3catBA_plus,educ_3cat,Education,BA_plus,LT_HS,70-79,2011,0.724724,0.04038,0.645571,0.803877,9266
CPS,sexFemale,sex,Sex,Female,Male,70-79,2012,-0.003589,0.026152,-0.054853,0.047675,9346
CPS,race_includehispBlack,race_includehisp,Race/Ethnicity,Black,White,70-79,2012,-0.297311,0.037724,-0.371259,-0.223363,9346
CPS,race_includehispAIAN,race_includehisp,Race/Ethnicity,AIAN,White,70-79,2012,-0.047434,0.159569,-0.360224,0.265355,9346
CPS,race_includehispAsian,race_includehisp,Race/Ethnicity,Asian,White,70-79,2012,-0.157066,0.057577,-0.26993,-0.044201,9346
CPS,race_includehispHispanic,race_includehisp,Race/Ethnicity,Hispanic,White,70-79,2012,-0.136797,0.050218,-0.235236,-0.038358,9346
CPS,race_includehispOther,race_includehisp,Race/Ethnicity,Other,White,70-79,2012,-0.2565,0.12675,-0.504959,-0.008042,9346
CPS,educ_3catHS_SomeColl,educ_3cat,Education,HS_SomeColl,LT_HS,70-79,2012,0.394705,0.03482,0.326451,0.462959,9346
CPS,educ_3catBA_plus,educ_3cat,Education,BA_plus,LT_HS,70-79,2012,0.771288,0.041331,0.69027,0.852305,9346
CPS,sexFemale,sex,Sex,Female,Male,70-79,2013,0.023393,0.025386,-0.02637,0.073155,9760
CPS,race_includehispBlack,race_includehisp,Race/Ethnicity,Black,White,70-79,2013,-0.255377,0.036909,-0.327727,-0.183028,9760
CPS,race_includehispAIAN,race_includehisp,Race/Ethnicity,AIAN,White,70-79,2013,-0.093949,0.138157,-0.364765,0.176867,9760
CPS,race_includehispAsian,race_includehisp,Race/Ethnicity,Asian,White,70-79,2013,-0.123783,0.055544,-0.232661,-0.014906,9760
CPS,race_includehispHispanic,race_includehisp,Race/Ethnicity,Hispanic,White,70-79,2013,-0.161046,0.046595,-0.252382,-0.06971,9760
CPS,race_includehispOther,race_includehisp,Race/Ethnicity,Other,White,70-79,2013,-0.270781,0.10848,-0.483424,-0.058138,9760
CPS,educ_3catHS_SomeColl,educ_3cat,Education,HS_SomeColl,LT_HS,70-79,2013,0.423923,0.034023,0.357231,0.490614,9760
CPS,educ_3catBA_plus,educ_3cat,Education,BA_plus,LT_HS,70-79,2013,0.827791,0.03994,0.7495,0.906083,9760
CPS,sexFemale,sex,Sex,Female,Male,70-79,2014,0.021914,0.028128,-0.033222,0.077049,10028
CPS,race_includehispBlack,race_includehisp,Race/Ethnicity,Black,White,70-79,2014,-0.28164,0.040175,-0.360391,-0.202889,10028
CPS,race_includehispAIAN,race_includehisp,Race/Ethnicity,AIAN,White,70-79,2014,0.008212,0.124124,-0.235096,0.251519,10028
CPS,race_includehispAsian,race_includehisp,Race/Ethnicity,Asian,White,70-79,2014,-0.129293,0.058947,-0.24484,-0.013746,10028
CPS,race_includehispHispanic,race_includehisp,Race/Ethnicity,Hispanic,White,70-79,2014,-0.197508,0.055078,-0.305471,-0.089545,10028
CPS,race_includehispOther,race_includehisp,Race/Ethnicity,Other,White,70-79,2014,0.043475,0.115133,-0.18221,0.26916,10028
CPS,educ_3catHS_SomeColl,educ_3cat,Education,HS_SomeColl,LT_HS,70-79,2014,0.33871,0.039785,0.260723,0.416696,10028
CPS,educ_3catBA_plus,educ_3cat,Education,BA_plus,LT_HS,70-79,2014,0.667145,0.045632,0.577698,0.756593,10028
CPS,sexFemale,sex,Sex,Female,Male,70-79,2015,-0.009906,0.024864,-0.058644,0.038833,10260
CPS,race_includehispBlack,race_includehisp,Race/Ethnicity,Black,White,70-79,2015,-0.344341,0.036031,-0.414969,-0.273712,10260
CPS,race_includehispAIAN,race_includehisp,Race/Ethnicity,AIAN,White,70-79,2015,-0.240641,0.115862,-0.467754,-0.013529,10260
CPS,race_includehispAsian,race_includehisp,Race/Ethnicity,Asian,White,70-79,2015,-0.170039,0.050081,-0.268207,-0.071871,10260
CPS,race_includehispHispanic,race_includehisp,Race/Ethnicity,Hispanic,White,70-79,2015,-0.138039,0.045005,-0.226258,-0.049821,10260
CPS,race_includehispOther,race_includehisp,Race/Ethnicity,Other,White,70-79,2015,-0.164177,0.130008,-0.419018,0.090663,10260
CPS,educ_3catHS_SomeColl,educ_3cat,Education,HS_SomeColl,LT_HS,70-79,2015,0.445775,0.035602,0.375989,0.515562,10260
CPS,educ_3catBA_plus,educ_3cat,Education,BA_plus,LT_HS,70-79,2015,0.702076,0.040429,0.622827,0.781326,10260
CPS,sexFemale,sex,Sex,Female,Male,70-79,2016,0.004767,0.024995,-0.044228,0.053762,9845
CPS,race_includehispBlack,race_includehisp,Race/Ethnicity,Black,White,70-79,2016,-0.25255,0.036947,-0.324974,-0.180125,9845
CPS,race_includehispAIAN,race_includehisp,Race/Ethnicity,AIAN,White,70-79,2016,-0.132546,0.129508,-0.386407,0.121316,9845
CPS,race_includehispAsian,race_includehisp,Race/Ethnicity,Asian,White,70-79,2016,-0.169802,0.047607,-0.263121,-0.076482,9845
CPS,race_includehispHispanic,race_includehisp,Race/Ethnicity,Hispanic,White,70-79,2016,-0.028221,0.046067,-0.118523,0.06208,9845
CPS,race_includehispOther,race_includehisp,Race/Ethnicity,Other,White,70-79,2016,-0.104918,0.122652,-0.345341,0.135505,9845
CPS,educ_3catHS_SomeColl,educ_3cat,Education,HS_SomeColl,LT_HS,70-79,2016,0.426328,0.036489,0.354802,0.497854,9845
CPS,educ_3catBA_plus,educ_3cat,Education,BA_plus,LT_HS,70-79,2016,0.725279,0.040854,0.645197,0.805361,9845
CPS,sexFemale,sex,Sex,Female,Male,70-79,2017,0.016467,0.023628,-0.029848,0.062782,10726
CPS,race_includehispBlack,race_includehisp,Race/Ethnicity,Black,White,70-79,2017,-0.254416,0.034962,-0.322948,-0.185884,10726
CPS,race_includehispAIAN,race_includehisp,Race/Ethnicity,AIAN,White,70-79,2017,-0.323097,0.117663,-0.553738,-0.092455,10726
CPS,race_includehispAsian,race_includehisp,Race/Ethnicity,Asian,White,70-79,2017,-0.227518,0.050287,-0.326089,-0.128946,10726
CPS,race_includehispHispanic,race_includehisp,Race/Ethnicity,Hispanic,White,70-79,2017,-0.205321,0.044147,-0.291857,-0.118784,10726
CPS,race_includehispOther,race_includehisp,Race/Ethnicity,Other,White,70-79,2017,-0.143085,0.106803,-0.352439,0.066269,10726
CPS,educ_3catHS_SomeColl,educ_3cat,Education,HS_SomeColl,LT_HS,70-79,2017,0.359595,0.034017,0.292915,0.426276,10726
CPS,educ_3catBA_plus,educ_3cat,Education,BA_plus,LT_HS,70-79,2017,0.750777,0.037678,0.67692,0.824633,10726
CPS,sexFemale,sex,Sex,Female,Male,70-79,2018,0.032762,0.023663,-0.013621,0.079145,11177
CPS,race_includehispBlack,race_includehisp,Race/Ethnicity,Black,White,70-79,2018,-0.314474,0.034964,-0.38301,-0.245938,11177
CPS,race_includehispAIAN,race_includehisp,Race/Ethnicity,AIAN,White,70-79,2018,-0.445831,0.103888,-0.64947,-0.242191,11177
CPS,race_includehispAsian,race_includehisp,Race/Ethnicity,Asian,White,70-79,2018,-0.243444,0.049692,-0.340849,-0.146039,11177
CPS,race_includehispHispanic,race_includehisp,Race/Ethnicity,Hispanic,White,70-79,2018,-0.165302,0.043323,-0.250224,-0.080381,11177
CPS,race_includehispOther,race_includehisp,Race/Ethnicity,Other,White,70-79,2018,-0.292715,0.098254,-0.48531,-0.10012,11177
CPS,educ_3catHS_SomeColl,educ_3cat,Education,HS_SomeColl,LT_HS,70-79,2018,0.353704,0.036348,0.282456,0.424952,11177
CPS,educ_3catBA_plus,educ_3cat,Education,BA_plus,LT_HS,70-79,2018,0.72247,0.039997,0.644069,0.800871,11177
CPS,sexFemale,sex,Sex,Female,Male,70-79,2019,0.00862,0.022986,-0.036437,0.053677,11655
CPS,race_includehispBlack,race_includehisp,Race/Ethnicity,Black,White,70-79,2019,-0.268643,0.035714,-0.338648,-0.198637,11655
CPS,race_includehispAIAN,race_includehisp,Race/Ethnicity,AIAN,White,70-79,2019,-0.209159,0.111057,-0.42685,0.008532,11655
CPS,race_includehispAsian,race_includehisp,Race/Ethnicity,Asian,White,70-79,2019,-0.224165,0.046759,-0.315821,-0.13251,11655
CPS,race_includehispHispanic,race_includehisp,Race/Ethnicity,Hispanic,White,70-79,2019,-0.154436,0.042826,-0.238382,-0.070491,11655
CPS,race_includehispOther,race_includehisp,Race/Ethnicity,Other,White,70-79,2019,-0.327767,0.110875,-0.545101,-0.110434,11655
CPS,educ_3catHS_SomeColl,educ_3cat,Education,HS_SomeColl,LT_HS,70-79,2019,0.33811600000000003,0.038032,0.263567,0.412666,11655
CPS,educ_3catBA_plus,educ_3cat,Education,BA_plus,LT_HS,70-79,2019,0.696076,0.04088,0.615945,0.776207,11655
CPS,sexFemale,sex,Sex,Female,Male,70-79,2020,0.046109,0.022799,0.001419,0.090798,11309
CPS,race_includehispBlack,race_includehisp,Race/Ethnicity,Black,White,70-79,2020,-0.308412,0.034069,-0.375193,-0.241631,11309
CPS,race_includehispAIAN,race_includehisp,Race/Ethnicity,AIAN,White,70-79,2020,-0.2139,0.129093,-0.466944,0.039144,11309
CPS,race_includehispAsian,race_includehisp,Race/Ethnicity,Asian,White,70-79,2020,-0.187485,0.048807,-0.283156,-0.091814,11309
CPS,race_includehispHispanic,race_includehisp,Race/Ethnicity,Hispanic,White,70-79,2020,-0.088337,0.044749,-0.176052,-6.22e-4,11309
CPS,race_includehispOther,race_includehisp,Race/Ethnicity,Other,White,70-79,2020,-0.043097,0.098532,-0.236237,0.150042,11309
CPS,educ_3catHS_SomeColl,educ_3cat,Education,HS_SomeColl,LT_HS,70-79,2020,0.349767,0.038332,0.274631,0.424904,11309
CPS,educ_3catBA_plus,educ_3cat,Education,BA_plus,LT_HS,70-79,2020,0.682612,0.040866,0.602507,0.762717,11309
CPS,sexFemale,sex,Sex,Female,Male,70-79,2021,0.021238,0.022069,-0.022022,0.064497,11805
CPS,race_includehispBlack,race_includehisp,Race/Ethnicity,Black,White,70-79,2021,-0.322368,0.03345,-0.387935,-0.256801,11805
CPS,race_includehispAIAN,race_includehisp,Race/Ethnicity,AIAN,White,70-79,2021,-0.285499,0.119614,-0.519963,-0.051035,11805
CPS,race_includehispAsian,race_includehisp,Race/Ethnicity,Asian,White,70-79,2021,-0.186657,0.047793,-0.280338,-0.092976,11805
CPS,race_includehispHispanic,race_includehisp,Race/Ethnicity,Hispanic,White,70-79,2021,-0.127087,0.041181,-0.207808,-0.046366,11805
CPS,race_includehispOther,race_includehisp,Race/Ethnicity,Other,White,70-79,2021,-0.140893,0.105196,-0.347095,0.065309,11805
CPS,educ_3catHS_SomeColl,educ_3cat,Education,HS_SomeColl,LT_HS,70-79,2021,0.266971,0.037098,0.194253,0.339689,11805
CPS,educ_3catBA_plus,educ_3cat,Education,BA_plus,LT_HS,70-79,2021,0.633003,0.039315,0.555939,0.710066,11805
CPS,sexFemale,sex,Sex,Female,Male,70-79,2022,0.072647,0.022162,0.029205,0.116088,11555
CPS,race_includehispBlack,race_includehisp,Race/Ethnicity,Black,White,70-79,2022,-0.310337,0.033157,-0.37533,-0.245343,11555
CPS,race_includehispAIAN,race_includehisp,Race/Ethnicity,AIAN,White,70-79,2022,-0.221665,0.116382,-0.449793,0.006463,11555
CPS,race_includehispAsian,race_includehisp,Race/Ethnicity,Asian,White,70-79,2022,-0.125747,0.046766,-0.217417,-0.034077,11555
CPS,race_includehispHispanic,race_includehisp,Race/Ethnicity,Hispanic,White,70-79,2022,-0.15134,0.039868,-0.229488,-0.073192,11555
CPS,race_includehispOther,race_includehisp,Race/Ethnicity,Other,White,70-79,2022,-0.36732,0.13737,-0.636588,-0.098051,11555
CPS,educ_3catHS_SomeColl,educ_3cat,Education,HS_SomeColl,LT_HS,70-79,2022,0.329379,0.039595,0.251766,0.406991,11555
CPS,educ_3catBA_plus,educ_3cat,Education,BA_plus,LT_HS,70-79,2022,0.68711,0.04197,0.604842,0.769379,11555
CPS,sexFemale,sex,Sex,Female,Male,70-79,2023,0.043315,0.021728,7.24e-4,0.085906,11612
CPS,race_includehispBlack,race_includehisp,Race/Ethnicity,Black,White,70-79,2023,-0.273731,0.033034,-0.338483,-0.208979,11612
CPS,race_includehispAIAN,race_includehisp,Race/Ethnicity,AIAN,White,70-79,2023,-0.17732,0.09676,-0.366986,0.012345,11612
CPS,race_includehispAsian,race_includehisp,Race/Ethnicity,Asian,White,70-79,2023,-0.209911,0.043297,-0.29478,-0.125042,11612
CPS,race_includehispHispanic,race_includehisp,Race/Ethnicity,Hispanic,White,70-79,2023,-0.127432,0.040487,-0.206794,-0.048071,11612
CPS,race_includehispOther,race_includehisp,Race/Ethnicity,Other,White,70-79,2023,-0.273149,0.102256,-0.473588,-0.072709,11612
CPS,educ_3catHS_SomeColl,educ_3cat,Education,HS_SomeColl,LT_HS,70-79,2023,0.325492,0.036665,0.253622,0.397362,11612
CPS,educ_3catBA_plus,educ_3cat,Education,BA_plus,LT_HS,70-79,2023,0.658166,0.039031,0.581658,0.734673,11612
CPS,sexFemale,sex,Sex,Female,Male,70-79,2024,0.033926,0.022045,-0.009285,0.077137,11725
CPS,race_includehispBlack,race_includehisp,Race/Ethnicity,Black,White,70-79,2024,-0.271402,0.032616,-0.335335,-0.207469,11725
CPS,race_includehispAIAN,race_includehisp,Race/Ethnicity,AIAN,White,70-79,2024,-0.341295,0.110571,-0.558032,-0.124557,11725
CPS,race_includehispAsian,race_includehisp,Race/Ethnicity,Asian,White,70-79,2024,-0.195057,0.046379,-0.285967,-0.104147,11725
CPS,race_includehispHispanic,race_includehisp,Race/Ethnicity,Hispanic,White,70-79,2024,-0.175791,0.040192,-0.254574,-0.097009,11725
CPS,race_includehispOther,race_includehisp,Race/Ethnicity,Other,White,70-79,2024,-0.184744,0.093091,-0.367219,-0.002269,11725
CPS,educ_3catHS_SomeColl,educ_3cat,Education,HS_SomeColl,LT_HS,70-79,2024,0.373393,0.039491,0.295984,0.450803,11725
CPS,educ_3catBA_plus,educ_3cat,Education,BA_plus,LT_HS,70-79,2024,0.716469,0.041594,0.634938,0.797999,11725
CPS,sexFemale,sex,Sex,Female,Male,70-79,2025,0.053152,0.021567,0.010878,0.095426,11983
CPS,race_includehispBlack,race_includehisp,Race/Ethnicity,Black,White,70-79,2025,-0.296912,0.03258,-0.360774,-0.23305,11983
CPS,race_includehispAIAN,race_includehisp,Race/Ethnicity,AIAN,White,70-79,2025,-0.201111,0.116843,-0.430142,0.027921,11983
CPS,race_includehispAsian,race_includehisp,Race/Ethnicity,Asian,White,70-79,2025,-0.129898,0.044791,-0.217696,-0.0421,11983
CPS,race_includehispHispanic,race_includehisp,Race/Ethnicity,Hispanic,White,70-79,2025,-0.221403,0.039436,-0.298703,-0.144102,11983
CPS,race_includehispOther,race_includehisp,Race/Ethnicity,Other,White,70-79,2025,-0.243867,0.109182,-0.45788,-0.029853,11983
CPS,educ_3catHS_SomeColl,educ_3cat,Education,HS_SomeColl,LT_HS,70-79,2025,0.309212,0.040277,0.230263,0.388161,11983
CPS,educ_3catBA_plus,educ_3cat,Education,BA_plus,LT_HS,70-79,2025,0.689543,0.04202,0.607177,0.77191,11983
CPS,sexFemale,sex,Sex,Female,Male,80-89,1996,0.009003,0.049216,-0.087498,0.105504,2997
CPS,race_includehispBlack,race_includehisp,Race/Ethnicity,Black,White,80-89,1996,-0.205759,0.084554,-0.371548,-0.03997,2997
CPS,race_includehispAIAN,race_includehisp,Race/Ethnicity,AIAN,White,80-89,1996,0.536254,0.292824,-0.037902,1.110411,2997
CPS,race_includehispHispanic,race_includehisp,Race/Ethnicity,Hispanic,White,80-89,1996,-0.055382,0.134421,-0.318948,0.208185,2997
CPS,educ_3catHS_SomeColl,educ_3cat,Education,HS_SomeColl,LT_HS,80-89,1996,0.360683,0.050327,0.262004,0.459361,2997
CPS,educ_3catBA_plus,educ_3cat,Education,BA_plus,LT_HS,80-89,1996,0.369137,0.079586,0.213088,0.525186,2997
CPS,sexFemale,sex,Sex,Female,Male,80-89,1997,-0.01481,0.046868,-0.106705,0.077085,3109
CPS,race_includehispBlack,race_includehisp,Race/Ethnicity,Black,White,80-89,1997,-0.354822,0.083284,-0.518119,-0.191525,3109
CPS,race_includehispAIAN,race_includehisp,Race/Ethnicity,AIAN,White,80-89,1997,0.038262,0.459538,-0.862766,0.939291,3109
CPS,race_includehispHispanic,race_includehisp,Race/Ethnicity,Hispanic,White,80-89,1997,-0.442481,0.104902,-0.648165,-0.236798,3109
CPS,educ_3catHS_SomeColl,educ_3cat,Education,HS_SomeColl,LT_HS,80-89,1997,0.258144,0.048253,0.163533,0.352754,3109
CPS,educ_3catBA_plus,educ_3cat,Education,BA_plus,LT_HS,80-89,1997,0.550919,0.0747,0.404452,0.697385,3109
CPS,sexFemale,sex,Sex,Female,Male,80-89,1998,0.03911,0.046321,-0.051713,0.129933,3043
CPS,race_includehispBlack,race_includehisp,Race/Ethnicity,Black,White,80-89,1998,-0.287354,0.086864,-0.457672,-0.117036,3043
CPS,race_includehispAIAN,race_includehisp,Race/Ethnicity,AIAN,White,80-89,1998,0.308261,0.406636,-0.489049,1.10557,3043
CPS,race_includehispHispanic,race_includehisp,Race/Ethnicity,Hispanic,White,80-89,1998,-0.386531,0.09148,-0.565901,-0.207162,3043
CPS,educ_3catHS_SomeColl,educ_3cat,Education,HS_SomeColl,LT_HS,80-89,1998,0.313628,0.047849,0.219808,0.407449,3043
CPS,educ_3catBA_plus,educ_3cat,Education,BA_plus,LT_HS,80-89,1998,0.531471,0.080447,0.373735,0.689207,3043
CPS,sexFemale,sex,Sex,Female,Male,80-89,1999,0.054606,0.044095,-0.031851,0.141063,3178
CPS,race_includehispBlack,race_includehisp,Race/Ethnicity,Black,White,80-89,1999,-0.192181,0.090929,-0.370466,-0.013896,3178
CPS,race_includehispAIAN,race_includehisp,Race/Ethnicity,AIAN,White,80-89,1999,0.136088,0.372673,-0.594617,0.866792,3178
CPS,race_includehispHispanic,race_includehisp,Race/Ethnicity,Hispanic,White,80-89,1999,-0.129559,0.11184,-0.348844,0.089727,3178
CPS,educ_3catHS_SomeColl,educ_3cat,Education,HS_SomeColl,LT_HS,80-89,1999,0.436282,0.045273,0.347514,0.525051,3178
CPS,educ_3catBA_plus,educ_3cat,Education,BA_plus,LT_HS,80-89,1999,0.686735,0.067415,0.554554,0.818916,3178
CPS,sexFemale,sex,Sex,Female,Male,80-89,2000,0.02767,0.045529,-0.061599,0.116939,3207
CPS,race_includehispBlack,race_includehisp,Race/Ethnicity,Black,White,80-89,2000,-0.21391,0.085758,-0.382056,-0.045764,3207
CPS,race_includehispAIAN,race_includehisp,Race/Ethnicity,AIAN,White,80-89,2000,-0.649932,0.298012,-1.234246,-0.065618,3207
CPS,race_includehispHispanic,race_includehisp,Race/Ethnicity,Hispanic,White,80-89,2000,0.058662,0.107435,-0.151987,0.269311,3207
CPS,educ_3catHS_SomeColl,educ_3cat,Education,HS_SomeColl,LT_HS,80-89,2000,0.262641,0.047528,0.169452,0.355829,3207
CPS,educ_3catBA_plus,educ_3cat,Education,BA_plus,LT_HS,80-89,2000,0.57713,0.076808,0.426533,0.727727,3207
CPS,sexFemale,sex,Sex,Female,Male,80-89,2001,0.017933,0.041301,-0.063039,0.098905,4031
CPS,race_includehispBlack,race_includehisp,Race/Ethnicity,Black,White,80-89,2001,-0.233675,0.060566,-0.352417,-0.114933,4031
CPS,race_includehispAIAN,race_includehisp,Race/Ethnicity,AIAN,White,80-89,2001,-0.36893,0.237215,-0.834002,0.096143,4031
CPS,race_includehispHispanic,race_includehisp,Race/Ethnicity,Hispanic,White,80-89,2001,0.044501,0.088933,-0.129856,0.218858,4031
CPS,educ_3catHS_SomeColl,educ_3cat,Education,HS_SomeColl,LT_HS,80-89,2001,0.305656,0.045176,0.217086,0.394227,4031
CPS,educ_3catBA_plus,educ_3cat,Education,BA_plus,LT_HS,80-89,2001,0.514638,0.066479,0.384302,0.644973,4031
CPS,sexFemale,sex,Sex,Female,Male,80-89,2002,-0.022728,0.03871,-0.098618,0.053163,4664
CPS,race_includehispBlack,race_includehisp,Race/Ethnicity,Black,White,80-89,2002,-0.245642,0.053268,-0.350073,-0.141211,4664
CPS,race_includehispAIAN,race_includehisp,Race/Ethnicity,AIAN,White,80-89,2002,0.217167,0.303785,-0.378396,0.81273,4664
CPS,race_includehispHispanic,race_includehisp,Race/Ethnicity,Hispanic,White,80-89,2002,-0.152036,0.087923,-0.32440600000000003,0.020334,4664
CPS,educ_3catHS_SomeColl,educ_3cat,Education,HS_SomeColl,LT_HS,80-89,2002,0.26049,0.042169,0.177819,0.343162,4664
CPS,educ_3catBA_plus,educ_3cat,Education,BA_plus,LT_HS,80-89,2002,0.474628,0.064166,0.348832,0.600425,4664
CPS,sexFemale,sex,Sex,Female,Male,80-89,2003,-0.05059,0.036958,-0.123044,0.021863,5020
CPS,race_includehispBlack,race_includehisp,Race/Ethnicity,Black,White,80-89,2003,-0.240202,0.055377,-0.348765,-0.131639,5020
CPS,race_includehispAIAN,race_includehisp,Race/Ethnicity,AIAN,White,80-89,2003,-0.359515,0.233888,-0.818037,0.099008,5020
CPS,race_includehispAsian,race_includehisp,Race/Ethnicity,Asian,White,80-89,2003,0.052496,0.120192,-0.183132,0.288125,5020
CPS,race_includehispHispanic,race_includehisp,Race/Ethnicity,Hispanic,White,80-89,2003,-0.141236,0.088022,-0.313797,0.031325,5020
CPS,race_includehispOther,race_includehisp,Race/Ethnicity,Other,White,80-89,2003,-0.100315,0.215912,-0.523598,0.322968,5020
CPS,educ_3catHS_SomeColl,educ_3cat,Education,HS_SomeColl,LT_HS,80-89,2003,0.288564,0.039164,0.211786,0.365342,5020
CPS,educ_3catBA_plus,educ_3cat,Education,BA_plus,LT_HS,80-89,2003,0.501677,0.060352,0.383361,0.619994,5020
CPS,sexFemale,sex,Sex,Female,Male,80-89,2004,-0.010586,0.037275,-0.083661,0.062489,4992
CPS,race_includehispBlack,race_includehisp,Race/Ethnicity,Black,White,80-89,2004,-0.402599,0.053321,-0.507132,-0.298067,4992
CPS,race_includehispAIAN,race_includehisp,Race/Ethnicity,AIAN,White,80-89,2004,-0.094428,0.219573,-0.524889,0.336032,4992
CPS,race_includehispAsian,race_includehisp,Race/Ethnicity,Asian,White,80-89,2004,-0.112206,0.085531,-0.279885,0.055472,4992
CPS,race_includehispHispanic,race_includehisp,Race/Ethnicity,Hispanic,White,80-89,2004,-0.133852,0.076789,-0.284392,0.016689,4992
CPS,race_includehispOther,race_includehisp,Race/Ethnicity,Other,White,80-89,2004,0.114096,0.207928,-0.293535,0.521727,4992
CPS,educ_3catHS_SomeColl,educ_3cat,Education,HS_SomeColl,LT_HS,80-89,2004,0.237912,0.039945,0.159603,0.316222,4992
CPS,educ_3catBA_plus,educ_3cat,Education,BA_plus,LT_HS,80-89,2004,0.541968,0.058591,0.427103,0.656833,4992
CPS,sexFemale,sex,Sex,Female,Male,80-89,2005,-0.001401,0.037248,-0.074423,0.071622,5128
CPS,race_includehispBlack,race_includehisp,Race/Ethnicity,Black,White,80-89,2005,-0.301474,0.05289,-0.405161,-0.197787,5128
CPS,race_includehispAIAN,race_includehisp,Race/Ethnicity,AIAN,White,80-89,2005,-0.258103,0.194443,-0.639294,0.123087,5128
CPS,race_includehispAsian,race_includehisp,Race/Ethnicity,Asian,White,80-89,2005,0.058482,0.085784,-0.109692,0.226657,5128
CPS,race_includehispHispanic,race_includehisp,Race/Ethnicity,Hispanic,White,80-89,2005,-0.144504,0.078585,-0.298565,0.009557,5128
CPS,race_includehispOther,race_includehisp,Race/Ethnicity,Other,White,80-89,2005,0.132459,0.19444,-0.248727,0.513644,5128
CPS,educ_3catHS_SomeColl,educ_3cat,Education,HS_SomeColl,LT_HS,80-89,2005,0.249984,0.040366,0.170849,0.32912,5128
CPS,educ_3catBA_plus,educ_3cat,Education,BA_plus,LT_HS,80-89,2005,0.433718,0.055988,0.323957,0.543479,5128
CPS,sexFemale,sex,Sex,Female,Male,80-89,2006,0.021378,0.036249,-0.049685,0.092442,5197
CPS,race_includehispBlack,race_includehisp,Race/Ethnicity,Black,White,80-89,2006,-0.141725,0.05771,-0.25486,-0.028589,5197
CPS,race_includehispAIAN,race_includehisp,Race/Ethnicity,AIAN,White,80-89,2006,0.152292,0.350902,-0.535624,0.840208,5197
CPS,race_includehispAsian,race_includehisp,Race/Ethnicity,Asian,White,80-89,2006,-0.07289,0.09136,-0.251995,0.106215,5197
CPS,race_includehispHispanic,race_includehisp,Race/Ethnicity,Hispanic,White,80-89,2006,-0.22584,0.069332,-0.361759,-0.089921,5197
CPS,race_includehispOther,race_includehisp,Race/Ethnicity,Other,White,80-89,2006,-0.264789,0.181591,-0.620783,0.091205,5197
CPS,educ_3catHS_SomeColl,educ_3cat,Education,HS_SomeColl,LT_HS,80-89,2006,0.286256,0.04058,0.206702,0.36581,5197
CPS,educ_3catBA_plus,educ_3cat,Education,BA_plus,LT_HS,80-89,2006,0.444704,0.052971,0.340859,0.548549,5197
CPS,sexFemale,sex,Sex,Female,Male,80-89,2007,0.022904,0.03726,-0.050141,0.09595,5242
CPS,race_includehispBlack,race_includehisp,Race/Ethnicity,Black,White,80-89,2007,-0.216664,0.057834000000000003,-0.330042,-0.103285,5242
CPS,race_includehispAIAN,race_includehisp,Race/Ethnicity,AIAN,White,80-89,2007,-0.106725,0.246997,-0.590942,0.377492,5242
CPS,race_includehispAsian,race_includehisp,Race/Ethnicity,Asian,White,80-89,2007,-0.131381,0.070096,-0.268798,0.006037,5242
CPS,race_includehispHispanic,race_includehisp,Race/Ethnicity,Hispanic,White,80-89,2007,-0.330024,0.073432,-0.473982,-0.186067,5242
CPS,race_includehispOther,race_includehisp,Race/Ethnicity,Other,White,80-89,2007,-0.02767,0.168229,-0.357469,0.30213,5242
CPS,educ_3catHS_SomeColl,educ_3cat,Education,HS_SomeColl,LT_HS,80-89,2007,0.233902,0.041027,0.153472,0.314332,5242
CPS,educ_3catBA_plus,educ_3cat,Education,BA_plus,LT_HS,80-89,2007,0.459996,0.056856,0.348534,0.571458,5242
CPS,sexFemale,sex,Sex,Female,Male,80-89,2008,0.061158,0.036781,-0.010947,0.133263,5387
CPS,race_includehispBlack,race_includehisp,Race/Ethnicity,Black,White,80-89,2008,-0.242483,0.056129,-0.35252,-0.132447,5387
CPS,race_includehispAIAN,race_includehisp,Race/Ethnicity,AIAN,White,80-89,2008,0.115871,0.276745,-0.426662,0.658404,5387
CPS,race_includehispAsian,race_includehisp,Race/Ethnicity,Asian,White,80-89,2008,-0.05842,0.076977,-0.209326,0.092486,5387
CPS,race_includehispHispanic,race_includehisp,Race/Ethnicity,Hispanic,White,80-89,2008,-0.238924,0.079329,-0.394441,-0.083407,5387
CPS,race_includehispOther,race_includehisp,Race/Ethnicity,Other,White,80-89,2008,-0.132391,0.204057,-0.532427,0.267644,5387
CPS,educ_3catHS_SomeColl,educ_3cat,Education,HS_SomeColl,LT_HS,80-89,2008,0.190394,0.041304,0.109422,0.271366,5387
CPS,educ_3catBA_plus,educ_3cat,Education,BA_plus,LT_HS,80-89,2008,0.385727,0.056439,0.275085,0.49637,5387
CPS,sexFemale,sex,Sex,Female,Male,80-89,2009,-0.049306,0.03595,-0.119782,0.02117,5473
CPS,race_includehispBlack,race_includehisp,Race/Ethnicity,Black,White,80-89,2009,-0.176133,0.053464,-0.280943,-0.071323,5473
CPS,race_includehispAIAN,race_includehisp,Race/Ethnicity,AIAN,White,80-89,2009,-0.132676,0.264795,-0.65178,0.386427,5473
CPS,race_includehispAsian,race_includehisp,Race/Ethnicity,Asian,White,80-89,2009,-0.225008,0.082678,-0.387089,-0.062927,5473
CPS,race_includehispHispanic,race_includehisp,Race/Ethnicity,Hispanic,White,80-89,2009,-0.261655,0.076781,-0.412175,-0.111134,5473
CPS,race_includehispOther,race_includehisp,Race/Ethnicity,Other,White,80-89,2009,-0.03973,0.150412,-0.334597,0.255137,5473
CPS,educ_3catHS_SomeColl,educ_3cat,Education,HS_SomeColl,LT_HS,80-89,2009,0.299454,0.040067,0.220906,0.378001,5473
CPS,educ_3catBA_plus,educ_3cat,Education,BA_plus,LT_HS,80-89,2009,0.591886,0.053342,0.487314,0.696459,5473
CPS,sexFemale,sex,Sex,Female,Male,80-89,2010,0.065133,0.033428,-4e-4,0.130666,5597
CPS,race_includehispBlack,race_includehisp,Race/Ethnicity,Black,White,80-89,2010,-0.162405,0.051368,-0.263106,-0.061704,5597
CPS,race_includehispAIAN,race_includehisp,Race/Ethnicity,AIAN,White,80-89,2010,-0.11099,0.302336,-0.703686,0.481706,5597
CPS,race_includehispAsian,race_includehisp,Race/Ethnicity,Asian,White,80-89,2010,-0.120194,0.075213,-0.267642,0.027253,5597
CPS,race_includehispHispanic,race_includehisp,Race/Ethnicity,Hispanic,White,80-89,2010,-0.129077,0.067585,-0.26157,0.003416,5597
CPS,race_includehispOther,race_includehisp,Race/Ethnicity,Other,White,80-89,2010,-0.104223,0.276092,-0.645471,0.437026,5597
CPS,educ_3catHS_SomeColl,educ_3cat,Education,HS_SomeColl,LT_HS,80-89,2010,0.238127,0.039048,0.161577,0.314677,5597
CPS,educ_3catBA_plus,educ_3cat,Education,BA_plus,LT_HS,80-89,2010,0.580367,0.050717,0.480942,0.679791,5597
CPS,sexFemale,sex,Sex,Female,Male,80-89,2011,0.026802,0.03411,-0.040066,0.093671,5765
CPS,race_includehispBlack,race_includehisp,Race/Ethnicity,Black,White,80-89,2011,-0.30042,0.052197,-0.402746,-0.198094,5765
CPS,race_includehispAIAN,race_includehisp,Race/Ethnicity,AIAN,White,80-89,2011,0.110164,0.309494,-0.49656,0.716889,5765
CPS,race_includehispAsian,race_includehisp,Race/Ethnicity,Asian,White,80-89,2011,-0.010314,0.088747,-0.184292,0.163664,5765
CPS,race_includehispHispanic,race_includehisp,Race/Ethnicity,Hispanic,White,80-89,2011,-0.119246,0.065702,-0.248047,0.009555,5765
CPS,race_includehispOther,race_includehisp,Race/Ethnicity,Other,White,80-89,2011,-0.1356,0.170605,-0.470049,0.19885,5765
CPS,educ_3catHS_SomeColl,educ_3cat,Education,HS_SomeColl,LT_HS,80-89,2011,0.278039,0.039393,0.200814,0.355265,5765
CPS,educ_3catBA_plus,educ_3cat,Education,BA_plus,LT_HS,80-89,2011,0.472171,0.053047,0.368178,0.576163,5765
CPS,sexFemale,sex,Sex,Female,Male,80-89,2012,0.029813,0.034397,-0.037619,0.097244,5779
CPS,race_includehispBlack,race_includehisp,Race/Ethnicity,Black,White,80-89,2012,-0.317087,0.052421,-0.419852,-0.214321,5779
CPS,race_includehispAIAN,race_includehisp,Race/Ethnicity,AIAN,White,80-89,2012,0.59077,0.284771,0.032511,1.149029,5779
CPS,race_includehispAsian,race_includehisp,Race/Ethnicity,Asian,White,80-89,2012,-0.232068,0.069979,-0.369253,-0.094883,5779
CPS,race_includehispHispanic,race_includehisp,Race/Ethnicity,Hispanic,White,80-89,2012,-0.203856,0.071889,-0.344785,-0.062927,5779
CPS,race_includehispOther,race_includehisp,Race/Ethnicity,Other,White,80-89,2012,-0.116237,0.190531,-0.48975,0.257275,5779
CPS,educ_3catHS_SomeColl,educ_3cat,Education,HS_SomeColl,LT_HS,80-89,2012,0.299139,0.039557,0.221592,0.376686,5779
CPS,educ_3catBA_plus,educ_3cat,Education,BA_plus,LT_HS,80-89,2012,0.477468,0.051273,0.376954,0.577981,5779
CPS,sexFemale,sex,Sex,Female,Male,80-89,2013,-0.046326,0.033276,-0.111558,0.018907,5729
CPS,race_includehispBlack,race_includehisp,Race/Ethnicity,Black,White,80-89,2013,-0.151147,0.051241,-0.251599,-0.050695,5729
CPS,race_includehispAIAN,race_includehisp,Race/Ethnicity,AIAN,White,80-89,2013,-0.178104,0.242237,-0.65298,0.296772,5729
CPS,race_includehispAsian,race_includehisp,Race/Ethnicity,Asian,White,80-89,2013,-0.139862,0.070038,-0.277163,-0.00256,5729
CPS,race_includehispHispanic,race_includehisp,Race/Ethnicity,Hispanic,White,80-89,2013,-0.204685,0.062816,-0.327827,-0.081542,5729
CPS,race_includehispOther,race_includehisp,Race/Ethnicity,Other,White,80-89,2013,-0.413161,0.147787,-0.70288,-0.123441,5729
CPS,educ_3catHS_SomeColl,educ_3cat,Education,HS_SomeColl,LT_HS,80-89,2013,0.31392,0.039768,0.23596,0.391881,5729
CPS,educ_3catBA_plus,educ_3cat,Education,BA_plus,LT_HS,80-89,2013,0.615545,0.051833,0.51393200000000006,0.717158,5729
CPS,sexFemale,sex,Sex,Female,Male,80-89,2014,-0.020098,0.037211,-0.093045,0.052849,5834
CPS,race_includehispBlack,race_includehisp,Race/Ethnicity,Black,White,80-89,2014,-0.286289,0.055076,-0.394258,-0.178321,5834
CPS,race_includehispAIAN,race_includehisp,Race/Ethnicity,AIAN,White,80-89,2014,0.032574,0.205061,-0.369422,0.434571,5834
CPS,race_includehispAsian,race_includehisp,Race/Ethnicity,Asian,White,80-89,2014,-0.360736,0.075465,-0.508676,-0.212796,5834
CPS,race_includehispHispanic,race_includehisp,Race/Ethnicity,Hispanic,White,80-89,2014,-0.179047,0.071036,-0.318304,-0.03979,5834
CPS,race_includehispOther,race_includehisp,Race/Ethnicity,Other,White,80-89,2014,-0.17954,0.19446,-0.560753,0.201673,5834
CPS,educ_3catHS_SomeColl,educ_3cat,Education,HS_SomeColl,LT_HS,80-89,2014,0.385342,0.045127,0.296877,0.473808,5834
CPS,educ_3catBA_plus,educ_3cat,Education,BA_plus,LT_HS,80-89,2014,0.545054,0.056499,0.434295,0.655813,5834
CPS,sexFemale,sex,Sex,Female,Male,80-89,2015,0.009393,0.034218,-0.057687,0.076474,5802
CPS,race_includehispBlack,race_includehisp,Race/Ethnicity,Black,White,80-89,2015,-0.217035,0.054167,-0.323223,-0.110846,5802
CPS,race_includehispAIAN,race_includehisp,Race/Ethnicity,AIAN,White,80-89,2015,0.384049,0.236011,-0.078621,0.846719,5802
CPS,race_includehispAsian,race_includehisp,Race/Ethnicity,Asian,White,80-89,2015,-0.16072,0.072298,-0.302451,-0.018989,5802
CPS,race_includehispHispanic,race_includehisp,Race/Ethnicity,Hispanic,White,80-89,2015,-0.201903,0.062028,-0.323502,-0.080304,5802
CPS,race_includehispOther,race_includehisp,Race/Ethnicity,Other,White,80-89,2015,-0.158464,0.162839,-0.477689,0.16076,5802
CPS,educ_3catHS_SomeColl,educ_3cat,Education,HS_SomeColl,LT_HS,80-89,2015,0.269439,0.040878,0.189304,0.349574,5802
CPS,educ_3catBA_plus,educ_3cat,Education,BA_plus,LT_HS,80-89,2015,0.471566,0.050481,0.372604,0.570529,5802
CPS,sexFemale,sex,Sex,Female,Male,80-89,2016,-0.037308,0.034954,-0.105831,0.031216,5415
CPS,race_includehispBlack,race_includehisp,Race/Ethnicity,Black,White,80-89,2016,-0.228104,0.057013,-0.339872,-0.116336,5415
CPS,race_includehispAIAN,race_includehisp,Race/Ethnicity,AIAN,White,80-89,2016,-0.39584,0.186961,-0.762359,-0.029321,5415
CPS,race_includehispAsian,race_includehisp,Race/Ethnicity,Asian,White,80-89,2016,-0.074951,0.067479,-0.207236,0.057334,5415
CPS,race_includehispHispanic,race_includehisp,Race/Ethnicity,Hispanic,White,80-89,2016,-0.097531,0.062632,-0.220314,0.025252,5415
CPS,race_includehispOther,race_includehisp,Race/Ethnicity,Other,White,80-89,2016,-0.234563,0.180703,-0.588815,0.119688,5415
CPS,educ_3catHS_SomeColl,educ_3cat,Education,HS_SomeColl,LT_HS,80-89,2016,0.315301,0.044935,0.22721,0.403392,5415
CPS,educ_3catBA_plus,educ_3cat,Education,BA_plus,LT_HS,80-89,2016,0.534508,0.05402,0.428606,0.64041,5415
CPS,sexFemale,sex,Sex,Female,Male,80-89,2017,-0.033807,0.034645,-0.101724,0.03411,5634
CPS,race_includehispBlack,race_includehisp,Race/Ethnicity,Black,White,80-89,2017,-0.196611,0.052198,-0.29894,-0.094282,5634
CPS,race_includehispAIAN,race_includehisp,Race/Ethnicity,AIAN,White,80-89,2017,-0.41798,0.216576,-0.842552,0.006592,5634
CPS,race_includehispAsian,race_includehisp,Race/Ethnicity,Asian,White,80-89,2017,-0.052107,0.06064,-0.170985,0.066771,5634
CPS,race_includehispHispanic,race_includehisp,Race/Ethnicity,Hispanic,White,80-89,2017,-0.089576,0.063589,-0.214235,0.035083,5634
CPS,race_includehispOther,race_includehisp,Race/Ethnicity,Other,White,80-89,2017,-0.44509,0.175909,-0.78994,-0.10024,5634
CPS,educ_3catHS_SomeColl,educ_3cat,Education,HS_SomeColl,LT_HS,80-89,2017,0.358612,0.043752,0.272841,0.444382,5634
CPS,educ_3catBA_plus,educ_3cat,Education,BA_plus,LT_HS,80-89,2017,0.534035,0.053225,0.429694,0.638376,5634
CPS,sexFemale,sex,Sex,Female,Male,80-89,2018,0.023154,0.033295,-0.042117,0.088426,5735
CPS,race_includehispBlack,race_includehisp,Race/Ethnicity,Black,White,80-89,2018,-0.235275,0.049796,-0.332895,-0.137656,5735
CPS,race_includehispAIAN,race_includehisp,Race/Ethnicity,AIAN,White,80-89,2018,-0.076871,0.272035,-0.610162,0.456421,5735
CPS,race_includehispAsian,race_includehisp,Race/Ethnicity,Asian,White,80-89,2018,-0.127204,0.066669,-0.2579,0.003493,5735
CPS,race_includehispHispanic,race_includehisp,Race/Ethnicity,Hispanic,White,80-89,2018,-0.190781,0.061813,-0.311957,-0.069605,5735
CPS,race_includehispOther,race_includehisp,Race/Ethnicity,Other,White,80-89,2018,-0.225964,0.17764,-0.574206,0.122277,5735
CPS,educ_3catHS_SomeColl,educ_3cat,Education,HS_SomeColl,LT_HS,80-89,2018,0.267437,0.041196,0.186677,0.348197,5735
CPS,educ_3catBA_plus,educ_3cat,Education,BA_plus,LT_HS,80-89,2018,0.522672,0.051427,0.421855,0.623489,5735
CPS,sexFemale,sex,Sex,Female,Male,80-89,2019,0.013965,0.033933,-0.052556,0.080487,5789
CPS,race_includehispBlack,race_includehisp,Race/Ethnicity,Black,White,80-89,2019,-0.172824,0.051873,-0.274515,-0.071133,5789
CPS,race_includehispAIAN,race_includehisp,Race/Ethnicity,AIAN,White,80-89,2019,-0.380373,0.1854,-0.743826,-0.01692,5789
CPS,race_includehispAsian,race_includehisp,Race/Ethnicity,Asian,White,80-89,2019,-0.257173,0.068049,-0.390575,-0.123772,5789
CPS,race_includehispHispanic,race_includehisp,Race/Ethnicity,Hispanic,White,80-89,2019,-0.110901,0.058014,-0.224629,0.002828,5789
CPS,race_includehispOther,race_includehisp,Race/Ethnicity,Other,White,80-89,2019,0.039331,0.203385,-0.35938,0.438042,5789
CPS,educ_3catHS_SomeColl,educ_3cat,Education,HS_SomeColl,LT_HS,80-89,2019,0.322353,0.04245,0.239134,0.405571,5789
CPS,educ_3catBA_plus,educ_3cat,Education,BA_plus,LT_HS,80-89,2019,0.602281,0.050336,0.503603,0.700958,5789
CPS,sexFemale,sex,Sex,Female,Male,80-89,2020,-0.037576,0.033732,-0.103703,0.028552,5546
CPS,race_includehispBlack,race_includehisp,Race/Ethnicity,Black,White,80-89,2020,-0.224117,0.049384,-0.32093,-0.127304,5546
CPS,race_includehispAIAN,race_includehisp,Race/Ethnicity,AIAN,White,80-89,2020,-0.308229,0.164182,-0.630091,0.013632,5546
CPS,race_includehispAsian,race_includehisp,Race/Ethnicity,Asian,White,80-89,2020,-0.186796,0.065766,-0.315724,-0.057868,5546
CPS,race_includehispHispanic,race_includehisp,Race/Ethnicity,Hispanic,White,80-89,2020,-0.162599,0.062122,-0.284382,-0.040815,5546
CPS,race_includehispOther,race_includehisp,Race/Ethnicity,Other,White,80-89,2020,0.046179,0.234603,-0.413735,0.506093,5546
CPS,educ_3catHS_SomeColl,educ_3cat,Education,HS_SomeColl,LT_HS,80-89,2020,0.291856,0.044586,0.20445,0.379261,5546
CPS,educ_3catBA_plus,educ_3cat,Education,BA_plus,LT_HS,80-89,2020,0.504347,0.051064,0.404241,0.604453,5546
CPS,sexFemale,sex,Sex,Female,Male,80-89,2021,-0.032498,0.032201,-0.095624,0.030628,5697
CPS,race_includehispBlack,race_includehisp,Race/Ethnicity,Black,White,80-89,2021,-0.171147,0.050386,-0.269923,-0.072371,5697
CPS,race_includehispAIAN,race_includehisp,Race/Ethnicity,AIAN,White,80-89,2021,-0.381951,0.194021,-0.762307,-0.001596,5697
CPS,race_includehispAsian,race_includehisp,Race/Ethnicity,Asian,White,80-89,2021,-0.153714,0.074594,-0.299947,-0.007481,5697
CPS,race_includehispHispanic,race_includehisp,Race/Ethnicity,Hispanic,White,80-89,2021,-0.119987,0.058802,-0.23526,-0.004713,5697
CPS,race_includehispOther,race_includehisp,Race/Ethnicity,Other,White,80-89,2021,-0.163187,0.140991,-0.439584,0.11321,5697
CPS,educ_3catHS_SomeColl,educ_3cat,Education,HS_SomeColl,LT_HS,80-89,2021,0.26443,0.04491,0.176389,0.35247,5697
CPS,educ_3catBA_plus,educ_3cat,Education,BA_plus,LT_HS,80-89,2021,0.463311,0.050992,0.363346,0.563275,5697
CPS,sexFemale,sex,Sex,Female,Male,80-89,2022,-0.026734,0.033779000000000003,-0.092955,0.039487,5455
CPS,race_includehispBlack,race_includehisp,Race/Ethnicity,Black,White,80-89,2022,-0.247272,0.048799,-0.342939,-0.151606,5455
CPS,race_includehispAIAN,race_includehisp,Race/Ethnicity,AIAN,White,80-89,2022,-0.262869,0.145464,-0.548037,0.022298,5455
CPS,race_includehispAsian,race_includehisp,Race/Ethnicity,Asian,White,80-89,2022,-0.149674,0.078978,-0.304503,0.005155,5455
CPS,race_includehispHispanic,race_includehisp,Race/Ethnicity,Hispanic,White,80-89,2022,-0.134108,0.066269,-0.26402,-0.004195,5455
CPS,race_includehispOther,race_includehisp,Race/Ethnicity,Other,White,80-89,2022,-0.112272,0.175143,-0.455623,0.231078,5455
CPS,educ_3catHS_SomeColl,educ_3cat,Education,HS_SomeColl,LT_HS,80-89,2022,0.351858,0.04775,0.258249,0.445468,5455
CPS,educ_3catBA_plus,educ_3cat,Education,BA_plus,LT_HS,80-89,2022,0.626382,0.054064,0.520396,0.732369,5455
CPS,sexFemale,sex,Sex,Female,Male,80-89,2023,0.015499,0.033145,-0.049478,0.080476,5568
CPS,race_includehispBlack,race_includehisp,Race/Ethnicity,Black,White,80-89,2023,-0.218357,0.04724,-0.310966,-0.125748,5568
CPS,race_includehispAIAN,race_includehisp,Race/Ethnicity,AIAN,White,80-89,2023,-0.090431,0.159538,-0.403187,0.222325,5568
CPS,race_includehispAsian,race_includehisp,Race/Ethnicity,Asian,White,80-89,2023,-0.211621,0.063643,-0.336387,-0.086856,5568
CPS,race_includehispHispanic,race_includehisp,Race/Ethnicity,Hispanic,White,80-89,2023,-0.086863,0.06703,-0.218267,0.044542,5568
CPS,race_includehispOther,race_includehisp,Race/Ethnicity,Other,White,80-89,2023,-0.278624,0.204501,-0.679526,0.122279,5568
CPS,educ_3catHS_SomeColl,educ_3cat,Education,HS_SomeColl,LT_HS,80-89,2023,0.262792,0.050193,0.164394,0.361191,5568
CPS,educ_3catBA_plus,educ_3cat,Education,BA_plus,LT_HS,80-89,2023,0.522909,0.055302,0.414495,0.631323,5568
CPS,sexFemale,sex,Sex,Female,Male,80-89,2024,-0.029937,0.033131,-0.094886,0.035012,5586
CPS,race_includehispBlack,race_includehisp,Race/Ethnicity,Black,White,80-89,2024,-0.181997,0.050354,-0.280711,-0.083284,5586
CPS,race_includehispAIAN,race_includehisp,Race/Ethnicity,AIAN,White,80-89,2024,-0.361618,0.216825,-0.786681,0.063444,5586
CPS,race_includehispAsian,race_includehisp,Race/Ethnicity,Asian,White,80-89,2024,-0.249255,0.06959,-0.385678,-0.112833,5586
CPS,race_includehispHispanic,race_includehisp,Race/Ethnicity,Hispanic,White,80-89,2024,-0.19109400000000001,0.060764,-0.310215,-0.071972,5586
CPS,race_includehispOther,race_includehisp,Race/Ethnicity,Other,White,80-89,2024,-0.265485,0.166781,-0.592441,0.06147,5586
CPS,educ_3catHS_SomeColl,educ_3cat,Education,HS_SomeColl,LT_HS,80-89,2024,0.244206,0.050714,0.144786,0.343625,5586
CPS,educ_3catBA_plus,educ_3cat,Education,BA_plus,LT_HS,80-89,2024,0.488934,0.055143,0.380833,0.597035,5586
CPS,sexFemale,sex,Sex,Female,Male,80-89,2025,-7.68e-4,0.033444,-0.066332,0.064795,5624
CPS,race_includehispBlack,race_includehisp,Race/Ethnicity,Black,White,80-89,2025,-0.208813,0.054562,-0.315776,-0.101851,5624
CPS,race_includehispAIAN,race_includehisp,Race/Ethnicity,AIAN,White,80-89,2025,0.135861,0.177477,-0.212063,0.483785,5624
CPS,race_includehispAsian,race_includehisp,Race/Ethnicity,Asian,White,80-89,2025,-0.170549,0.066855,-0.301612,-0.039487,5624
CPS,race_includehispHispanic,race_includehisp,Race/Ethnicity,Hispanic,White,80-89,2025,-0.134347,0.061859,-0.255615,-0.013079,5624
CPS,race_includehispOther,race_includehisp,Race/Ethnicity,Other,White,80-89,2025,-0.258367,0.174167,-0.599802,0.083068,5624
CPS,educ_3catHS_SomeColl,educ_3cat,Education,HS_SomeColl,LT_HS,80-89,2025,0.275473,0.051158,0.175184,0.375762,5624
CPS,educ_3catBA_plus,educ_3cat,Education,BA_plus,LT_HS,80-89,2025,0.592123,0.055737,0.482858,0.701389,5624
NHANES,sexFemale,sex,Sex,Female,Male,18-29,1999.5,-0.168027,0.04502,-0.265286,-0.070768,1435
NHANES,sexFemale,sex,Sex,Female,Male,18-29,2001.5,-0.099189,0.063348,-0.235056,0.036678,1600
NHANES,sexFemale,sex,Sex,Female,Male,18-29,2003.5,-0.070930000000000007,0.055432,-0.189819,0.04796,1489
NHANES,sexFemale,sex,Sex,Female,Male,18-29,2005.5,-0.053796,0.066189,-0.195758,0.088167,1650
NHANES,sexFemale,sex,Sex,Female,Male,18-29,2007.5,-0.027445,0.077697,-0.193053,0.138163,1191
NHANES,sexFemale,sex,Sex,Female,Male,18-29,2009.5,-0.147875,0.072806,-0.303056,0.007307,1350
NHANES,sexFemale,sex,Sex,Female,Male,18-29,2011.5,-0.167134,0.051623,-0.27657,-0.057697,1298
NHANES,sexFemale,sex,Sex,Female,Male,18-29,2013.5,-0.104006,0.047469,-0.205817,-0.002195,1298
NHANES,sexFemale,sex,Sex,Female,Male,18-29,2015.5,-0.098719,0.054655,-0.215942,0.018504,1245
NHANES,sexFemale,sex,Sex,Female,Male,18-29,2017.5,-0.014452,0.0656,-0.155151,0.126246,1113
NHANES,sexFemale,sex,Sex,Female,Male,18-29,2018.5,0.047672,0.057209,-0.070403,0.165746,1837
NHANES,sexFemale,sex,Sex,Female,Male,18-29,2022,-0.085396,0.07283,-0.241601,0.070808,1248
NHANES,sexFemale,sex,Sex,Female,Male,30-39,1999.5,-0.079883,0.070129,-0.231388,0.071622,824
NHANES,sexFemale,sex,Sex,Female,Male,30-39,2001.5,-0.106917,0.096418,-0.313714,0.09988,906
NHANES,sexFemale,sex,Sex,Female,Male,30-39,2003.5,0.07581,0.063683,-0.060776,0.212396,832
NHANES,sexFemale,sex,Sex,Female,Male,30-39,2005.5,0.055932,0.084894,-0.126148,0.238012,855
NHANES,sexFemale,sex,Sex,Female,Male,30-39,2007.5,-0.147981,0.060002,-0.275872,-0.020089,1012
NHANES,sexFemale,sex,Sex,Female,Male,30-39,2009.5,-0.05997,0.076956,-0.223998,0.104058,1041
NHANES,sexFemale,sex,Sex,Female,Male,30-39,2011.5,-0.059011,0.053901,-0.173276,0.055253,962
NHANES,sexFemale,sex,Sex,Female,Male,30-39,2013.5,0.017452,0.063127,-0.117941,0.152845,998
NHANES,sexFemale,sex,Sex,Female,Male,30-39,2015.5,0.16751,0.090668,-0.026954,0.361974,977
NHANES,sexFemale,sex,Sex,Female,Male,30-39,2017.5,-0.039258,0.061496,-0.171153,0.092637,855
NHANES,sexFemale,sex,Sex,Female,Male,30-39,2018.5,-0.020087,0.041158,-0.105032,0.064858,1417
NHANES,sexFemale,sex,Sex,Female,Male,30-39,2022,-0.094012,0.07795,-0.261199,0.073175,1180
NHANES,sexFemale,sex,Sex,Female,Male,40-49,1999.5,-0.193839,0.082491,-0.37205,-0.015629,765
NHANES,sexFemale,sex,Sex,Female,Male,40-49,2001.5,-0.144801,0.079659,-0.315652,0.02605,923
NHANES,sexFemale,sex,Sex,Female,Male,40-49,2003.5,-0.098588,0.096758,-0.306113,0.108936,788
NHANES,sexFemale,sex,Sex,Female,Male,40-49,2005.5,-0.108027,0.074045,-0.266838,0.050785,840
NHANES,sexFemale,sex,Sex,Female,Male,40-49,2007.5,-0.018193,0.109277,-0.251112,0.214727,950
NHANES,sexFemale,sex,Sex,Female,Male,40-49,2009.5,-0.082457,0.093974,-0.282759,0.117845,1105
NHANES,sexFemale,sex,Sex,Female,Male,40-49,2011.5,0.063023,0.070638,-0.086722,0.212768,899
NHANES,sexFemale,sex,Sex,Female,Male,40-49,2013.5,-0.113766,0.044957,-0.210189,-0.017342,1035
NHANES,sexFemale,sex,Sex,Female,Male,40-49,2015.5,-0.045686,0.064746,-0.184552,0.093179,941
NHANES,sexFemale,sex,Sex,Female,Male,40-49,2017.5,-0.042355,0.06848,-0.18923,0.104521,813
NHANES,sexFemale,sex,Sex,Female,Male,40-49,2018.5,-0.010783,0.069779,-0.1548,0.133234,1446
NHANES,sexFemale,sex,Sex,Female,Male,40-49,2022,-0.162888,0.066677,-0.305897,-0.019879,1041
NHANES,sexFemale,sex,Sex,Female,Male,50-59,1999.5,-0.014378,0.118232,-0.269802,0.241046,586
NHANES,sexFemale,sex,Sex,Female,Male,50-59,2001.5,0.002796,0.086212,-0.182111,0.187703,691
NHANES,sexFemale,sex,Sex,Female,Male,50-59,2003.5,-0.065751,0.094045,-0.267458,0.135955,609
NHANES,sexFemale,sex,Sex,Female,Male,50-59,2005.5,-0.089215,0.088037,-0.278036,0.099606,644
NHANES,sexFemale,sex,Sex,Female,Male,50-59,2007.5,0.012103,0.068867,-0.134682,0.158889,920
NHANES,sexFemale,sex,Sex,Female,Male,50-59,2009.5,0.139822,0.078966,-0.02849,0.308134,956
NHANES,sexFemale,sex,Sex,Female,Male,50-59,2011.5,0.112743,0.115332,-0.131749,0.357236,913
NHANES,sexFemale,sex,Sex,Female,Male,50-59,2013.5,-0.136275,0.083279,-0.31489,0.04234,938
NHANES,sexFemale,sex,Sex,Female,Male,50-59,2015.5,0.096523,0.104418,-0.127432,0.320478,923
NHANES,sexFemale,sex,Sex,Female,Male,50-59,2017.5,-0.083405000000000007,0.098862,-0.295443,0.128634,919
NHANES,sexFemale,sex,Sex,Female,Male,50-59,2018.5,-0.053428,0.0954,-0.250323,0.143468,1563
NHANES,sexFemale,sex,Sex,Female,Male,50-59,2022,-0.098632,0.042841,-0.190516,-0.006748,1179
NHANES,sexFemale,sex,Sex,Female,Male,60-69,1999.5,-0.105909,0.074603,-0.267079,0.055261,817
NHANES,sexFemale,sex,Sex,Female,Male,60-69,2001.5,-0.003836,0.084473,-0.185014,0.177341,740
NHANES,sexFemale,sex,Sex,Female,Male,60-69,2003.5,0.059868,0.059029,-0.066737,0.186473,773
NHANES,sexFemale,sex,Sex,Female,Male,60-69,2005.5,-0.071242,0.079556,-0.241872,0.099389,688
NHANES,sexFemale,sex,Sex,Female,Male,60-69,2007.5,-0.089346,0.063352,-0.224378,0.045687,999
NHANES,sexFemale,sex,Sex,Female,Male,60-69,2009.5,0.05694,0.077726,-0.108729,0.222609,961
NHANES,sexFemale,sex,Sex,Female,Male,60-69,2011.5,-0.018184,0.084489,-0.197292,0.160924,908
NHANES,sexFemale,sex,Sex,Female,Male,60-69,2013.5,0.07587,0.10888,-0.157655,0.309394,939
NHANES,sexFemale,sex,Sex,Female,Male,60-69,2015.5,-0.013327,0.080926,-0.186895,0.160241,948
NHANES,sexFemale,sex,Sex,Female,Male,60-69,2017.5,0.133629,0.066532,-0.009067,0.276325,1104
NHANES,sexFemale,sex,Sex,Female,Male,60-69,2018.5,0.074977,0.059075,-0.046948,0.196902,1745
NHANES,sexFemale,sex,Sex,Female,Male,60-69,2022,0.026058,0.068198,-0.120212,0.172328,1765
NHANES,sexFemale,sex,Sex,Female,Male,70-79,1999.5,-0.037598,0.103776,-0.261793,0.18659800000000001,592
NHANES,sexFemale,sex,Sex,Female,Male,70-79,2001.5,-0.086,0.086542,-0.271614,0.099614,589
NHANES,sexFemale,sex,Sex,Female,Male,70-79,2003.5,-0.079791,0.083219,-0.258278,0.098695,609
NHANES,sexFemale,sex,Sex,Female,Male,70-79,2005.5,0.051195,0.080925,-0.122372,0.224762,488
NHANES,sexFemale,sex,Sex,Female,Male,70-79,2007.5,-0.074467,0.082502,-0.250316,0.101382,715
NHANES,sexFemale,sex,Sex,Female,Male,70-79,2009.5,-0.198306,0.079779,-0.36835,-0.028262,687
NHANES,sexFemale,sex,Sex,Female,Male,70-79,2011.5,0.071197,0.117458,-0.177802,0.320196,519
NHANES,sexFemale,sex,Sex,Female,Male,70-79,2013.5,-0.001412,0.096128,-0.207586,0.204761,548
NHANES,sexFemale,sex,Sex,Female,Male,70-79,2015.5,0.081231,0.089266,-0.110225,0.272687,575
NHANES,sexFemale,sex,Sex,Female,Male,70-79,2017.5,0.082299,0.151937,-0.243575,0.408172,619
NHANES,sexFemale,sex,Sex,Female,Male,70-79,2018.5,-0.026252,0.090759,-0.213569,0.161065,994
NHANES,sexFemale,sex,Sex,Female,Male,70-79,2022,0.073817,0.037725,-0.007095,0.154729,1214
NHANES,sexFemale,sex,Sex,Female,Male,80-89,1999.5,-0.245144,0.180517,-0.635127,0.144839,422
NHANES,sexFemale,sex,Sex,Female,Male,80-89,2001.5,-0.015291,0.131705,-0.29777,0.267187,541
NHANES,sexFemale,sex,Sex,Female,Male,80-89,2003.5,-0.038564,0.115279,-0.285814,0.208685,516
NHANES,sexFemale,sex,Sex,Female,Male,80-89,2005.5,-0.085829,0.103462,-0.307732,0.136074,393
NHANES,sexFemale,sex,Sex,Female,Male,80-89,2007.5,-0.014352,0.079557,-0.183923,0.15522,438
NHANES,sexFemale,sex,Sex,Female,Male,80-89,2009.5,6.92e-4,0.060213,-0.127649,0.129033,425
NHANES,sexFemale,sex,Sex,Female,Male,80-89,2011.5,-0.059201,0.120463,-0.314571,0.19617,363
NHANES,sexFemale,sex,Sex,Female,Male,80-89,2013.5,-0.102113,0.12808,-0.376817,0.172591,352
NHANES,sexFemale,sex,Sex,Female,Male,80-89,2015.5,-0.035398,0.070702,-0.187039,0.116242,373
NHANES,sexFemale,sex,Sex,Female,Male,80-89,2017.5,-0.032275,0.114091,-0.276976,0.212426,426
NHANES,sexFemale,sex,Sex,Female,Male,80-89,2018.5,-0.073099,0.099873,-0.279227,0.13303,681
NHANES,sexFemale,sex,Sex,Female,Male,80-89,2022,0.078893,0.128149,-0.195959,0.353745,523
GSS,sexFemale,sex,Sex,Female,Male,18-29,1972,0.008815,0.071586,-0.131929,0.14956,394
GSS,race_includehispBlack,race_includehisp,Race/Ethnicity,Black,White,18-29,1972,-0.118291,0.088204,-0.291709,0.055128,394
GSS,race_includehispOther,race_includehisp,Race/Ethnicity,Other,White,18-29,1972,-0.288447,0.052097,-0.390874,-0.18602,394
GSS,educ_3catHS_SomeColl,educ_3cat,Education,HS_SomeColl,LT_HS,18-29,1972,0.053796,0.096852,-0.136624,0.244216,394
GSS,educ_3catBA_plus,educ_3cat,Education,BA_plus,LT_HS,18-29,1972,0.328541,0.110854,0.110591,0.546491,394
GSS,sexFemale,sex,Sex,Female,Male,18-29,1973,-0.039345,0.084656,-0.205814,0.127124,375
GSS,race_includehispBlack,race_includehisp,Race/Ethnicity,Black,White,18-29,1973,0.031362,0.145581,-0.25491,0.317634,375
GSS,race_includehispOther,race_includehisp,Race/Ethnicity,Other,White,18-29,1973,0.222987,0.260731,-0.289718,0.735691,375
GSS,educ_3catHS_SomeColl,educ_3cat,Education,HS_SomeColl,LT_HS,18-29,1973,0.407076,0.117873,0.175288,0.638864,375
GSS,educ_3catBA_plus,educ_3cat,Education,BA_plus,LT_HS,18-29,1973,0.516321,0.149152,0.223026,0.809617,375
GSS,sexFemale,sex,Sex,Female,Male,18-29,1974,-0.170961,0.073537,-0.315559,-0.026362,380
GSS,race_includehispBlack,race_includehisp,Race/Ethnicity,Black,White,18-29,1974,-0.115288,0.121896,-0.354976,0.124399,380
GSS,race_includehispOther,race_includehisp,Race/Ethnicity,Other,White,18-29,1974,0.609935,0.126385,0.36142,0.858449,380
GSS,educ_3catHS_SomeColl,educ_3cat,Education,HS_SomeColl,LT_HS,18-29,1974,0.342427,0.092279,0.160977,0.523878,380
GSS,educ_3catBA_plus,educ_3cat,Education,BA_plus,LT_HS,18-29,1974,0.446077,0.112087,0.225677,0.666476,380
GSS,sexFemale,sex,Sex,Female,Male,18-29,1975,-0.110105,0.079034,-0.265481,0.04527,405
GSS,race_includehispBlack,race_includehisp,Race/Ethnicity,Black,White,18-29,1975,-0.212723,0.143273,-0.494386,0.068941,405
GSS,race_includehispOther,race_includehisp,Race/Ethnicity,Other,White,18-29,1975,-1.137322,0.099107,-1.33216,-0.942484,405
GSS,educ_3catHS_SomeColl,educ_3cat,Education,HS_SomeColl,LT_HS,18-29,1975,0.051221,0.107488,-0.160094,0.262535,405
GSS,educ_3catBA_plus,educ_3cat,Education,BA_plus,LT_HS,18-29,1975,0.341037,0.123576,0.098095,0.583978,405
GSS,sexFemale,sex,Sex,Female,Male,18-29,1976,-0.111156,0.077179,-0.262906,0.040594,387
GSS,race_includehispBlack,race_includehisp,Race/Ethnicity,Black,White,18-29,1976,-0.291283,0.135863,-0.558418,-0.024148,387
GSS,race_includehispOther,race_includehisp,Race/Ethnicity,Other,White,18-29,1976,0.614762,0.072669,0.47188,0.757645,387
GSS,educ_3catHS_SomeColl,educ_3cat,Education,HS_SomeColl,LT_HS,18-29,1976,0.086572,0.116264,-0.142028,0.315172,387
GSS,educ_3catBA_plus,educ_3cat,Education,BA_plus,LT_HS,18-29,1976,0.330325,0.137672,0.059634,0.601016,387
GSS,sexFemale,sex,Sex,Female,Male,18-29,1977,-0.179719,0.088691999999999993,-0.354139,-0.0053,366
GSS,race_includehispBlack,race_includehisp,Race/Ethnicity,Black,White,18-29,1977,0.119551,0.124837,-0.125951,0.365053,366
GSS,race_includehispOther,race_includehisp,Race/Ethnicity,Other,White,18-29,1977,0.377866,0.264617,-0.142524,0.898256,366
GSS,educ_3catHS_SomeColl,educ_3cat,Education,HS_SomeColl,LT_HS,18-29,1977,0.252283,0.129449,-0.002288,0.506854,366
GSS,educ_3catBA_plus,educ_3cat,Education,BA_plus,LT_HS,18-29,1977,0.573792,0.147883,0.282969,0.864615,366
GSS,sexFemale,sex,Sex,Female,Male,18-29,1980,-0.040464,0.082787,-0.203286,0.122358,357
GSS,race_includehispBlack,race_includehisp,Race/Ethnicity,Black,White,18-29,1980,-0.239053,0.132819,-0.500273,0.022168,357
GSS,race_includehispOther,race_includehisp,Race/Ethnicity,Other,White,18-29,1980,0.700323,0.057616,0.587007,0.81364,357
GSS,educ_3catHS_SomeColl,educ_3cat,Education,HS_SomeColl,LT_HS,18-29,1980,0.142072,0.101399,-0.057355,0.341498,357
GSS,educ_3catBA_plus,educ_3cat,Education,BA_plus,LT_HS,18-29,1980,0.308665,0.140952,0.031448,0.585882,357
GSS,sexFemale,sex,Sex,Female,Male,18-29,1982,-0.117145,0.07405,-0.262642,0.028351,494
GSS,race_includehispBlack,race_includehisp,Race/Ethnicity,Black,White,18-29,1982,-0.006866,0.083031,-0.170009,0.156276,494
GSS,race_includehispOther,race_includehisp,Race/Ethnicity,Other,White,18-29,1982,0.107328,0.25295,-0.389678,0.604334,494
GSS,educ_3catHS_SomeColl,educ_3cat,Education,HS_SomeColl,LT_HS,18-29,1982,0.224235,0.100843,0.026095,0.422375,494
GSS,educ_3catBA_plus,educ_3cat,Education,BA_plus,LT_HS,18-29,1982,0.504004,0.130733,0.247135,0.760873,494
GSS,sexFemale,sex,Sex,Female,Male,18-29,1984,-0.147067,0.072404,-0.289424,-0.00471,391
GSS,race_includehispBlack,race_includehisp,Race/Ethnicity,Black,White,18-29,1984,-0.055861,0.128687,-0.308879,0.197157,391
GSS,race_includehispOther,race_includehisp,Race/Ethnicity,Other,White,18-29,1984,-0.11949,0.181528,-0.4764,0.23742,391
GSS,educ_3catHS_SomeColl,educ_3cat,Education,HS_SomeColl,LT_HS,18-29,1984,0.210626,0.103088,0.007941,0.413311,391
GSS,educ_3catBA_plus,educ_3cat,Education,BA_plus,LT_HS,18-29,1984,0.449314,0.124477,0.204574,0.694054,391
GSS,sexFemale,sex,Sex,Female,Male,18-29,1985,-0.103702,0.077324,-0.255792,0.048388,349
GSS,race_includehispBlack,race_includehisp,Race/Ethnicity,Black,White,18-29,1985,-0.130319,0.122563,-0.371389,0.11075,349
GSS,race_includehispOther,race_includehisp,Race/Ethnicity,Other,White,18-29,1985,-0.525082,0.224465,-0.966583,-0.08358,349
GSS,educ_3catHS_SomeColl,educ_3cat,Education,HS_SomeColl,LT_HS,18-29,1985,0.121185,0.122685,-0.120124,0.362494,349
GSS,educ_3catBA_plus,educ_3cat,Education,BA_plus,LT_HS,18-29,1985,0.426479,0.153271,0.125011,0.727948,349
GSS,sexFemale,sex,Sex,Female,Male,18-29,1987,-0.019414,0.071714,-0.160396,0.121569,407
GSS,race_includehispBlack,race_includehisp,Race/Ethnicity,Black,White,18-29,1987,0.049999,0.075919,-0.099251,0.199249,407
GSS,race_includehispOther,race_includehisp,Race/Ethnicity,Other,White,18-29,1987,0.272078,0.199532,-0.120182,0.664337,407
GSS,educ_3catHS_SomeColl,educ_3cat,Education,HS_SomeColl,LT_HS,18-29,1987,0.070615,0.111771,-0.149114,0.290345,407
GSS,educ_3catBA_plus,educ_3cat,Education,BA_plus,LT_HS,18-29,1987,0.399659,0.127743,0.14853,0.650789,407
GSS,sexFemale,sex,Sex,Female,Male,18-29,1988,-0.088984,0.101072,-0.288166,0.110199,228
GSS,race_includehispBlack,race_includehisp,Race/Ethnicity,Black,White,18-29,1988,-0.056924,0.157271,-0.366859,0.253012,228
GSS,race_includehispOther,race_includehisp,Race/Ethnicity,Other,White,18-29,1988,-0.172988,0.181439,-0.530552,0.184576,228
GSS,educ_3catHS_SomeColl,educ_3cat,Education,HS_SomeColl,LT_HS,18-29,1988,0.198064,0.147641,-0.092892,0.489021,228
GSS,educ_3catBA_plus,educ_3cat,Education,BA_plus,LT_HS,18-29,1988,0.65069,0.170297,0.315085,0.986295,228
GSS,sexFemale,sex,Sex,Female,Male,18-29,1989,0.028169,0.09999,-0.168978,0.225316,210
GSS,race_includehispBlack,race_includehisp,Race/Ethnicity,Black,White,18-29,1989,0.120821,0.133405,-0.142208,0.38385,210
GSS,race_includehispOther,race_includehisp,Race/Ethnicity,Other,White,18-29,1989,0.093981,0.142927,-0.187823,0.375785,210
GSS,educ_3catHS_SomeColl,educ_3cat,Education,HS_SomeColl,LT_HS,18-29,1989,0.20182,0.152822,-0.099493,0.503134,210
GSS,educ_3catBA_plus,educ_3cat,Education,BA_plus,LT_HS,18-29,1989,0.423079,0.175553,0.076947,0.76921,210
GSS,sexFemale,sex,Sex,Female,Male,18-29,1990,-0.06868,0.115206,-0.296043,0.158683,182
GSS,race_includehispBlack,race_includehisp,Race/Ethnicity,Black,White,18-29,1990,-0.008797,0.16839199999999999,-0.341126,0.323531,182
GSS,race_includehispOther,race_includehisp,Race/Ethnicity,Other,White,18-29,1990,0.307197,0.206104,-0.099556,0.713951,182
GSS,educ_3catHS_SomeColl,educ_3cat,Education,HS_SomeColl,LT_HS,18-29,1990,0.459512,0.164136,0.135584,0.78344,182
GSS,educ_3catBA_plus,educ_3cat,Education,BA_plus,LT_HS,18-29,1990,0.702394,0.190709,0.326023,1.078765,182
GSS,sexFemale,sex,Sex,Female,Male,18-29,1991,-0.190211,0.097426,-0.382292,0.001869,212
GSS,race_includehispBlack,race_includehisp,Race/Ethnicity,Black,White,18-29,1991,0.157145,0.141131,-0.121102,0.435391,212
GSS,race_includehispOther,race_includehisp,Race/Ethnicity,Other,White,18-29,1991,-0.205495,0.3421,-0.879962,0.468972,212
GSS,educ_3catHS_SomeColl,educ_3cat,Education,HS_SomeColl,LT_HS,18-29,1991,-0.064479,0.168309,-0.396308,0.26735,212
GSS,educ_3catBA_plus,educ_3cat,Education,BA_plus,LT_HS,18-29,1991,0.243085,0.213759,-0.178351,0.664522,212
GSS,sexFemale,sex,Sex,Female,Male,18-29,1993,-0.09165,0.111907,-0.312346,0.129047,202
GSS,race_includehispBlack,race_includehisp,Race/Ethnicity,Black,White,18-29,1993,0.011272,0.200014,-0.383184,0.405729,202
GSS,race_includehispOther,race_includehisp,Race/Ethnicity,Other,White,18-29,1993,0.01764,0.255026,-0.485308,0.520587,202
GSS,educ_3catHS_SomeColl,educ_3cat,Education,HS_SomeColl,LT_HS,18-29,1993,-0.124998,0.160217,-0.440969,0.190973,202
GSS,educ_3catBA_plus,educ_3cat,Education,BA_plus,LT_HS,18-29,1993,0.211587,0.165143,-0.114099,0.537273,202
GSS,sexFemale,sex,Sex,Female,Male,18-29,1994,0.004109,0.086509,-0.166034,0.174252,356
GSS,race_includehispBlack,race_includehisp,Race/Ethnicity,Black,White,18-29,1994,-0.121432,0.107086,-0.332045,0.08918,356
GSS,race_includehispOther,race_includehisp,Race/Ethnicity,Other,White,18-29,1994,-0.06691,0.211165,-0.482221,0.348402,356
GSS,educ_3catHS_SomeColl,educ_3cat,Education,HS_SomeColl,LT_HS,18-29,1994,0.129154,0.124171,-0.115062,0.37337,356
GSS,educ_3catBA_plus,educ_3cat,Education,BA_plus,LT_HS,18-29,1994,0.199351,0.143542,-0.082963,0.481664,356
GSS,sexFemale,sex,Sex,Female,Male,18-29,1996,0.031756,0.071377,-0.108483,0.171995,501
GSS,race_includehispBlack,race_includehisp,Race/Ethnicity,Black,White,18-29,1996,0.011824,0.089817,-0.164645,0.188293,501
GSS,race_includehispOther,race_includehisp,Race/Ethnicity,Other,White,18-29,1996,-0.184507,0.153089,-0.485292,0.116277,501
GSS,educ_3catHS_SomeColl,educ_3cat,Education,HS_SomeColl,LT_HS,18-29,1996,0.156458,0.114957,-0.069406,0.382322,501
GSS,educ_3catBA_plus,educ_3cat,Education,BA_plus,LT_HS,18-29,1996,0.503682,0.12221,0.263569,0.743795,501
GSS,sexFemale,sex,Sex,Female,Male,18-29,1998,0.062912,0.065805,-0.06636,0.192183,534
GSS,race_includehispBlack,race_includehisp,Race/Ethnicity,Black,White,18-29,1998,-0.091477,0.098711,-0.285391,0.102437,534
GSS,race_includehispOther,race_includehisp,Race/Ethnicity,Other,White,18-29,1998,-0.305485,0.101917,-0.505698,-0.105272,534
GSS,educ_3catHS_SomeColl,educ_3cat,Education,HS_SomeColl,LT_HS,18-29,1998,0.294498,0.107317,0.083677,0.505318,534
GSS,educ_3catBA_plus,educ_3cat,Education,BA_plus,LT_HS,18-29,1998,0.449263,0.12077,0.212015,0.686511,534
GSS,sexFemale,sex,Sex,Female,Male,18-29,2000,-0.011934,0.070266,-0.150044,0.126176,433
GSS,race_includehispBlack,race_includehisp,Race/Ethnicity,Black,White,18-29,2000,-0.129697,0.108931,-0.343807,0.084413,433
GSS,race_includehispHispanic,race_includehisp,Race/Ethnicity,Hispanic,White,18-29,2000,-0.176113,0.107049,-0.386523,0.034296,433
GSS,race_includehispOther,race_includehisp,Race/Ethnicity,Other,White,18-29,2000,-0.043744,0.161801,-0.361771,0.274283,433
GSS,educ_3catHS_SomeColl,educ_3cat,Education,HS_SomeColl,LT_HS,18-29,2000,0.27938,0.104457,0.074065,0.484695,433
GSS,educ_3catBA_plus,educ_3cat,Education,BA_plus,LT_HS,18-29,2000,0.51697,0.118337,0.284373,0.749567,433
GSS,sexFemale,sex,Sex,Female,Male,18-29,2002,0.002651,0.083171,-0.1609,0.166203,374
GSS,race_includehispBlack,race_includehisp,Race/Ethnicity,Black,White,18-29,2002,-0.015332,0.122168,-0.255569,0.224905,374
GSS,race_includehispHispanic,race_includehisp,Race/Ethnicity,Hispanic,White,18-29,2002,0.051633,0.128775,-0.201596,0.304862,374
GSS,race_includehispOther,race_includehisp,Race/Ethnicity,Other,White,18-29,2002,0.106218,0.282578,-0.449458,0.661893,374
GSS,educ_3catHS_SomeColl,educ_3cat,Education,HS_SomeColl,LT_HS,18-29,2002,0.162919,0.131688,-0.096039,0.421877,374
GSS,educ_3catBA_plus,educ_3cat,Education,BA_plus,LT_HS,18-29,2002,0.504011,0.154703,0.199796,0.808227,374
GSS,sexFemale,sex,Sex,Female,Male,18-29,2004,0.074063,0.099926,-0.122729,0.270855,260
GSS,race_includehispBlack,race_includehisp,Race/Ethnicity,Black,White,18-29,2004,-0.143546,0.12158,-0.382984,0.095892,260
GSS,race_includehispHispanic,race_includehisp,Race/Ethnicity,Hispanic,White,18-29,2004,-0.462939,0.159634,-0.77732,-0.148559,260
GSS,race_includehispOther,race_includehisp,Race/Ethnicity,Other,White,18-29,2004,-0.478994,0.295872,-1.06168,0.103692,260
GSS,educ_3catHS_SomeColl,educ_3cat,Education,HS_SomeColl,LT_HS,18-29,2004,0.257039,0.16595,-0.069781,0.58386,260
GSS,educ_3catBA_plus,educ_3cat,Education,BA_plus,LT_HS,18-29,2004,0.372469,0.186858,0.004474,0.740464,260
GSS,sexFemale,sex,Sex,Female,Male,18-29,2006,-0.116141,0.063864,-0.241573,0.00929,591
GSS,race_includehispBlack,race_includehisp,Race/Ethnicity,Black,White,18-29,2006,0.01095,0.093141,-0.171982,0.193882,591
GSS,race_includehispHispanic,race_includehisp,Race/Ethnicity,Hispanic,White,18-29,2006,-0.087469,0.085553,-0.255499,0.08056,591
GSS,race_includehispOther,race_includehisp,Race/Ethnicity,Other,White,18-29,2006,-0.268574,0.195519,-0.65258,0.115431,591
GSS,educ_3catHS_SomeColl,educ_3cat,Education,HS_SomeColl,LT_HS,18-29,2006,0.190666,0.105624,-0.016783,0.398116,591
GSS,educ_3catBA_plus,educ_3cat,Education,BA_plus,LT_HS,18-29,2006,0.616958,0.122492,0.37638,0.857537,591
GSS,sexFemale,sex,Sex,Female,Male,18-29,2008,0.054715,0.114751,-0.171337,0.280767,246
GSS,race_includehispBlack,race_includehisp,Race/Ethnicity,Black,White,18-29,2008,-0.156876,0.176322,-0.504219,0.190467,246
GSS,race_includehispHispanic,race_includehisp,Race/Ethnicity,Hispanic,White,18-29,2008,-0.239967,0.144555,-0.524731,0.044798,246
GSS,race_includehispOther,race_includehisp,Race/Ethnicity,Other,White,18-29,2008,-0.224992,0.192788,-0.604773,0.154789,246
GSS,educ_3catHS_SomeColl,educ_3cat,Education,HS_SomeColl,LT_HS,18-29,2008,0.319695,0.15751,0.00941,0.629981,246
GSS,educ_3catBA_plus,educ_3cat,Education,BA_plus,LT_HS,18-29,2008,0.462424,0.19016,0.08782,0.837027,246
GSS,sexFemale,sex,Sex,Female,Male,18-29,2010,-0.150143,0.112676,-0.372228,0.071942999999999993,223
GSS,race_includehispBlack,race_includehisp,Race/Ethnicity,Black,White,18-29,2010,0.015358,0.153154,-0.286509,0.317225,223
GSS,race_includehispHispanic,race_includehisp,Race/Ethnicity,Hispanic,White,18-29,2010,-0.434962,0.189111,-0.807701,-0.062222,223
GSS,race_includehispOther,race_includehisp,Race/Ethnicity,Other,White,18-29,2010,-0.186448,0.219947,-0.619965,0.247069,223
GSS,educ_3catHS_SomeColl,educ_3cat,Education,HS_SomeColl,LT_HS,18-29,2010,0.193459,0.15679,-0.115576,0.502494,223
GSS,educ_3catBA_plus,educ_3cat,Education,BA_plus,LT_HS,18-29,2010,0.40298,0.183384,0.041528,0.764432,223
GSS,sexFemale,sex,Sex,Female,Male,18-29,2012,-0.090522,0.11785,-0.322836,0.141793,218
GSS,race_includehispBlack,race_includehisp,Race/Ethnicity,Black,White,18-29,2012,-0.233366,0.166549,-0.56168,0.094947,218
GSS,race_includehispHispanic,race_includehisp,Race/Ethnicity,Hispanic,White,18-29,2012,-0.147652,0.149895,-0.443137,0.147832,218
GSS,race_includehispOther,race_includehisp,Race/Ethnicity,Other,White,18-29,2012,-0.242645,0.234373,-0.704657,0.219368,218
GSS,educ_3catHS_SomeColl,educ_3cat,Education,HS_SomeColl,LT_HS,18-29,2012,0.470091,0.195985,0.083751,0.856431,218
GSS,educ_3catBA_plus,educ_3cat,Education,BA_plus,LT_HS,18-29,2012,0.707381,0.225649,0.262566,1.152197,218
GSS,sexFemale,sex,Sex,Female,Male,18-29,2014,0.067639,0.096215,-0.121803,0.257082,272
GSS,race_includehispBlack,race_includehisp,Race/Ethnicity,Black,White,18-29,2014,0.075471,0.129026,-0.178577,0.329518,272
GSS,race_includehispHispanic,race_includehisp,Race/Ethnicity,Hispanic,White,18-29,2014,0.060946,0.123424,-0.182071,0.303963,272
GSS,race_includehispOther,race_includehisp,Race/Ethnicity,Other,White,18-29,2014,0.204418,0.207363,-0.203871,0.612708,272
GSS,educ_3catHS_SomeColl,educ_3cat,Education,HS_SomeColl,LT_HS,18-29,2014,0.572515,0.154819,0.267683,0.877346,272
GSS,educ_3catBA_plus,educ_3cat,Education,BA_plus,LT_HS,18-29,2014,0.861957,0.184963,0.497773,1.226141,272
GSS,sexFemale,sex,Sex,Female,Male,18-29,2016,-0.13069,0.111706,-0.350587,0.089206,285
GSS,race_includehispBlack,race_includehisp,Race/Ethnicity,Black,White,18-29,2016,0.366728,0.126588,0.117534,0.615921,285
GSS,race_includehispHispanic,race_includehisp,Race/Ethnicity,Hispanic,White,18-29,2016,0.324826,0.148409,0.032678,0.616974,285
GSS,race_includehispOther,race_includehisp,Race/Ethnicity,Other,White,18-29,2016,0.035353,0.229902,-0.417216,0.487922,285
GSS,educ_3catHS_SomeColl,educ_3cat,Education,HS_SomeColl,LT_HS,18-29,2016,0.167446,0.232018,-0.289288,0.624181,285
GSS,educ_3catBA_plus,educ_3cat,Education,BA_plus,LT_HS,18-29,2016,0.558477,0.245773,0.074664,1.042291,285
GSS,sexFemale,sex,Sex,Female,Male,18-29,2018,0.001179,0.094137,-0.184117,0.186476,290
GSS,race_includehispBlack,race_includehisp,Race/Ethnicity,Black,White,18-29,2018,0.02252,0.121305,-0.216255,0.261295,290
GSS,race_includehispHispanic,race_includehisp,Race/Ethnicity,Hispanic,White,18-29,2018,0.085068,0.132023,-0.174804,0.34494,290
GSS,race_includehispOther,race_includehisp,Race/Ethnicity,Other,White,18-29,2018,-0.189437,0.181863,-0.547414,0.16854,290
GSS,educ_3catHS_SomeColl,educ_3cat,Education,HS_SomeColl,LT_HS,18-29,2018,0.098338,0.223187,-0.34098,0.537655,290
GSS,educ_3catBA_plus,educ_3cat,Education,BA_plus,LT_HS,18-29,2018,0.364377,0.245207,-0.118284,0.847038,290
GSS,sexFemale,sex,Sex,Female,Male,18-29,2021,0.010156,0.093084,-0.172856,0.193167,396
GSS,race_includehispBlack,race_includehisp,Race/Ethnicity,Black,White,18-29,2021,0.033293,0.149123,-0.259894,0.32648,396
GSS,race_includehispHispanic,race_includehisp,Race/Ethnicity,Hispanic,White,18-29,2021,0.039359,0.112214,-0.181263,0.259982,396
GSS,race_includehispOther,race_includehisp,Race/Ethnicity,Other,White,18-29,2021,0.039062,0.142455,-0.241016,0.319139,396
GSS,educ_3catHS_SomeColl,educ_3cat,Education,HS_SomeColl,LT_HS,18-29,2021,-0.045458,0.146877,-0.33423,0.243313,396
GSS,educ_3catBA_plus,educ_3cat,Education,BA_plus,LT_HS,18-29,2021,0.256758,0.1502,-0.038546,0.552063,396
GSS,sexFemale,sex,Sex,Female,Male,18-29,2022,-0.077887,0.08477,-0.244405,0.08863,548
GSS,race_includehispBlack,race_includehisp,Race/Ethnicity,Black,White,18-29,2022,-0.090879,0.127555,-0.341443,0.159686,548
GSS,race_includehispHispanic,race_includehisp,Race/Ethnicity,Hispanic,White,18-29,2022,0.039726,0.11878,-0.1936,0.273052,548
GSS,race_includehispOther,race_includehisp,Race/Ethnicity,Other,White,18-29,2022,0.110817,0.107542,-0.100434,0.322068,548
GSS,educ_3catHS_SomeColl,educ_3cat,Education,HS_SomeColl,LT_HS,18-29,2022,-0.209417,0.14218,-0.48871,0.069876,548
GSS,educ_3catBA_plus,educ_3cat,Education,BA_plus,LT_HS,18-29,2022,-0.077054,0.166015,-0.403167,0.249058,548
GSS,sexFemale,sex,Sex,Female,Male,18-29,2024,-0.083162,0.089378,-0.258825,0.092501,446
GSS,race_includehispBlack,race_includehisp,Race/Ethnicity,Black,White,18-29,2024,0.029612,0.132492,-0.230784,0.290009,446
GSS,race_includehispHispanic,race_includehisp,Race/Ethnicity,Hispanic,White,18-29,2024,-0.06441,0.114338,-0.289127,0.160308,446
GSS,race_includehispOther,race_includehisp,Race/Ethnicity,Other,White,18-29,2024,0.090992,0.138658,-0.181523,0.363507,446
GSS,educ_3catHS_SomeColl,educ_3cat,Education,HS_SomeColl,LT_HS,18-29,2024,0.08178,0.160335,-0.233339,0.3969,446
GSS,educ_3catBA_plus,educ_3cat,Education,BA_plus,LT_HS,18-29,2024,0.332552,0.176233,-0.013813,0.678916,446
GSS,sexFemale,sex,Sex,Female,Male,30-39,1972,-0.239733,0.087845,-0.412696,-0.06677,271
GSS,race_includehispBlack,race_includehisp,Race/Ethnicity,Black,White,30-39,1972,-0.323274,0.112829,-0.54543,-0.101118,271
GSS,race_includehispOther,race_includehisp,Race/Ethnicity,Other,White,30-39,1972,0.864542,0.110555,0.646865,1.082219,271
GSS,educ_3catHS_SomeColl,educ_3cat,Education,HS_SomeColl,LT_HS,30-39,1972,0.338577,0.11023,0.12154,0.555614,271
GSS,educ_3catBA_plus,educ_3cat,Education,BA_plus,LT_HS,30-39,1972,0.548623,0.129672,0.293305,0.80394,271
GSS,sexFemale,sex,Sex,Female,Male,30-39,1973,-0.270648,0.105681,-0.478663,-0.062633,291
GSS,race_includehispBlack,race_includehisp,Race/Ethnicity,Black,White,30-39,1973,0.012894,0.136159,-0.255111,0.280899,291
GSS,race_includehispOther,race_includehisp,Race/Ethnicity,Other,White,30-39,1973,0.981678,0.129255,0.727262,1.236095,291
GSS,educ_3catHS_SomeColl,educ_3cat,Education,HS_SomeColl,LT_HS,30-39,1973,0.396915,0.132312,0.136481,0.657348,291
GSS,educ_3catBA_plus,educ_3cat,Education,BA_plus,LT_HS,30-39,1973,0.681513,0.145284,0.395547,0.967479,291
GSS,sexFemale,sex,Sex,Female,Male,30-39,1974,-0.081608,0.094079,-0.266803,0.103587,285
GSS,race_includehispBlack,race_includehisp,Race/Ethnicity,Black,White,30-39,1974,-0.342106,0.130578,-0.599151,-0.085062,285
GSS,race_includehispOther,race_includehisp,Race/Ethnicity,Other,White,30-39,1974,-0.291194,0.067158,-0.423395,-0.158994,285
GSS,educ_3catHS_SomeColl,educ_3cat,Education,HS_SomeColl,LT_HS,30-39,1974,0.292531,0.123022,0.050361,0.534701,285
GSS,educ_3catBA_plus,educ_3cat,Education,BA_plus,LT_HS,30-39,1974,0.270636,0.148339,-0.02137,0.562641,285
GSS,sexFemale,sex,Sex,Female,Male,30-39,1975,-0.044119,0.106816,-0.25446,0.166223,264
GSS,race_includehispBlack,race_includehisp,Race/Ethnicity,Black,White,30-39,1975,0.029265,0.19121,-0.347266,0.405796,264
GSS,race_includehispOther,race_includehisp,Race/Ethnicity,Other,White,30-39,1975,0.650271,0.102875,0.447689,0.852853,264
GSS,educ_3catHS_SomeColl,educ_3cat,Education,HS_SomeColl,LT_HS,30-39,1975,0.49204,0.128092,0.239801,0.744279,264
GSS,educ_3catBA_plus,educ_3cat,Education,BA_plus,LT_HS,30-39,1975,0.631419,0.171245,0.294204,0.968634,264
GSS,sexFemale,sex,Sex,Female,Male,30-39,1976,-0.147413,0.091599,-0.327694,0.032869,297
GSS,race_includehispBlack,race_includehisp,Race/Ethnicity,Black,White,30-39,1976,0.256186,0.168245,-0.074946,0.587318,297
GSS,race_includehispOther,race_includehisp,Race/Ethnicity,Other,White,30-39,1976,-0.446769,0.485478,-1.402263,0.508725,297
GSS,educ_3catHS_SomeColl,educ_3cat,Education,HS_SomeColl,LT_HS,30-39,1976,0.450218,0.116446,0.221034,0.679402,297
GSS,educ_3catBA_plus,educ_3cat,Education,BA_plus,LT_HS,30-39,1976,0.704751,0.127603,0.453608,0.955894,297
GSS,sexFemale,sex,Sex,Female,Male,30-39,1977,0.043873,0.083304,-0.12007,0.207816,302
GSS,race_includehispBlack,race_includehisp,Race/Ethnicity,Black,White,30-39,1977,-0.223553,0.150346,-0.519436,0.07233,302
GSS,race_includehispOther,race_includehisp,Race/Ethnicity,Other,White,30-39,1977,-0.675558,0.517823,-1.694638,0.343523,302
GSS,educ_3catHS_SomeColl,educ_3cat,Education,HS_SomeColl,LT_HS,30-39,1977,0.302317,0.128294,0.049834,0.554801,302
GSS,educ_3catBA_plus,educ_3cat,Education,BA_plus,LT_HS,30-39,1977,0.699075,0.133957,0.435447,0.962703,302
GSS,sexFemale,sex,Sex,Female,Male,30-39,1980,-0.020476,0.088193,-0.194005,0.153052,318
GSS,race_includehispBlack,race_includehisp,Race/Ethnicity,Black,White,30-39,1980,0.060144,0.169824,-0.274,0.394289,318
GSS,race_includehispOther,race_includehisp,Race/Ethnicity,Other,White,30-39,1980,-0.033249,0.245288,-0.515877,0.449378,318
GSS,educ_3catHS_SomeColl,educ_3cat,Education,HS_SomeColl,LT_HS,30-39,1980,0.165262,0.142988,-0.11608,0.44660300000000003,318
GSS,educ_3catBA_plus,educ_3cat,Education,BA_plus,LT_HS,30-39,1980,0.438532,0.153854,0.135809,0.741254,318
GSS,sexFemale,sex,Sex,Female,Male,30-39,1982,0.113488,0.084153,-0.051996,0.278972,372
GSS,race_includehispBlack,race_includehisp,Race/Ethnicity,Black,White,30-39,1982,-0.184291,0.097033,-0.375103,0.006521,372
GSS,race_includehispOther,race_includehisp,Race/Ethnicity,Other,White,30-39,1982,-0.621941,0.509762,-1.624372,0.38049,372
GSS,educ_3catHS_SomeColl,educ_3cat,Education,HS_SomeColl,LT_HS,30-39,1982,0.183073,0.157725,-0.127088,0.493234,372
GSS,educ_3catBA_plus,educ_3cat,Education,BA_plus,LT_HS,30-39,1982,0.46549,0.172015,0.127228,0.803753,372
GSS,sexFemale,sex,Sex,Female,Male,30-39,1984,-0.061123,0.07547,-0.209594,0.087347,331
GSS,race_includehispBlack,race_includehisp,Race/Ethnicity,Black,White,30-39,1984,-0.009783,0.129775,-0.265088,0.245522,331
GSS,race_includehispOther,race_includehisp,Race/Ethnicity,Other,White,30-39,1984,-0.212497,0.214901,-0.63527,0.210277,331
GSS,educ_3catHS_SomeColl,educ_3cat,Education,HS_SomeColl,LT_HS,30-39,1984,0.559681,0.17605,0.213339,0.906023,331
GSS,educ_3catBA_plus,educ_3cat,Education,BA_plus,LT_HS,30-39,1984,0.645379,0.183533,0.284316,1.006442,331
GSS,sexFemale,sex,Sex,Female,Male,30-39,1985,6.73e-4,0.088063,-0.172553,0.173898,341
GSS,race_includehispBlack,race_includehisp,Race/Ethnicity,Black,White,30-39,1985,-0.223068,0.216117,-0.648185,0.202048,341
GSS,race_includehispOther,race_includehisp,Race/Ethnicity,Other,White,30-39,1985,-0.076203,0.206315,-0.482039,0.329633,341
GSS,educ_3catHS_SomeColl,educ_3cat,Education,HS_SomeColl,LT_HS,30-39,1985,0.311706,0.14936,0.017904,0.605508,341
GSS,educ_3catBA_plus,educ_3cat,Education,BA_plus,LT_HS,30-39,1985,0.533457,0.153279,0.231947,0.834968,341
GSS,sexFemale,sex,Sex,Female,Male,30-39,1987,-0.058081,0.072391,-0.200363,0.084201,439
GSS,race_includehispBlack,race_includehisp,Race/Ethnicity,Black,White,30-39,1987,-0.206115,0.08967,-0.382357,-0.029872,439
GSS,race_includehispOther,race_includehisp,Race/Ethnicity,Other,White,30-39,1987,-0.029517,0.190829,-0.404584,0.34555,439
GSS,educ_3catHS_SomeColl,educ_3cat,Education,HS_SomeColl,LT_HS,30-39,1987,0.192069,0.123813,-0.051281,0.435419,439
GSS,educ_3catBA_plus,educ_3cat,Education,BA_plus,LT_HS,30-39,1987,0.325209,0.132761,0.064272,0.586146,439
GSS,sexFemale,sex,Sex,Female,Male,30-39,1988,-0.190563,0.094783,-0.37738,-0.003745,222
GSS,race_includehispBlack,race_includehisp,Race/Ethnicity,Black,White,30-39,1988,0.061492,0.12417,-0.183249,0.306233,222
GSS,race_includehispOther,race_includehisp,Race/Ethnicity,Other,White,30-39,1988,-0.462162,0.32845,-1.10954,0.185215,222
GSS,educ_3catHS_SomeColl,educ_3cat,Education,HS_SomeColl,LT_HS,30-39,1988,0.314316,0.180724,-0.041893,0.670525,222
GSS,educ_3catBA_plus,educ_3cat,Education,BA_plus,LT_HS,30-39,1988,0.59162,0.190171,0.216792,0.966448,222
GSS,sexFemale,sex,Sex,Female,Male,30-39,1989,-0.05647,0.088231,-0.230332,0.117391,232
GSS,race_includehispBlack,race_includehisp,Race/Ethnicity,Black,White,30-39,1989,-0.254624,0.155438,-0.560916,0.051669,232
GSS,race_includehispOther,race_includehisp,Race/Ethnicity,Other,White,30-39,1989,-0.137054,0.41707,-0.958897,0.684788,232
GSS,educ_3catHS_SomeColl,educ_3cat,Education,HS_SomeColl,LT_HS,30-39,1989,0.442459,0.226334,-0.003536,0.888455,232
GSS,educ_3catBA_plus,educ_3cat,Education,BA_plus,LT_HS,30-39,1989,0.758961,0.230961,0.303849,1.214074,232
GSS,sexFemale,sex,Sex,Female,Male,30-39,1990,-0.164408,0.090067,-0.341931,0.013115,222
GSS,race_includehispBlack,race_includehisp,Race/Ethnicity,Black,White,30-39,1990,0.020331,0.137141,-0.249976,0.290637,222
GSS,race_includehispOther,race_includehisp,Race/Ethnicity,Other,White,30-39,1990,0.042371,0.154629,-0.262404,0.347146,222
GSS,educ_3catHS_SomeColl,educ_3cat,Education,HS_SomeColl,LT_HS,30-39,1990,0.319965,0.123427,0.076688,0.563241,222
GSS,educ_3catBA_plus,educ_3cat,Education,BA_plus,LT_HS,30-39,1990,0.528823,0.148806,0.235525,0.822121,222
GSS,sexFemale,sex,Sex,Female,Male,30-39,1991,-0.092399,0.098138,-0.285762,0.100965,236
GSS,race_includehispBlack,race_includehisp,Race/Ethnicity,Black,White,30-39,1991,-0.074532,0.131023,-0.332692,0.183627,236
GSS,race_includehispOther,race_includehisp,Race/Ethnicity,Other,White,30-39,1991,-0.128076,0.217335,-0.556298,0.300145,236
GSS,educ_3catHS_SomeColl,educ_3cat,Education,HS_SomeColl,LT_HS,30-39,1991,0.237311,0.250624,-0.256501,0.731124,236
GSS,educ_3catBA_plus,educ_3cat,Education,BA_plus,LT_HS,30-39,1991,0.572366,0.265927,0.048401,1.09633,236
GSS,sexFemale,sex,Sex,Female,Male,30-39,1993,-0.098915,0.091819,-0.279797,0.081967,244
GSS,race_includehispBlack,race_includehisp,Race/Ethnicity,Black,White,30-39,1993,0.034683,0.15715,-0.2749,0.344266,244
GSS,race_includehispOther,race_includehisp,Race/Ethnicity,Other,White,30-39,1993,-0.133552,0.176834,-0.481911,0.214808,244
GSS,educ_3catHS_SomeColl,educ_3cat,Education,HS_SomeColl,LT_HS,30-39,1993,0.321457,0.176988,-0.027207,0.67012,244
GSS,educ_3catBA_plus,educ_3cat,Education,BA_plus,LT_HS,30-39,1993,0.660695,0.181872,0.302411,1.018979,244
GSS,sexFemale,sex,Sex,Female,Male,30-39,1994,-0.033126,0.064996,-0.160825,0.094572,506
GSS,race_includehispBlack,race_includehisp,Race/Ethnicity,Black,White,30-39,1994,-0.160516,0.106153,-0.369077,0.048045,506
GSS,race_includehispOther,race_includehisp,Race/Ethnicity,Other,White,30-39,1994,-0.013056,0.140657,-0.289409,0.263296,506
GSS,educ_3catHS_SomeColl,educ_3cat,Education,HS_SomeColl,LT_HS,30-39,1994,0.391877,0.125732,0.14485,0.638905,506
GSS,educ_3catBA_plus,educ_3cat,Education,BA_plus,LT_HS,30-39,1994,0.557205,0.134389,0.293169,0.821241,506
GSS,sexFemale,sex,Sex,Female,Male,30-39,1996,-0.055582,0.05887,-0.171209,0.060044,579
GSS,race_includehispBlack,race_includehisp,Race/Ethnicity,Black,White,30-39,1996,-0.094626,0.095118,-0.281448,0.092196,579
GSS,race_includehispOther,race_includehisp,Race/Ethnicity,Other,White,30-39,1996,-0.138532,0.154577,-0.442139,0.165075,579
GSS,educ_3catHS_SomeColl,educ_3cat,Education,HS_SomeColl,LT_HS,30-39,1996,0.328363,0.110244,0.11183,0.544895,579
GSS,educ_3catBA_plus,educ_3cat,Education,BA_plus,LT_HS,30-39,1996,0.628472,0.114357,0.403861,0.853082,579
GSS,sexFemale,sex,Sex,Female,Male,30-39,1998,0.044381,0.0538,-0.061255,0.150017,680
GSS,race_includehispBlack,race_includehisp,Race/Ethnicity,Black,White,30-39,1998,-0.003765,0.074748,-0.150532,0.143002,680
GSS,race_includehispOther,race_includehisp,Race/Ethnicity,Other,White,30-39,1998,-0.250021,0.109651,-0.46532,-0.034722,680
GSS,educ_3catHS_SomeColl,educ_3cat,Education,HS_SomeColl,LT_HS,30-39,1998,0.314412,0.091303,0.135139,0.493685,680
GSS,educ_3catBA_plus,educ_3cat,Education,BA_plus,LT_HS,30-39,1998,0.608855,0.09566,0.421028,0.796682,680
GSS,sexFemale,sex,Sex,Female,Male,30-39,2000,-0.212574,0.065376,-0.341032,-0.084116,486
GSS,race_includehispBlack,race_includehisp,Race/Ethnicity,Black,White,30-39,2000,-0.034925,0.094723,-0.221049,0.151198,486
GSS,race_includehispHispanic,race_includehisp,Race/Ethnicity,Hispanic,White,30-39,2000,0.114988,0.11686,-0.114633,0.34461,486
GSS,race_includehispOther,race_includehisp,Race/Ethnicity,Other,White,30-39,2000,-0.217004,0.117964,-0.448794,0.014787,486
GSS,educ_3catHS_SomeColl,educ_3cat,Education,HS_SomeColl,LT_HS,30-39,2000,0.323289,0.108524,0.110046,0.536531,486
GSS,educ_3catBA_plus,educ_3cat,Education,BA_plus,LT_HS,30-39,2000,0.481741,0.118706,0.248493,0.71499,486
GSS,sexFemale,sex,Sex,Female,Male,30-39,2002,0.02845,0.075717,-0.120419,0.177318,394
GSS,race_includehispBlack,race_includehisp,Race/Ethnicity,Black,White,30-39,2002,-0.191969,0.121502,-0.430855,0.046918,394
GSS,race_includehispHispanic,race_includehisp,Race/Ethnicity,Hispanic,White,30-39,2002,-0.18629,0.119082,-0.420418,0.047838,394
GSS,race_includehispOther,race_includehisp,Race/Ethnicity,Other,White,30-39,2002,-0.096234,0.181204,-0.452502,0.260034,394
GSS,educ_3catHS_SomeColl,educ_3cat,Education,HS_SomeColl,LT_HS,30-39,2002,-0.068581,0.12152,-0.307502,0.170341,394
GSS,educ_3catBA_plus,educ_3cat,Education,BA_plus,LT_HS,30-39,2002,0.223092,0.12992,-0.032346,0.47853,394
GSS,sexFemale,sex,Sex,Female,Male,30-39,2004,-0.002226,0.080554,-0.160801,0.156349,284
GSS,race_includehispBlack,race_includehisp,Race/Ethnicity,Black,White,30-39,2004,-0.088061,0.103513,-0.291833,0.115711,284
GSS,race_includehispHispanic,race_includehisp,Race/Ethnicity,Hispanic,White,30-39,2004,0.143447,0.122054,-0.096824,0.383717,284
GSS,race_includehispOther,race_includehisp,Race/Ethnicity,Other,White,30-39,2004,0.245157,0.175243,-0.09982,0.590135,284
GSS,educ_3catHS_SomeColl,educ_3cat,Education,HS_SomeColl,LT_HS,30-39,2004,0.213173,0.135274,-0.053122,0.479468,284
GSS,educ_3catBA_plus,educ_3cat,Education,BA_plus,LT_HS,30-39,2004,0.536107,0.143263,0.254085,0.818129,284
GSS,sexFemale,sex,Sex,Female,Male,30-39,2006,-0.043066,0.067193,-0.174998,0.088867,681
GSS,race_includehispBlack,race_includehisp,Race/Ethnicity,Black,White,30-39,2006,-0.223151,0.097152,-0.413908,-0.032394,681
GSS,race_includehispHispanic,race_includehisp,Race/Ethnicity,Hispanic,White,30-39,2006,0.023637,0.082935,-0.139205,0.186479,681
GSS,race_includehispOther,race_includehisp,Race/Ethnicity,Other,White,30-39,2006,-0.136713,0.187457,-0.504784,0.231357,681
GSS,educ_3catHS_SomeColl,educ_3cat,Education,HS_SomeColl,LT_HS,30-39,2006,0.306089,0.105702,0.098545,0.513633,681
GSS,educ_3catBA_plus,educ_3cat,Education,BA_plus,LT_HS,30-39,2006,0.500411,0.111989,0.280521,0.720302,681
GSS,sexFemale,sex,Sex,Female,Male,30-39,2008,0.041288,0.121694,-0.198473,0.281049,240
GSS,race_includehispBlack,race_includehisp,Race/Ethnicity,Black,White,30-39,2008,-0.117753,0.154569,-0.422284,0.186778,240
GSS,race_includehispHispanic,race_includehisp,Race/Ethnicity,Hispanic,White,30-39,2008,0.108444,0.199853,-0.285306,0.502194,240
GSS,race_includehispOther,race_includehisp,Race/Ethnicity,Other,White,30-39,2008,0.213508,0.180329,-0.141775,0.568791,240
GSS,educ_3catHS_SomeColl,educ_3cat,Education,HS_SomeColl,LT_HS,30-39,2008,0.440533,0.225193,-0.003141,0.884208,240
GSS,educ_3catBA_plus,educ_3cat,Education,BA_plus,LT_HS,30-39,2008,0.512951,0.242868,0.034453,0.99145,240
GSS,sexFemale,sex,Sex,Female,Male,30-39,2010,-0.055574,0.10814,-0.268621,0.157474,242
GSS,race_includehispBlack,race_includehisp,Race/Ethnicity,Black,White,30-39,2010,-0.01811,0.169836,-0.352706,0.316487,242
GSS,race_includehispHispanic,race_includehisp,Race/Ethnicity,Hispanic,White,30-39,2010,-0.463623,0.174047,-0.806515,-0.12073,242
GSS,race_includehispOther,race_includehisp,Race/Ethnicity,Other,White,30-39,2010,-0.30791,0.202619,-0.707092,0.091272,242
GSS,educ_3catHS_SomeColl,educ_3cat,Education,HS_SomeColl,LT_HS,30-39,2010,-0.040261,0.157327,-0.350212,0.26969,242
GSS,educ_3catBA_plus,educ_3cat,Education,BA_plus,LT_HS,30-39,2010,0.315784,0.18759,-0.053789,0.685356,242
GSS,sexFemale,sex,Sex,Female,Male,30-39,2012,0.004846,0.109188,-0.210249,0.21994,246
GSS,race_includehispBlack,race_includehisp,Race/Ethnicity,Black,White,30-39,2012,-0.292337,0.224923,-0.735422,0.150747,246
GSS,race_includehispHispanic,race_includehisp,Race/Ethnicity,Hispanic,White,30-39,2012,-0.153732,0.15853,-0.466026,0.158562,246
GSS,race_includehispOther,race_includehisp,Race/Ethnicity,Other,White,30-39,2012,0.135448,0.173288,-0.205918,0.476815,246
GSS,educ_3catHS_SomeColl,educ_3cat,Education,HS_SomeColl,LT_HS,30-39,2012,-0.230436,0.201283,-0.626951,0.166078,246
GSS,educ_3catBA_plus,educ_3cat,Education,BA_plus,LT_HS,30-39,2012,0.041798,0.212902,-0.377606,0.461203,246
GSS,sexFemale,sex,Sex,Female,Male,30-39,2014,-0.003389,0.09283,-0.186059,0.179282,311
GSS,race_includehispBlack,race_includehisp,Race/Ethnicity,Black,White,30-39,2014,-0.130331,0.127695,-0.38161,0.120947,311
GSS,race_includehispHispanic,race_includehisp,Race/Ethnicity,Hispanic,White,30-39,2014,-0.0833,0.13407,-0.347123,0.180524,311
GSS,race_includehispOther,race_includehisp,Race/Ethnicity,Other,White,30-39,2014,-0.033575,0.201968,-0.431006,0.363857,311
GSS,educ_3catHS_SomeColl,educ_3cat,Education,HS_SomeColl,LT_HS,30-39,2014,0.193286,0.166696,-0.134738,0.521309,311
GSS,educ_3catBA_plus,educ_3cat,Education,BA_plus,LT_HS,30-39,2014,0.316839,0.176569,-0.030614,0.664292,311
GSS,sexFemale,sex,Sex,Female,Male,30-39,2016,0.017973,0.091979,-0.163002,0.198949,320
GSS,race_includehispBlack,race_includehisp,Race/Ethnicity,Black,White,30-39,2016,-0.007422,0.124136,-0.251667,0.236824,320
GSS,race_includehispHispanic,race_includehisp,Race/Ethnicity,Hispanic,White,30-39,2016,-0.143012,0.121155,-0.381393,0.095368,320
GSS,race_includehispOther,race_includehisp,Race/Ethnicity,Other,White,30-39,2016,-0.195585,0.186932,-0.563389,0.172218,320
GSS,educ_3catHS_SomeColl,educ_3cat,Education,HS_SomeColl,LT_HS,30-39,2016,-0.122821,0.148991,-0.415973,0.17033,320
GSS,educ_3catBA_plus,educ_3cat,Education,BA_plus,LT_HS,30-39,2016,0.383627,0.156193,0.076306,0.690948,320
GSS,sexFemale,sex,Sex,Female,Male,30-39,2018,0.197992,0.092646,0.015706,0.380279,320
GSS,race_includehispBlack,race_includehisp,Race/Ethnicity,Black,White,30-39,2018,-0.161617,0.141791,-0.440601,0.117367,320
GSS,race_includehispHispanic,race_includehisp,Race/Ethnicity,Hispanic,White,30-39,2018,0.06555,0.129071,-0.188406,0.319506,320
GSS,race_includehispOther,race_includehisp,Race/Ethnicity,Other,White,30-39,2018,-0.010585,0.168521,-0.342162,0.320992,320
GSS,educ_3catHS_SomeColl,educ_3cat,Education,HS_SomeColl,LT_HS,30-39,2018,0.120445,0.164025,-0.202285,0.443176,320
GSS,educ_3catBA_plus,educ_3cat,Education,BA_plus,LT_HS,30-39,2018,0.378784,0.168902,0.046457,0.711111,320
GSS,sexFemale,sex,Sex,Female,Male,30-39,2021,0.070415,0.062855,-0.053016,0.193845,638
GSS,race_includehispBlack,race_includehisp,Race/Ethnicity,Black,White,30-39,2021,0.043139,0.09981,-0.152862,0.239139,638
GSS,race_includehispHispanic,race_includehisp,Race/Ethnicity,Hispanic,White,30-39,2021,-0.045085,0.089355,-0.220553,0.130384,638
GSS,race_includehispOther,race_includehisp,Race/Ethnicity,Other,White,30-39,2021,0.047544,0.09766,-0.144234,0.239322,638
GSS,educ_3catHS_SomeColl,educ_3cat,Education,HS_SomeColl,LT_HS,30-39,2021,0.125769,0.141698,-0.152487,0.404026,638
GSS,educ_3catBA_plus,educ_3cat,Education,BA_plus,LT_HS,30-39,2021,0.429802,0.143131,0.148731,0.710873,638
GSS,sexFemale,sex,Sex,Female,Male,30-39,2022,0.054745,0.093766,-0.129391,0.238882,630
GSS,race_includehispBlack,race_includehisp,Race/Ethnicity,Black,White,30-39,2022,-0.142449,0.128063,-0.393938,0.109039,630
GSS,race_includehispHispanic,race_includehisp,Race/Ethnicity,Hispanic,White,30-39,2022,0.087769,0.110772,-0.129763,0.3053,630
GSS,race_includehispOther,race_includehisp,Race/Ethnicity,Other,White,30-39,2022,-0.085359,0.17917,-0.43721,0.266492,630
GSS,educ_3catHS_SomeColl,educ_3cat,Education,HS_SomeColl,LT_HS,30-39,2022,-0.086757,0.186638,-0.453273,0.279758,630
GSS,educ_3catBA_plus,educ_3cat,Education,BA_plus,LT_HS,30-39,2022,0.351624,0.189049,-0.019627,0.722875,630
GSS,sexFemale,sex,Sex,Female,Male,30-39,2024,-0.070267,0.081468,-0.230278,0.089744,583
GSS,race_includehispBlack,race_includehisp,Race/Ethnicity,Black,White,30-39,2024,0.122937,0.098443,-0.070414,0.316287,583
GSS,race_includehispHispanic,race_includehisp,Race/Ethnicity,Hispanic,White,30-39,2024,0.094058,0.116313,-0.134391,0.322507,583
GSS,race_includehispOther,race_includehisp,Race/Ethnicity,Other,White,30-39,2024,-0.014645,0.157753,-0.324486,0.295195,583
GSS,educ_3catHS_SomeColl,educ_3cat,Education,HS_SomeColl,LT_HS,30-39,2024,0.287081,0.140411,0.0113,0.562862,583
GSS,educ_3catBA_plus,educ_3cat,Education,BA_plus,LT_HS,30-39,2024,0.650598,0.141478,0.372722,0.928475,583
GSS,sexFemale,sex,Sex,Female,Male,40-49,1972,-0.029855,0.095592,-0.217997,0.158288,295
GSS,race_includehispBlack,race_includehisp,Race/Ethnicity,Black,White,40-49,1972,-0.287846,0.161471,-0.605651,0.029958,295
GSS,educ_3catHS_SomeColl,educ_3cat,Education,HS_SomeColl,LT_HS,40-49,1972,0.232813,0.101495,0.033053,0.432572,295
GSS,educ_3catBA_plus,educ_3cat,Education,BA_plus,LT_HS,40-49,1972,0.680668,0.126039,0.432601,0.928735,295
GSS,sexFemale,sex,Sex,Female,Male,40-49,1973,-0.28737,0.130481,-0.544405,-0.030335,246
GSS,race_includehispBlack,race_includehisp,Race/Ethnicity,Black,White,40-49,1973,-0.497824,0.154248,-0.801675,-0.193972,246
GSS,race_includehispOther,race_includehisp,Race/Ethnicity,Other,White,40-49,1973,-0.232235,0.177966,-0.58281,0.118341,246
GSS,educ_3catHS_SomeColl,educ_3cat,Education,HS_SomeColl,LT_HS,40-49,1973,0.3026,0.142586,0.02172,0.58348,246
GSS,educ_3catBA_plus,educ_3cat,Education,BA_plus,LT_HS,40-49,1973,0.254427,0.199289,-0.138152,0.647005,246
GSS,sexFemale,sex,Sex,Female,Male,40-49,1974,-0.363105,0.105642,-0.571266,-0.154945,234
GSS,race_includehispBlack,race_includehisp,Race/Ethnicity,Black,White,40-49,1974,-0.508987,0.153938,-0.812309,-0.205665,234
GSS,race_includehispOther,race_includehisp,Race/Ethnicity,Other,White,40-49,1974,0.372486,0.351593,-0.320302,1.065274,234
GSS,educ_3catHS_SomeColl,educ_3cat,Education,HS_SomeColl,LT_HS,40-49,1974,0.252618,0.131657,-0.006802,0.512039,234
GSS,educ_3catBA_plus,educ_3cat,Education,BA_plus,LT_HS,40-49,1974,0.478588,0.14224,0.198315,0.758861,234
GSS,sexFemale,sex,Sex,Female,Male,40-49,1975,-0.205573,0.107892,-0.418101,0.006955,248
GSS,race_includehispBlack,race_includehisp,Race/Ethnicity,Black,White,40-49,1975,-0.417354,0.162484,-0.737417,-0.097292,248
GSS,race_includehispOther,race_includehisp,Race/Ethnicity,Other,White,40-49,1975,-1.061013,0.128328,-1.313796,-0.80823,248
GSS,educ_3catHS_SomeColl,educ_3cat,Education,HS_SomeColl,LT_HS,40-49,1975,0.126098,0.133261,-0.136403,0.388598,248
GSS,educ_3catBA_plus,educ_3cat,Education,BA_plus,LT_HS,40-49,1975,0.678251,0.154903,0.373121,0.98338,248
GSS,sexFemale,sex,Sex,Female,Male,40-49,1976,-0.130965,0.119952,-0.367566,0.105635,197
GSS,race_includehispBlack,race_includehisp,Race/Ethnicity,Black,White,40-49,1976,-0.804181,0.269583,-1.335923,-0.27244,197
GSS,race_includehispOther,race_includehisp,Race/Ethnicity,Other,White,40-49,1976,0.804739,0.33036,0.153116,1.456362,197
GSS,educ_3catHS_SomeColl,educ_3cat,Education,HS_SomeColl,LT_HS,40-49,1976,0.43956,0.141303,0.160845,0.718276,197
GSS,educ_3catBA_plus,educ_3cat,Education,BA_plus,LT_HS,40-49,1976,0.669632,0.184886,0.304951,1.034313,197
GSS,sexFemale,sex,Sex,Female,Male,40-49,1977,2.67e-4,0.108602,-0.213628,0.214163,255
GSS,race_includehispBlack,race_includehisp,Race/Ethnicity,Black,White,40-49,1977,-0.107924,0.164358,-0.431634,0.215786,255
GSS,race_includehispOther,race_includehisp,Race/Ethnicity,Other,White,40-49,1977,-0.575569,0.442343,-1.44678,0.295642,255
GSS,educ_3catHS_SomeColl,educ_3cat,Education,HS_SomeColl,LT_HS,40-49,1977,0.520653,0.130856,0.262927,0.778379,255
GSS,educ_3catBA_plus,educ_3cat,Education,BA_plus,LT_HS,40-49,1977,0.642606,0.145468,0.356101,0.92911,255
GSS,sexFemale,sex,Sex,Female,Male,40-49,1980,-0.086874,0.114994,-0.313611,0.139862,209
GSS,race_includehispBlack,race_includehisp,Race/Ethnicity,Black,White,40-49,1980,-0.428522,0.154866,-0.733875,-0.123168,209
GSS,race_includehispOther,race_includehisp,Race/Ethnicity,Other,White,40-49,1980,-0.203406,0.088339,-0.377585,-0.029227,209
GSS,educ_3catHS_SomeColl,educ_3cat,Education,HS_SomeColl,LT_HS,40-49,1980,0.330282,0.162236,0.010398,0.650165,209
GSS,educ_3catBA_plus,educ_3cat,Education,BA_plus,LT_HS,40-49,1980,0.575956,0.18409,0.212982,0.93893,209
GSS,sexFemale,sex,Sex,Female,Male,40-49,1982,0.101032,0.114331,-0.124156,0.326219,253
GSS,race_includehispBlack,race_includehisp,Race/Ethnicity,Black,White,40-49,1982,-0.357697,0.122376,-0.598731,-0.116664,253
GSS,race_includehispOther,race_includehisp,Race/Ethnicity,Other,White,40-49,1982,0.151282,0.417252,-0.670543,0.97310700000000006,253
GSS,educ_3catHS_SomeColl,educ_3cat,Education,HS_SomeColl,LT_HS,40-49,1982,0.154518,0.143151,-0.127433,0.43647,253
GSS,educ_3catBA_plus,educ_3cat,Education,BA_plus,LT_HS,40-49,1982,0.569401,0.165024,0.244368,0.894434,253
GSS,sexFemale,sex,Sex,Female,Male,40-49,1984,-0.112621,0.104314,-0.318241,0.092998,219
GSS,race_includehispBlack,race_includehisp,Race/Ethnicity,Black,White,40-49,1984,-0.381559,0.158125,-0.69325,-0.069869,219
GSS,race_includehispOther,race_includehisp,Race/Ethnicity,Other,White,40-49,1984,-0.040328,0.23493,-0.503412,0.422757,219
GSS,educ_3catHS_SomeColl,educ_3cat,Education,HS_SomeColl,LT_HS,40-49,1984,0.487306,0.130155,0.230749,0.743862,219
GSS,educ_3catBA_plus,educ_3cat,Education,BA_plus,LT_HS,40-49,1984,0.780246,0.14917,0.486207,1.074284,219
GSS,sexFemale,sex,Sex,Female,Male,40-49,1985,-0.017331,0.103023,-0.220402,0.185739,220
GSS,race_includehispBlack,race_includehisp,Race/Ethnicity,Black,White,40-49,1985,-0.307401,0.199334,-0.700311,0.085509,220
GSS,race_includehispOther,race_includehisp,Race/Ethnicity,Other,White,40-49,1985,0.351511,0.235686,-0.113053,0.816076,220
GSS,educ_3catHS_SomeColl,educ_3cat,Education,HS_SomeColl,LT_HS,40-49,1985,0.763965,0.153329,0.461737,1.066194,220
GSS,educ_3catBA_plus,educ_3cat,Education,BA_plus,LT_HS,40-49,1985,0.881129,0.174667,0.536841,1.225418,220
GSS,sexFemale,sex,Sex,Female,Male,40-49,1987,0.1798,0.09509,-0.007336,0.366936,303
GSS,race_includehispBlack,race_includehisp,Race/Ethnicity,Black,White,40-49,1987,-0.264586,0.115847,-0.492571,-0.036602,303
GSS,race_includehispOther,race_includehisp,Race/Ethnicity,Other,White,40-49,1987,-0.489188,0.425527,-1.326618,0.348242,303
GSS,educ_3catHS_SomeColl,educ_3cat,Education,HS_SomeColl,LT_HS,40-49,1987,0.50432,0.144659,0.219633,0.789007,303
GSS,educ_3catBA_plus,educ_3cat,Education,BA_plus,LT_HS,40-49,1987,0.799121,0.157984,0.488211,1.110032,303
GSS,sexFemale,sex,Sex,Female,Male,40-49,1988,-0.139984,0.117468,-0.371961,0.091993,167
GSS,race_includehispBlack,race_includehisp,Race/Ethnicity,Black,White,40-49,1988,-0.541275,0.190608,-0.91769,-0.16486,167
GSS,race_includehispOther,race_includehisp,Race/Ethnicity,Other,White,40-49,1988,0.136863,0.148503,-0.156402,0.430128,167
GSS,educ_3catHS_SomeColl,educ_3cat,Education,HS_SomeColl,LT_HS,40-49,1988,0.278668,0.189684,-0.095921,0.653258,167
GSS,educ_3catBA_plus,educ_3cat,Education,BA_plus,LT_HS,40-49,1988,0.609054,0.204431,0.205341,1.012767,167
GSS,sexFemale,sex,Sex,Female,Male,40-49,1989,0.070886,0.11216,-0.150456,0.292229,183
GSS,race_includehispBlack,race_includehisp,Race/Ethnicity,Black,White,40-49,1989,-0.357814,0.213501,-0.779149,0.06352,183
GSS,race_includehispOther,race_includehisp,Race/Ethnicity,Other,White,40-49,1989,-0.634453,0.322071,-1.270046,0.001141,183
GSS,educ_3catHS_SomeColl,educ_3cat,Education,HS_SomeColl,LT_HS,40-49,1989,0.174848,0.170902,-0.16242,0.512117,183
GSS,educ_3catBA_plus,educ_3cat,Education,BA_plus,LT_HS,40-49,1989,0.172575,0.187394,-0.19724,0.54239,183
GSS,sexFemale,sex,Sex,Female,Male,40-49,1990,0.227123,0.123298,-0.016378,0.470624,166
GSS,race_includehispBlack,race_includehisp,Race/Ethnicity,Black,White,40-49,1990,-0.439469,0.244037,-0.921418,0.04248,166
GSS,race_includehispOther,race_includehisp,Race/Ethnicity,Other,White,40-49,1990,0.0209,0.433084,-0.834398,0.876198,166
GSS,educ_3catHS_SomeColl,educ_3cat,Education,HS_SomeColl,LT_HS,40-49,1990,0.539786,0.188894,0.16674,0.912833,166
GSS,educ_3catBA_plus,educ_3cat,Education,BA_plus,LT_HS,40-49,1990,0.943768,0.192008,0.564571,1.322965,166
GSS,sexFemale,sex,Sex,Female,Male,40-49,1991,-0.131195,0.121801,-0.371603,0.109212,179
GSS,race_includehispBlack,race_includehisp,Race/Ethnicity,Black,White,40-49,1991,1.9e-4,0.194895,-0.384488,0.384868,179
GSS,race_includehispOther,race_includehisp,Race/Ethnicity,Other,White,40-49,1991,0.135788,0.234229,-0.326527,0.598103,179
GSS,educ_3catHS_SomeColl,educ_3cat,Education,HS_SomeColl,LT_HS,40-49,1991,0.506533,0.179167,0.152898,0.860168,179
GSS,educ_3catBA_plus,educ_3cat,Education,BA_plus,LT_HS,40-49,1991,0.630405,0.191771,0.251893,1.008918,179
GSS,sexFemale,sex,Sex,Female,Male,40-49,1993,0.206376,0.106838,-0.004176,0.416928,227
GSS,race_includehispBlack,race_includehisp,Race/Ethnicity,Black,White,40-49,1993,0.132312,0.136613,-0.13692,0.401544,227
GSS,race_includehispOther,race_includehisp,Race/Ethnicity,Other,White,40-49,1993,-0.259112,0.233451,-0.719186,0.200963,227
GSS,educ_3catHS_SomeColl,educ_3cat,Education,HS_SomeColl,LT_HS,40-49,1993,0.278598,0.243246,-0.20078,0.757975,227
GSS,educ_3catBA_plus,educ_3cat,Education,BA_plus,LT_HS,40-49,1993,0.521418,0.246374,0.035876,1.00696,227
GSS,sexFemale,sex,Sex,Female,Male,40-49,1994,-0.010082,0.081661,-0.170598,0.150435,424
GSS,race_includehispBlack,race_includehisp,Race/Ethnicity,Black,White,40-49,1994,-0.327058,0.150583,-0.623052,-0.031063,424
GSS,race_includehispOther,race_includehisp,Race/Ethnicity,Other,White,40-49,1994,-0.047774,0.178455,-0.398555,0.303006,424
GSS,educ_3catHS_SomeColl,educ_3cat,Education,HS_SomeColl,LT_HS,40-49,1994,0.304535,0.12317,0.062426,0.546645,424
GSS,educ_3catBA_plus,educ_3cat,Education,BA_plus,LT_HS,40-49,1994,0.560204,0.132853,0.299061,0.821348,424
GSS,sexFemale,sex,Sex,Female,Male,40-49,1996,-0.015294,0.068974,-0.150804,0.120216,513
GSS,race_includehispBlack,race_includehisp,Race/Ethnicity,Black,White,40-49,1996,-0.114336,0.119509,-0.34913,0.120458,513
GSS,race_includehispOther,race_includehisp,Race/Ethnicity,Other,White,40-49,1996,-0.035898,0.127496,-0.286383,0.214587,513
GSS,educ_3catHS_SomeColl,educ_3cat,Education,HS_SomeColl,LT_HS,40-49,1996,0.482003,0.150866,0.185602,0.778403,513
GSS,educ_3catBA_plus,educ_3cat,Education,BA_plus,LT_HS,40-49,1996,0.851351,0.152469,0.551801,1.1509,513
GSS,sexFemale,sex,Sex,Female,Male,40-49,1998,0.057131,0.06958,-0.079532,0.193793,579
GSS,race_includehispBlack,race_includehisp,Race/Ethnicity,Black,White,40-49,1998,-0.147254,0.100494,-0.344635,0.050127,579
GSS,race_includehispOther,race_includehisp,Race/Ethnicity,Other,White,40-49,1998,-0.104186,0.18523,-0.467999,0.259628,579
GSS,educ_3catHS_SomeColl,educ_3cat,Education,HS_SomeColl,LT_HS,40-49,1998,0.441172,0.133958,0.178065,0.70428,579
GSS,educ_3catBA_plus,educ_3cat,Education,BA_plus,LT_HS,40-49,1998,0.730146,0.138579,0.457961,1.002331,579
GSS,sexFemale,sex,Sex,Female,Male,40-49,2000,-0.013767,0.067451,-0.146282,0.118749,517
GSS,race_includehispBlack,race_includehisp,Race/Ethnicity,Black,White,40-49,2000,-0.246394,0.108062,-0.458695,-0.034093,517
GSS,race_includehispHispanic,race_includehisp,Race/Ethnicity,Hispanic,White,40-49,2000,-0.031204,0.128113,-0.282898,0.22049,517
GSS,race_includehispOther,race_includehisp,Race/Ethnicity,Other,White,40-49,2000,-0.048907,0.212496,-0.466383,0.368569,517
GSS,educ_3catHS_SomeColl,educ_3cat,Education,HS_SomeColl,LT_HS,40-49,2000,0.334104,0.134814,0.069245,0.598963,517
GSS,educ_3catBA_plus,educ_3cat,Education,BA_plus,LT_HS,40-49,2000,0.590621,0.139174,0.317195,0.864047,517
GSS,sexFemale,sex,Sex,Female,Male,40-49,2002,0.044546,0.090658,-0.133779,0.22287,345
GSS,race_includehispBlack,race_includehisp,Race/Ethnicity,Black,White,40-49,2002,0.043667,0.134252,-0.220407,0.307742,345
GSS,race_includehispHispanic,race_includehisp,Race/Ethnicity,Hispanic,White,40-49,2002,0.352379,0.139009,0.078947,0.625811,345
GSS,race_includehispOther,race_includehisp,Race/Ethnicity,Other,White,40-49,2002,-0.3038,0.267579,-0.83013,0.222531,345
GSS,educ_3catHS_SomeColl,educ_3cat,Education,HS_SomeColl,LT_HS,40-49,2002,0.521915,0.177281,0.173202,0.870628,345
GSS,educ_3catBA_plus,educ_3cat,Education,BA_plus,LT_HS,40-49,2002,0.754155,0.193823,0.372904,1.135405,345
GSS,sexFemale,sex,Sex,Female,Male,40-49,2004,0.049024,0.094485,-0.137007,0.235055,274
GSS,race_includehispBlack,race_includehisp,Race/Ethnicity,Black,White,40-49,2004,-0.067775,0.147767,-0.358712,0.223162,274
GSS,race_includehispHispanic,race_includehisp,Race/Ethnicity,Hispanic,White,40-49,2004,-0.327379,0.220126,-0.760783,0.106025,274
GSS,race_includehispOther,race_includehisp,Race/Ethnicity,Other,White,40-49,2004,-0.081696,0.173802,-0.423893,0.260501,274
GSS,educ_3catHS_SomeColl,educ_3cat,Education,HS_SomeColl,LT_HS,40-49,2004,0.567477,0.170324,0.232128,0.902826,274
GSS,educ_3catBA_plus,educ_3cat,Education,BA_plus,LT_HS,40-49,2004,0.845071,0.169392,0.511558,1.178585,274
GSS,sexFemale,sex,Sex,Female,Male,40-49,2006,-0.090232,0.062181,-0.212297,0.031834,770
GSS,race_includehispBlack,race_includehisp,Race/Ethnicity,Black,White,40-49,2006,-0.115153,0.112557,-0.336111,0.105805,770
GSS,race_includehispHispanic,race_includehisp,Race/Ethnicity,Hispanic,White,40-49,2006,-0.049389,0.098169,-0.242103,0.143326,770
GSS,race_includehispOther,race_includehisp,Race/Ethnicity,Other,White,40-49,2006,-0.475903,0.204397,-0.877151,-0.074655,770
GSS,educ_3catHS_SomeColl,educ_3cat,Education,HS_SomeColl,LT_HS,40-49,2006,0.565439,0.120518,0.328853,0.802025,770
GSS,educ_3catBA_plus,educ_3cat,Education,BA_plus,LT_HS,40-49,2006,1.018551,0.123963,0.775203,1.2619,770
GSS,sexFemale,sex,Sex,Female,Male,40-49,2008,-0.023619,0.096309,-0.213342,0.166105,246
GSS,race_includehispBlack,race_includehisp,Race/Ethnicity,Black,White,40-49,2008,-0.046996,0.148549,-0.339628,0.245636,246
GSS,race_includehispHispanic,race_includehisp,Race/Ethnicity,Hispanic,White,40-49,2008,0.019144,0.130889,-0.238699,0.276986,246
GSS,race_includehispOther,race_includehisp,Race/Ethnicity,Other,White,40-49,2008,0.053202,0.187284,-0.315737,0.422141,246
GSS,educ_3catHS_SomeColl,educ_3cat,Education,HS_SomeColl,LT_HS,40-49,2008,0.765058,0.179332,0.411785,1.118332,246
GSS,educ_3catBA_plus,educ_3cat,Education,BA_plus,LT_HS,40-49,2008,0.946951,0.188338,0.575936,1.317966,246
GSS,sexFemale,sex,Sex,Female,Male,40-49,2010,-0.04227,0.121437,-0.281552,0.197013,235
GSS,race_includehispBlack,race_includehisp,Race/Ethnicity,Black,White,40-49,2010,-0.268896,0.203257,-0.669397,0.131606,235
GSS,race_includehispHispanic,race_includehisp,Race/Ethnicity,Hispanic,White,40-49,2010,-0.170678,0.190368,-0.545783,0.204427,235
GSS,race_includehispOther,race_includehisp,Race/Ethnicity,Other,White,40-49,2010,-0.097788,0.376797,-0.840236,0.644661,235
GSS,educ_3catHS_SomeColl,educ_3cat,Education,HS_SomeColl,LT_HS,40-49,2010,0.334283,0.218619,-0.096489,0.765054,235
GSS,educ_3catBA_plus,educ_3cat,Education,BA_plus,LT_HS,40-49,2010,0.64734100000000006,0.227464,0.199142,1.095541,235
GSS,sexFemale,sex,Sex,Female,Male,40-49,2012,0.01097,0.120087,-0.225594,0.247534,246
GSS,race_includehispBlack,race_includehisp,Race/Ethnicity,Black,White,40-49,2012,0.006338,0.150726,-0.290583,0.303259,246
GSS,race_includehispHispanic,race_includehisp,Race/Ethnicity,Hispanic,White,40-49,2012,-0.102802,0.16326,-0.424415,0.21881,246
GSS,race_includehispOther,race_includehisp,Race/Ethnicity,Other,White,40-49,2012,0.091475,0.234222,-0.369928,0.552879,246
GSS,educ_3catHS_SomeColl,educ_3cat,Education,HS_SomeColl,LT_HS,40-49,2012,0.110076,0.224833,-0.332832,0.552984,246
GSS,educ_3catBA_plus,educ_3cat,Education,BA_plus,LT_HS,40-49,2012,0.190654,0.237025,-0.27627,0.657578,246
GSS,sexFemale,sex,Sex,Female,Male,40-49,2014,0.096588,0.09847,-0.097235,0.29041,291
GSS,race_includehispBlack,race_includehisp,Race/Ethnicity,Black,White,40-49,2014,0.212965,0.15076,-0.083784,0.509714,291
GSS,race_includehispHispanic,race_includehisp,Race/Ethnicity,Hispanic,White,40-49,2014,0.138419,0.133269,-0.123901,0.400739,291
GSS,race_includehispOther,race_includehisp,Race/Ethnicity,Other,White,40-49,2014,0.076392,0.178864,-0.275674,0.428459,291
GSS,educ_3catHS_SomeColl,educ_3cat,Education,HS_SomeColl,LT_HS,40-49,2014,0.356156,0.166532,0.028362,0.683949,291
GSS,educ_3catBA_plus,educ_3cat,Education,BA_plus,LT_HS,40-49,2014,0.998003,0.170755,0.661896,1.334109,291
GSS,sexFemale,sex,Sex,Female,Male,40-49,2016,-0.052152,0.108415,-0.265497,0.161192,309
GSS,race_includehispBlack,race_includehisp,Race/Ethnicity,Black,White,40-49,2016,0.043024,0.15374,-0.259514,0.345562,309
GSS,race_includehispHispanic,race_includehisp,Race/Ethnicity,Hispanic,White,40-49,2016,0.263007,0.152238,-0.036574,0.562588,309
GSS,race_includehispOther,race_includehisp,Race/Ethnicity,Other,White,40-49,2016,-0.019783,0.195133,-0.403777,0.36421,309
GSS,educ_3catHS_SomeColl,educ_3cat,Education,HS_SomeColl,LT_HS,40-49,2016,0.457514,0.191887,0.079909,0.835119,309
GSS,educ_3catBA_plus,educ_3cat,Education,BA_plus,LT_HS,40-49,2016,0.803925,0.213727,0.383343,1.224507,309
GSS,sexFemale,sex,Sex,Female,Male,40-49,2018,-0.046785,0.105461,-0.254551,0.160981,243
GSS,race_includehispBlack,race_includehisp,Race/Ethnicity,Black,White,40-49,2018,0.108515,0.134425,-0.156312,0.373342,243
GSS,race_includehispHispanic,race_includehisp,Race/Ethnicity,Hispanic,White,40-49,2018,0.006276,0.188903,-0.365876,0.378428,243
GSS,race_includehispOther,race_includehisp,Race/Ethnicity,Other,White,40-49,2018,-0.362749,0.253479,-0.86212,0.136621,243
GSS,educ_3catHS_SomeColl,educ_3cat,Education,HS_SomeColl,LT_HS,40-49,2018,0.40482,0.190619,0.029288,0.780352,243
GSS,educ_3catBA_plus,educ_3cat,Education,BA_plus,LT_HS,40-49,2018,0.805961,0.176338,0.458564,1.153358,243
GSS,sexFemale,sex,Sex,Female,Male,40-49,2021,-0.119445,0.067925,-0.252856,0.013965,584
GSS,race_includehispBlack,race_includehisp,Race/Ethnicity,Black,White,40-49,2021,-0.035422,0.086037,-0.204405,0.133561,584
GSS,race_includehispHispanic,race_includehisp,Race/Ethnicity,Hispanic,White,40-49,2021,-0.15796,0.12822,-0.409794,0.093874,584
GSS,race_includehispOther,race_includehisp,Race/Ethnicity,Other,White,40-49,2021,-0.01307,0.131017,-0.270398,0.244258,584
GSS,educ_3catHS_SomeColl,educ_3cat,Education,HS_SomeColl,LT_HS,40-49,2021,0.433945,0.157771,0.124069,0.74382,584
GSS,educ_3catBA_plus,educ_3cat,Education,BA_plus,LT_HS,40-49,2021,0.85021,0.154391,0.546974,1.1534469999999999,584
GSS,sexFemale,sex,Sex,Female,Male,40-49,2022,-0.09637,0.08279,-0.259012,0.066272,529
GSS,race_includehispBlack,race_includehisp,Race/Ethnicity,Black,White,40-49,2022,0.132522,0.1278,-0.118544,0.383589,529
GSS,race_includehispHispanic,race_includehisp,Race/Ethnicity,Hispanic,White,40-49,2022,-0.170789,0.104879,-0.376825,0.035247,529
GSS,race_includehispOther,race_includehisp,Race/Ethnicity,Other,White,40-49,2022,-0.277739,0.182017,-0.635315,0.079837,529
GSS,educ_3catHS_SomeColl,educ_3cat,Education,HS_SomeColl,LT_HS,40-49,2022,-0.293802,0.181311,-0.649991,0.062386,529
GSS,educ_3catBA_plus,educ_3cat,Education,BA_plus,LT_HS,40-49,2022,-0.019334,0.182123,-0.377118,0.338451,529
GSS,sexFemale,sex,Sex,Female,Male,40-49,2024,0.074289,0.096094,-0.114491,0.26307,527
GSS,race_includehispBlack,race_includehisp,Race/Ethnicity,Black,White,40-49,2024,0.081418,0.108351,-0.131442,0.294279,527
GSS,race_includehispHispanic,race_includehisp,Race/Ethnicity,Hispanic,White,40-49,2024,0.051953,0.124584,-0.192797,0.296703,527
GSS,race_includehispOther,race_includehisp,Race/Ethnicity,Other,White,40-49,2024,-0.310117,0.227429,-0.75691,0.136675,527
GSS,educ_3catHS_SomeColl,educ_3cat,Education,HS_SomeColl,LT_HS,40-49,2024,0.327673,0.193238,-0.05195,0.707295,527
GSS,educ_3catBA_plus,educ_3cat,Education,BA_plus,LT_HS,40-49,2024,0.542843,0.194165,0.161399,0.924286,527
GSS,sexFemale,sex,Sex,Female,Male,50-59,1972,-0.099054,0.105756,-0.307283,0.109174,270
GSS,race_includehispBlack,race_includehisp,Race/Ethnicity,Black,White,50-59,1972,-0.093816,0.138158,-0.365842,0.178211,270
GSS,educ_3catHS_SomeColl,educ_3cat,Education,HS_SomeColl,LT_HS,50-59,1972,0.303823,0.110749,0.085763,0.521884,270
GSS,educ_3catBA_plus,educ_3cat,Education,BA_plus,LT_HS,50-59,1972,0.444132,0.186944,0.076048,0.812217,270
GSS,sexFemale,sex,Sex,Female,Male,50-59,1973,0.081812,0.117259,-0.149148,0.312773,252
GSS,race_includehispBlack,race_includehisp,Race/Ethnicity,Black,White,50-59,1973,-0.271308,0.146792,-0.560438,0.017821,252
GSS,race_includehispOther,race_includehisp,Race/Ethnicity,Other,White,50-59,1973,0.385019,0.100327,0.18741,0.582629,252
GSS,educ_3catHS_SomeColl,educ_3cat,Education,HS_SomeColl,LT_HS,50-59,1973,0.433167,0.126371,0.18426,0.682075,252
GSS,educ_3catBA_plus,educ_3cat,Education,BA_plus,LT_HS,50-59,1973,0.933139,0.137647,0.662023,1.204255,252
GSS,sexFemale,sex,Sex,Female,Male,50-59,1974,0.108289,0.122843,-0.133714,0.350292,242
GSS,race_includehispBlack,race_includehisp,Race/Ethnicity,Black,White,50-59,1974,-0.535562,0.172217,-0.874833,-0.196291,242
GSS,educ_3catHS_SomeColl,educ_3cat,Education,HS_SomeColl,LT_HS,50-59,1974,0.48528,0.130619,0.227958,0.742601,242
GSS,educ_3catBA_plus,educ_3cat,Education,BA_plus,LT_HS,50-59,1974,0.762852,0.206601,0.355844,1.169861,242
GSS,sexFemale,sex,Sex,Female,Male,50-59,1975,0.033189,0.114742,-0.192963,0.25934,222
GSS,race_includehispBlack,race_includehisp,Race/Ethnicity,Black,White,50-59,1975,-0.307704,0.215359,-0.732166,0.116759,222
GSS,educ_3catHS_SomeColl,educ_3cat,Education,HS_SomeColl,LT_HS,50-59,1975,0.395598,0.118237,0.162557,0.628638,222
GSS,educ_3catBA_plus,educ_3cat,Education,BA_plus,LT_HS,50-59,1975,0.938878,0.181079,0.581979,1.295777,222
GSS,sexFemale,sex,Sex,Female,Male,50-59,1976,-0.044867,0.122255,-0.285833,0.196099,222
GSS,race_includehispBlack,race_includehisp,Race/Ethnicity,Black,White,50-59,1976,0.025211,0.183441,-0.336352,0.386774,222
GSS,race_includehispOther,race_includehisp,Race/Ethnicity,Other,White,50-59,1976,-1.083135,0.085547,-1.251749,-0.91452,222
GSS,educ_3catHS_SomeColl,educ_3cat,Education,HS_SomeColl,LT_HS,50-59,1976,0.759102,0.133577,0.495821,1.022383,222
GSS,educ_3catBA_plus,educ_3cat,Education,BA_plus,LT_HS,50-59,1976,0.886231,0.168917,0.553294,1.219167,222
GSS,sexFemale,sex,Sex,Female,Male,50-59,1977,0.135245,0.106254,-0.073983,0.344472,266
GSS,race_includehispBlack,race_includehisp,Race/Ethnicity,Black,White,50-59,1977,-0.583695,0.178191,-0.934576,-0.232815,266
GSS,race_includehispOther,race_includehisp,Race/Ethnicity,Other,White,50-59,1977,-1.037345,0.124866,-1.283221,-0.791468,266
GSS,educ_3catHS_SomeColl,educ_3cat,Education,HS_SomeColl,LT_HS,50-59,1977,0.535241,0.114186,0.310395,0.760088,266
GSS,educ_3catBA_plus,educ_3cat,Education,BA_plus,LT_HS,50-59,1977,0.52799,0.19431,0.145367,0.910612,266
GSS,sexFemale,sex,Sex,Female,Male,50-59,1980,-0.343251,0.136407,-0.612184,-0.074317,212
GSS,race_includehispBlack,race_includehisp,Race/Ethnicity,Black,White,50-59,1980,-0.414434,0.212864,-0.834106,0.005237,212
GSS,race_includehispOther,race_includehisp,Race/Ethnicity,Other,White,50-59,1980,0.910826,0.182427,0.551163,1.270489,212
GSS,educ_3catHS_SomeColl,educ_3cat,Education,HS_SomeColl,LT_HS,50-59,1980,0.676136,0.156594,0.367404,0.984868,212
GSS,educ_3catBA_plus,educ_3cat,Education,BA_plus,LT_HS,50-59,1980,0.489298,0.217591,0.060307,0.918289,212
GSS,sexFemale,sex,Sex,Female,Male,50-59,1982,0.124573,0.130448,-0.132278,0.381424,270
GSS,race_includehispBlack,race_includehisp,Race/Ethnicity,Black,White,50-59,1982,-0.090904,0.141778,-0.370063,0.188255,270
GSS,race_includehispOther,race_includehisp,Race/Ethnicity,Other,White,50-59,1982,-0.168096,0.430896,-1.016526,0.680333,270
GSS,educ_3catHS_SomeColl,educ_3cat,Education,HS_SomeColl,LT_HS,50-59,1982,0.051185,0.140054,-0.224581,0.326951,270
GSS,educ_3catBA_plus,educ_3cat,Education,BA_plus,LT_HS,50-59,1982,0.511721,0.173335,0.170427,0.853016,270
GSS,sexFemale,sex,Sex,Female,Male,50-59,1984,-0.017729,0.123925,-0.262401,0.226942,172
GSS,race_includehispBlack,race_includehisp,Race/Ethnicity,Black,White,50-59,1984,-0.018494,0.184345,-0.382457,0.34547,172
GSS,race_includehispOther,race_includehisp,Race/Ethnicity,Other,White,50-59,1984,-0.568991,0.173195,-0.91094,-0.227041,172
GSS,educ_3catHS_SomeColl,educ_3cat,Education,HS_SomeColl,LT_HS,50-59,1984,0.360282,0.140957,0.081982,0.638582,172
GSS,educ_3catBA_plus,educ_3cat,Education,BA_plus,LT_HS,50-59,1984,0.88771,0.162806,0.566272,1.209148,172
GSS,sexFemale,sex,Sex,Female,Male,50-59,1985,0.294387,0.137186,0.023999,0.564775,223
GSS,race_includehispBlack,race_includehisp,Race/Ethnicity,Black,White,50-59,1985,0.262279,0.243225,-0.217107,0.741666,223
GSS,race_includehispOther,race_includehisp,Race/Ethnicity,Other,White,50-59,1985,0.075461,0.332092,-0.579077,0.73,223
GSS,educ_3catHS_SomeColl,educ_3cat,Education,HS_SomeColl,LT_HS,50-59,1985,0.620913,0.160547,0.304482,0.937343,223
GSS,educ_3catBA_plus,educ_3cat,Education,BA_plus,LT_HS,50-59,1985,0.806272,0.21538,0.381767,1.230777,223
GSS,sexFemale,sex,Sex,Female,Male,50-59,1987,0.135729,0.137635,-0.135602,0.407061,215
GSS,race_includehispBlack,race_includehisp,Race/Ethnicity,Black,White,50-59,1987,-0.059675,0.142424,-0.340446,0.221096,215
GSS,race_includehispOther,race_includehisp,Race/Ethnicity,Other,White,50-59,1987,0.011519,0.521014,-1.015598,1.038636,215
GSS,educ_3catHS_SomeColl,educ_3cat,Education,HS_SomeColl,LT_HS,50-59,1987,0.437953,0.155171,0.132052,0.743854,215
GSS,educ_3catBA_plus,educ_3cat,Education,BA_plus,LT_HS,50-59,1987,0.817956,0.198265,0.4271,1.208811,215
GSS,sexFemale,sex,Sex,Female,Male,50-59,1988,-0.16175,0.16287,-0.485369,0.16187000000000001,95
GSS,race_includehispBlack,race_includehisp,Race/Ethnicity,Black,White,50-59,1988,-0.48462,0.212903,-0.907654,-0.061587,95
GSS,race_includehispOther,race_includehisp,Race/Ethnicity,Other,White,50-59,1988,-0.164613,0.33375,-0.827768,0.498542,95
GSS,educ_3catHS_SomeColl,educ_3cat,Education,HS_SomeColl,LT_HS,50-59,1988,0.357695,0.216282,-0.072053,0.787442,95
GSS,educ_3catBA_plus,educ_3cat,Education,BA_plus,LT_HS,50-59,1988,0.847204,0.227201,0.395761,1.298647,95
GSS,sexFemale,sex,Sex,Female,Male,50-59,1989,-0.181174,0.152785,-0.48384,0.121492,120
GSS,race_includehispBlack,race_includehisp,Race/Ethnicity,Black,White,50-59,1989,-0.622784,0.29545,-1.208069,-0.037499,120
GSS,race_includehispOther,race_includehisp,Race/Ethnicity,Other,White,50-59,1989,-0.047258,0.312628,-0.666571,0.572055,120
GSS,educ_3catHS_SomeColl,educ_3cat,Education,HS_SomeColl,LT_HS,50-59,1989,0.130675,0.234017,-0.332911,0.59426,120
GSS,educ_3catBA_plus,educ_3cat,Education,BA_plus,LT_HS,50-59,1989,0.725568,0.269197,0.192291,1.258844,120
GSS,sexFemale,sex,Sex,Female,Male,50-59,1990,-0.184892,0.192769,-0.568234,0.198451,90
GSS,race_includehispBlack,race_includehisp,Race/Ethnicity,Black,White,50-59,1990,-0.08799,0.257118,-0.599297,0.423316,90
GSS,race_includehispOther,race_includehisp,Race/Ethnicity,Other,White,50-59,1990,-0.073759,0.542855,-1.153286,1.005768,90
GSS,educ_3catHS_SomeColl,educ_3cat,Education,HS_SomeColl,LT_HS,50-59,1990,0.090114,0.252669,-0.412345,0.592574,90
GSS,educ_3catBA_plus,educ_3cat,Education,BA_plus,LT_HS,50-59,1990,0.10992,0.273557,-0.434079,0.653919,90
GSS,sexFemale,sex,Sex,Female,Male,50-59,1991,0.133091,0.152671,-0.169767,0.43595,107
GSS,race_includehispBlack,race_includehisp,Race/Ethnicity,Black,White,50-59,1991,-0.331102,0.283509,-0.893508,0.231304,107
GSS,race_includehispOther,race_includehisp,Race/Ethnicity,Other,White,50-59,1991,-0.06703,0.83089,-1.715292,1.5812330000000001,107
GSS,educ_3catHS_SomeColl,educ_3cat,Education,HS_SomeColl,LT_HS,50-59,1991,0.132823,0.198878,-0.261697,0.527343,107
GSS,educ_3catBA_plus,educ_3cat,Education,BA_plus,LT_HS,50-59,1991,0.309987,0.23298,-0.152183,0.772158,107
GSS,sexFemale,sex,Sex,Female,Male,50-59,1993,0.013585,0.154682,-0.292371,0.319541,139
GSS,race_includehispBlack,race_includehisp,Race/Ethnicity,Black,White,50-59,1993,0.258958,0.285229,-0.305215,0.823131,139
GSS,race_includehispOther,race_includehisp,Race/Ethnicity,Other,White,50-59,1993,0.288437,0.367146,-0.437764,1.014638,139
GSS,educ_3catHS_SomeColl,educ_3cat,Education,HS_SomeColl,LT_HS,50-59,1993,0.592088,0.2319,0.1334,1.050777,139
GSS,educ_3catBA_plus,educ_3cat,Education,BA_plus,LT_HS,50-59,1993,1.056104,0.217819,0.625267,1.486941,139
GSS,sexFemale,sex,Sex,Female,Male,50-59,1994,0.047662,0.098168,-0.145612,0.240937,275
GSS,race_includehispBlack,race_includehisp,Race/Ethnicity,Black,White,50-59,1994,-0.324644,0.137181,-0.594729,-0.054559,275
GSS,race_includehispOther,race_includehisp,Race/Ethnicity,Other,White,50-59,1994,0.068909,0.352629,-0.625354,0.763172,275
GSS,educ_3catHS_SomeColl,educ_3cat,Education,HS_SomeColl,LT_HS,50-59,1994,0.386038,0.130478,0.12915,0.642926,275
GSS,educ_3catBA_plus,educ_3cat,Education,BA_plus,LT_HS,50-59,1994,0.778777,0.145464,0.492385,1.065168,275
GSS,sexFemale,sex,Sex,Female,Male,50-59,1996,-0.019404,0.096128,-0.208513,0.169705,332
GSS,race_includehispBlack,race_includehisp,Race/Ethnicity,Black,White,50-59,1996,0.012069,0.128198,-0.24013,0.264268,332
GSS,race_includehispOther,race_includehisp,Race/Ethnicity,Other,White,50-59,1996,-0.296856,0.347344,-0.980175,0.38646200000000003,332
GSS,educ_3catHS_SomeColl,educ_3cat,Education,HS_SomeColl,LT_HS,50-59,1996,0.657946,0.163963,0.335387,0.980505,332
GSS,educ_3catBA_plus,educ_3cat,Education,BA_plus,LT_HS,50-59,1996,1.176165,0.166322,0.848966,1.503365,332
GSS,sexFemale,sex,Sex,Female,Male,50-59,1998,-0.03918,0.088793,-0.213744,0.135383,403
GSS,race_includehispBlack,race_includehisp,Race/Ethnicity,Black,White,50-59,1998,-0.310048,0.13628,-0.577969,-0.042127,403
GSS,race_includehispOther,race_includehisp,Race/Ethnicity,Other,White,50-59,1998,0.06432,0.202852,-0.334479,0.463118,403
GSS,educ_3catHS_SomeColl,educ_3cat,Education,HS_SomeColl,LT_HS,50-59,1998,0.492271,0.154253,0.189017,0.795525,403
GSS,educ_3catBA_plus,educ_3cat,Education,BA_plus,LT_HS,50-59,1998,0.714398,0.159074,0.401664,1.027131,403
GSS,sexFemale,sex,Sex,Female,Male,50-59,2000,-0.069212,0.090756,-0.247742,0.109318,339
GSS,race_includehispBlack,race_includehisp,Race/Ethnicity,Black,White,50-59,2000,-0.362302,0.149238,-0.655874,-0.06873,339
GSS,race_includehispHispanic,race_includehisp,Race/Ethnicity,Hispanic,White,50-59,2000,-0.414697,0.145159,-0.700245,-0.129149,339
GSS,race_includehispOther,race_includehisp,Race/Ethnicity,Other,White,50-59,2000,0.111475,0.299301,-0.477291,0.700241,339
GSS,educ_3catHS_SomeColl,educ_3cat,Education,HS_SomeColl,LT_HS,50-59,2000,0.550219,0.183155,0.189929,0.91051,339
GSS,educ_3catBA_plus,educ_3cat,Education,BA_plus,LT_HS,50-59,2000,0.836608,0.196365,0.450332,1.222884,339
GSS,sexFemale,sex,Sex,Female,Male,50-59,2002,0.034456,0.105947,-0.174078,0.24299,293
GSS,race_includehispBlack,race_includehisp,Race/Ethnicity,Black,White,50-59,2002,-0.307106,0.171441,-0.644551,0.030339,293
GSS,race_includehispHispanic,race_includehisp,Race/Ethnicity,Hispanic,White,50-59,2002,-0.321044,0.245176,-0.803622,0.161535,293
GSS,race_includehispOther,race_includehisp,Race/Ethnicity,Other,White,50-59,2002,-0.544278,0.441817,-1.413904,0.325348,293
GSS,educ_3catHS_SomeColl,educ_3cat,Education,HS_SomeColl,LT_HS,50-59,2002,0.551818,0.167082,0.222952,0.880684,293
GSS,educ_3catBA_plus,educ_3cat,Education,BA_plus,LT_HS,50-59,2002,0.924918,0.165151,0.599852,1.249983,293
GSS,sexFemale,sex,Sex,Female,Male,50-59,2004,-0.218366,0.108947,-0.433019,-0.003714,239
GSS,race_includehispBlack,race_includehisp,Race/Ethnicity,Black,White,50-59,2004,-0.265892,0.220012,-0.699368,0.167585,239
GSS,race_includehispHispanic,race_includehisp,Race/Ethnicity,Hispanic,White,50-59,2004,-0.385818,0.188639,-0.757483,-0.014153,239
GSS,race_includehispOther,race_includehisp,Race/Ethnicity,Other,White,50-59,2004,-0.181796,0.370638,-0.912043,0.54845,239
GSS,educ_3catHS_SomeColl,educ_3cat,Education,HS_SomeColl,LT_HS,50-59,2004,0.622244,0.249141,0.131376,1.113113,239
GSS,educ_3catBA_plus,educ_3cat,Education,BA_plus,LT_HS,50-59,2004,1.07303,0.254221,0.572153,1.573908,239
GSS,sexFemale,sex,Sex,Female,Male,50-59,2006,-0.058584,0.069364,-0.194799,0.077631,630
GSS,race_includehispBlack,race_includehisp,Race/Ethnicity,Black,White,50-59,2006,-0.376273,0.11227,-0.596746,-0.1558,630
GSS,race_includehispHispanic,race_includehisp,Race/Ethnicity,Hispanic,White,50-59,2006,-0.31799500000000003,0.131111,-0.575469,-0.060522,630
GSS,race_includehispOther,race_includehisp,Race/Ethnicity,Other,White,50-59,2006,-0.597466,0.190664,-0.971888,-0.223044,630
GSS,educ_3catHS_SomeColl,educ_3cat,Education,HS_SomeColl,LT_HS,50-59,2006,0.44676,0.122504,0.20619,0.68733,630
GSS,educ_3catBA_plus,educ_3cat,Education,BA_plus,LT_HS,50-59,2006,0.693057,0.129987,0.437791,0.948322,630
GSS,sexFemale,sex,Sex,Female,Male,50-59,2008,-0.292081,0.106252,-0.501391,-0.082771,246
GSS,race_includehispBlack,race_includehisp,Race/Ethnicity,Black,White,50-59,2008,-0.284721,0.209269,-0.696968,0.127526,246
GSS,race_includehispHispanic,race_includehisp,Race/Ethnicity,Hispanic,White,50-59,2008,-0.071491,0.203143,-0.47167,0.328689,246
GSS,race_includehispOther,race_includehisp,Race/Ethnicity,Other,White,50-59,2008,-0.509946,0.203155,-0.91015,-0.109742,246
GSS,educ_3catHS_SomeColl,educ_3cat,Education,HS_SomeColl,LT_HS,50-59,2008,0.565199,0.168347,0.233565,0.896833,246
GSS,educ_3catBA_plus,educ_3cat,Education,BA_plus,LT_HS,50-59,2008,0.995137,0.182206,0.636202,1.354071,246
GSS,sexFemale,sex,Sex,Female,Male,50-59,2010,-0.063081,0.126633,-0.312613,0.186451,233
GSS,race_includehispBlack,race_includehisp,Race/Ethnicity,Black,White,50-59,2010,-0.010664999999999999,0.223403,-0.450884,0.429554,233
GSS,race_includehispHispanic,race_includehisp,Race/Ethnicity,Hispanic,White,50-59,2010,0.044457000000000003,0.207053,-0.363544,0.452458,233
GSS,race_includehispOther,race_includehisp,Race/Ethnicity,Other,White,50-59,2010,-0.601778,0.256575,-1.107364,-0.096192,233
GSS,educ_3catHS_SomeColl,educ_3cat,Education,HS_SomeColl,LT_HS,50-59,2010,0.5226,0.207726,0.113273,0.931927,233
GSS,educ_3catBA_plus,educ_3cat,Education,BA_plus,LT_HS,50-59,2010,0.85095,0.233445,0.390943,1.310957,233
GSS,sexFemale,sex,Sex,Female,Male,50-59,2012,-0.086229,0.134769,-0.351825,0.179368,228
GSS,race_includehispBlack,race_includehisp,Race/Ethnicity,Black,White,50-59,2012,0.025228,0.157833,-0.285821,0.336278,228
GSS,race_includehispHispanic,race_includehisp,Race/Ethnicity,Hispanic,White,50-59,2012,0.249973,0.223676,-0.190837,0.690783,228
GSS,race_includehispOther,race_includehisp,Race/Ethnicity,Other,White,50-59,2012,0.385122,0.4641,-0.529506,1.29975,228
GSS,educ_3catHS_SomeColl,educ_3cat,Education,HS_SomeColl,LT_HS,50-59,2012,0.394324,0.232519,-0.063913,0.852562,228
GSS,educ_3catBA_plus,educ_3cat,Education,BA_plus,LT_HS,50-59,2012,0.794018,0.241915,0.317262,1.270775,228
GSS,sexFemale,sex,Sex,Female,Male,50-59,2014,0.103626,0.096115,-0.085469,0.292721,328
GSS,race_includehispBlack,race_includehisp,Race/Ethnicity,Black,White,50-59,2014,-0.226148,0.138542,-0.498713,0.046418,328
GSS,race_includehispHispanic,race_includehisp,Race/Ethnicity,Hispanic,White,50-59,2014,-0.130889,0.158366,-0.442456,0.180677,328
GSS,race_includehispOther,race_includehisp,Race/Ethnicity,Other,White,50-59,2014,-0.148212,0.205241,-0.551998,0.255575,328
GSS,educ_3catHS_SomeColl,educ_3cat,Education,HS_SomeColl,LT_HS,50-59,2014,0.731677,0.147828,0.440843,1.022512,328
GSS,educ_3catBA_plus,educ_3cat,Education,BA_plus,LT_HS,50-59,2014,1.082481,0.158122,0.771395,1.393566,328
GSS,sexFemale,sex,Sex,Female,Male,50-59,2016,0.007556,0.087304,-0.164121,0.179233,375
GSS,race_includehispBlack,race_includehisp,Race/Ethnicity,Black,White,50-59,2016,-0.034159,0.121875,-0.273818,0.2055,375
GSS,race_includehispHispanic,race_includehisp,Race/Ethnicity,Hispanic,White,50-59,2016,0.223314,0.16384,-0.098865,0.545493,375
GSS,race_includehispOther,race_includehisp,Race/Ethnicity,Other,White,50-59,2016,-0.182746,0.23136,-0.6377,0.272208,375
GSS,educ_3catHS_SomeColl,educ_3cat,Education,HS_SomeColl,LT_HS,50-59,2016,0.3402,0.181698,-0.017096,0.697497,375
GSS,educ_3catBA_plus,educ_3cat,Education,BA_plus,LT_HS,50-59,2016,0.879027,0.189013,0.507345,1.250709,375
GSS,sexFemale,sex,Sex,Female,Male,50-59,2018,-0.072549,0.096207,-0.262043,0.116946,253
GSS,race_includehispBlack,race_includehisp,Race/Ethnicity,Black,White,50-59,2018,-0.194917,0.149066,-0.488526,0.098692,253
GSS,race_includehispHispanic,race_includehisp,Race/Ethnicity,Hispanic,White,50-59,2018,0.307012,0.178239,-0.044058,0.658082,253
GSS,race_includehispOther,race_includehisp,Race/Ethnicity,Other,White,50-59,2018,-0.290045,0.301477,-0.88385,0.30376,253
GSS,educ_3catHS_SomeColl,educ_3cat,Education,HS_SomeColl,LT_HS,50-59,2018,0.380497,0.160656,0.06406,0.696934,253
GSS,educ_3catBA_plus,educ_3cat,Education,BA_plus,LT_HS,50-59,2018,0.94611,0.174225,0.602947,1.289272,253
GSS,sexFemale,sex,Sex,Female,Male,50-59,2021,-1.14e-4,0.068426,-0.134488,0.134259,629
GSS,race_includehispBlack,race_includehisp,Race/Ethnicity,Black,White,50-59,2021,-0.208936,0.114458,-0.433706,0.015835,629
GSS,race_includehispHispanic,race_includehisp,Race/Ethnicity,Hispanic,White,50-59,2021,0.177788,0.151695,-0.120109,0.475685,629
GSS,race_includehispOther,race_includehisp,Race/Ethnicity,Other,White,50-59,2021,-0.102849,0.141791,-0.381297,0.175599,629
GSS,educ_3catHS_SomeColl,educ_3cat,Education,HS_SomeColl,LT_HS,50-59,2021,0.517123,0.191633,0.140797,0.893449,629
GSS,educ_3catBA_plus,educ_3cat,Education,BA_plus,LT_HS,50-59,2021,0.755824,0.189723,0.383248,1.1284,629
GSS,sexFemale,sex,Sex,Female,Male,50-59,2022,-0.025569,0.109071,-0.239882,0.188744,490
GSS,race_includehispBlack,race_includehisp,Race/Ethnicity,Black,White,50-59,2022,-0.096594,0.107862,-0.308531,0.115342,490
GSS,race_includehispHispanic,race_includehisp,Race/Ethnicity,Hispanic,White,50-59,2022,-0.019838,0.209061,-0.430619,0.390943,490
GSS,race_includehispOther,race_includehisp,Race/Ethnicity,Other,White,50-59,2022,0.148695,0.274164,-0.390007,0.687397,490
GSS,educ_3catHS_SomeColl,educ_3cat,Education,HS_SomeColl,LT_HS,50-59,2022,0.332939,0.159077,0.02037,0.645508,490
GSS,educ_3catBA_plus,educ_3cat,Education,BA_plus,LT_HS,50-59,2022,0.745501,0.161786,0.42761,1.063393,490
GSS,sexFemale,sex,Sex,Female,Male,50-59,2024,0.084062,0.081876,-0.076844,0.244967,458
GSS,race_includehispBlack,race_includehisp,Race/Ethnicity,Black,White,50-59,2024,-0.252876,0.127163,-0.502781,-0.00297,458
GSS,race_includehispHispanic,race_includehisp,Race/Ethnicity,Hispanic,White,50-59,2024,-0.203169,0.145368,-0.488851,0.082513,458
GSS,race_includehispOther,race_includehisp,Race/Ethnicity,Other,White,50-59,2024,-0.084808,0.137194,-0.354427,0.184811,458
GSS,educ_3catHS_SomeColl,educ_3cat,Education,HS_SomeColl,LT_HS,50-59,2024,0.22314,0.196776,-0.163572,0.609852,458
GSS,educ_3catBA_plus,educ_3cat,Education,BA_plus,LT_HS,50-59,2024,0.548257,0.194446,0.166125,0.93039,458
GSS,sexFemale,sex,Sex,Female,Male,60-69,1972,-0.109597,0.123358,-0.352916,0.133722,197
GSS,race_includehispBlack,race_includehisp,Race/Ethnicity,Black,White,60-69,1972,-0.527714,0.142264,-0.808324,-0.247105,197
GSS,race_includehispOther,race_includehisp,Race/Ethnicity,Other,White,60-69,1972,-1.892228,0.135917,-2.160318,-1.624138,197
GSS,educ_3catHS_SomeColl,educ_3cat,Education,HS_SomeColl,LT_HS,60-69,1972,0.253434,0.135961,-0.014743,0.521611,197
GSS,educ_3catBA_plus,educ_3cat,Education,BA_plus,LT_HS,60-69,1972,0.17826,0.243055,-0.301158,0.657677,197
GSS,sexFemale,sex,Sex,Female,Male,60-69,1973,-0.188564,0.132411,-0.449794,0.072665,191
GSS,race_includehispBlack,race_includehisp,Race/Ethnicity,Black,White,60-69,1973,-0.302065,0.177686,-0.652616,0.048487,191
GSS,race_includehispOther,race_includehisp,Race/Ethnicity,Other,White,60-69,1973,1.435945,0.120402,1.198408,1.673482,191
GSS,educ_3catHS_SomeColl,educ_3cat,Education,HS_SomeColl,LT_HS,60-69,1973,0.25092,0.141663,-0.028563,0.530403,191
GSS,educ_3catBA_plus,educ_3cat,Education,BA_plus,LT_HS,60-69,1973,0.487512,0.242376,0.009335,0.965688,191
GSS,sexFemale,sex,Sex,Female,Male,60-69,1974,-0.44952,0.14647,-0.738517,-0.160523,188
GSS,race_includehispBlack,race_includehisp,Race/Ethnicity,Black,White,60-69,1974,-0.067539,0.232587,-0.526452,0.391375,188
GSS,race_includehispOther,race_includehisp,Race/Ethnicity,Other,White,60-69,1974,-1.283125,0.124803,-1.529372,-1.036878,188
GSS,educ_3catHS_SomeColl,educ_3cat,Education,HS_SomeColl,LT_HS,60-69,1974,0.295752,0.165223,-0.030247,0.621752,188
GSS,educ_3catBA_plus,educ_3cat,Education,BA_plus,LT_HS,60-69,1974,0.10780000000000001,0.209187,-0.304944,0.520544,188
GSS,sexFemale,sex,Sex,Female,Male,60-69,1975,0.028959,0.135687,-0.238679,0.296597,196
GSS,race_includehispBlack,race_includehisp,Race/Ethnicity,Black,White,60-69,1975,-0.032098,0.181055,-0.389222,0.325025,196
GSS,educ_3catHS_SomeColl,educ_3cat,Education,HS_SomeColl,LT_HS,60-69,1975,0.435146,0.144343,0.150436,0.719857,196
GSS,educ_3catBA_plus,educ_3cat,Education,BA_plus,LT_HS,60-69,1975,0.946834,0.276681,0.401091,1.492578,196
GSS,sexFemale,sex,Sex,Female,Male,60-69,1976,-0.013501,0.134586,-0.27894,0.251938,199
GSS,race_includehispBlack,race_includehisp,Race/Ethnicity,Black,White,60-69,1976,-0.561633,0.223548,-1.00253,-0.120736,199
GSS,educ_3catHS_SomeColl,educ_3cat,Education,HS_SomeColl,LT_HS,60-69,1976,0.247054,0.141535,-0.032091,0.526199,199
GSS,educ_3catBA_plus,educ_3cat,Education,BA_plus,LT_HS,60-69,1976,0.288913,0.227211,-0.159208,0.737035,199
GSS,sexFemale,sex,Sex,Female,Male,60-69,1977,-0.018475,0.152234,-0.318891,0.281941,184
GSS,race_includehispBlack,race_includehisp,Race/Ethnicity,Black,White,60-69,1977,-0.048257,0.317045,-0.673908,0.577395,184
GSS,race_includehispOther,race_includehisp,Race/Ethnicity,Other,White,60-69,1977,-0.662099,0.165706,-0.9891,-0.335097,184
GSS,educ_3catHS_SomeColl,educ_3cat,Education,HS_SomeColl,LT_HS,60-69,1977,0.256167,0.16245,-0.06441,0.576744,184
GSS,educ_3catBA_plus,educ_3cat,Education,BA_plus,LT_HS,60-69,1977,0.633387,0.2653,0.109849,1.156925,184
GSS,sexFemale,sex,Sex,Female,Male,60-69,1980,-0.096099,0.145592,-0.383209,0.191011,204
GSS,race_includehispBlack,race_includehisp,Race/Ethnicity,Black,White,60-69,1980,-0.444454,0.258893,-0.954996,0.066089,204
GSS,race_includehispOther,race_includehisp,Race/Ethnicity,Other,White,60-69,1980,1.219118,0.123202,0.976161,1.462075,204
GSS,educ_3catHS_SomeColl,educ_3cat,Education,HS_SomeColl,LT_HS,60-69,1980,0.363046,0.146476,0.074193,0.651899,204
GSS,educ_3catBA_plus,educ_3cat,Education,BA_plus,LT_HS,60-69,1980,0.53265,0.253309,0.033119,1.032181,204
GSS,sexFemale,sex,Sex,Female,Male,60-69,1982,0.092744,0.126423,-0.156375,0.341863,232
GSS,race_includehispBlack,race_includehisp,Race/Ethnicity,Black,White,60-69,1982,-0.26864,0.171386,-0.60636,0.069079,232
GSS,race_includehispOther,race_includehisp,Race/Ethnicity,Other,White,60-69,1982,0.781527,0.667835,-0.534453,2.097506,232
GSS,educ_3catHS_SomeColl,educ_3cat,Education,HS_SomeColl,LT_HS,60-69,1982,0.292005,0.137216,0.021618,0.562392,232
GSS,educ_3catBA_plus,educ_3cat,Education,BA_plus,LT_HS,60-69,1982,0.74328,0.258324,0.234248,1.252312,232
GSS,sexFemale,sex,Sex,Female,Male,60-69,1984,0.241733,0.127968,-0.010806,0.494273,183
GSS,race_includehispBlack,race_includehisp,Race/Ethnicity,Black,White,60-69,1984,-0.244447,0.240721,-0.7195,0.230607,183
GSS,race_includehispOther,race_includehisp,Race/Ethnicity,Other,White,60-69,1984,0.310927,0.178398,-0.041134,0.662988,183
GSS,educ_3catHS_SomeColl,educ_3cat,Education,HS_SomeColl,LT_HS,60-69,1984,0.30677,0.132996,0.044309,0.569232,183
GSS,educ_3catBA_plus,educ_3cat,Education,BA_plus,LT_HS,60-69,1984,1.069139,0.179957,0.714002,1.424275,183
GSS,sexFemale,sex,Sex,Female,Male,60-69,1985,-0.32608,0.12858,-0.579635,-0.072526,205
GSS,race_includehispBlack,race_includehisp,Race/Ethnicity,Black,White,60-69,1985,-0.274946,0.223339,-0.715361,0.16547,205
GSS,race_includehispOther,race_includehisp,Race/Ethnicity,Other,White,60-69,1985,-0.487485,0.126584,-0.737103,-0.237867,205
GSS,educ_3catHS_SomeColl,educ_3cat,Education,HS_SomeColl,LT_HS,60-69,1985,0.271897,0.136325,0.00307,0.540723,205
GSS,educ_3catBA_plus,educ_3cat,Education,BA_plus,LT_HS,60-69,1985,0.435839,0.221151,-2.61e-4,0.871939,205
GSS,sexFemale,sex,Sex,Female,Male,60-69,1987,-0.01299,0.129369,-0.268005,0.242025,218
GSS,race_includehispBlack,race_includehisp,Race/Ethnicity,Black,White,60-69,1987,-0.295497,0.130636,-0.553009,-0.037985,218
GSS,race_includehispOther,race_includehisp,Race/Ethnicity,Other,White,60-69,1987,0.422067,0.328584,-0.225642,1.069777,218
GSS,educ_3catHS_SomeColl,educ_3cat,Education,HS_SomeColl,LT_HS,60-69,1987,0.135483,0.136168,-0.132933,0.403899,218
GSS,educ_3catBA_plus,educ_3cat,Education,BA_plus,LT_HS,60-69,1987,0.600055,0.20314,0.199623,1.000488,218
GSS,sexFemale,sex,Sex,Female,Male,60-69,1988,-0.169862,0.141361,-0.44959,0.109865,133
GSS,race_includehispBlack,race_includehisp,Race/Ethnicity,Black,White,60-69,1988,0.040219,0.224439,-0.403905,0.484343,133
GSS,race_includehispOther,race_includehisp,Race/Ethnicity,Other,White,60-69,1988,-0.239556,0.587833,-1.402771,0.923659,133
GSS,educ_3catHS_SomeColl,educ_3cat,Education,HS_SomeColl,LT_HS,60-69,1988,0.616661,0.175242,0.269888,0.963434,133
GSS,educ_3catBA_plus,educ_3cat,Education,BA_plus,LT_HS,60-69,1988,1.34202,0.163851,1.017787,1.666252,133
GSS,sexFemale,sex,Sex,Female,Male,60-69,1989,-0.018723,0.185147,-0.384912,0.347465,140
GSS,race_includehispBlack,race_includehisp,Race/Ethnicity,Black,White,60-69,1989,-0.180977,0.261296,-0.697775,0.335822,140
GSS,race_includehispOther,race_includehisp,Race/Ethnicity,Other,White,60-69,1989,0.436294,0.310682,-0.178181,1.050768,140
GSS,educ_3catHS_SomeColl,educ_3cat,Education,HS_SomeColl,LT_HS,60-69,1989,0.309574,0.181096,-0.048603,0.66775,140
GSS,educ_3catBA_plus,educ_3cat,Education,BA_plus,LT_HS,60-69,1989,0.652381,0.236481,0.184663,1.120099,140
GSS,sexFemale,sex,Sex,Female,Male,60-69,1990,-5.84e-4,0.189849,-0.376858,0.375691,115
GSS,race_includehispBlack,race_includehisp,Race/Ethnicity,Black,White,60-69,1990,-0.111925,0.30211,-0.710696,0.486847,115
GSS,race_includehispOther,race_includehisp,Race/Ethnicity,Other,White,60-69,1990,0.876746,0.194019,0.492207,1.261285,115
GSS,educ_3catHS_SomeColl,educ_3cat,Education,HS_SomeColl,LT_HS,60-69,1990,0.681371,0.20609,0.272909,1.089834,115
GSS,educ_3catBA_plus,educ_3cat,Education,BA_plus,LT_HS,60-69,1990,0.558297,0.268659,0.025825,1.09077,115
GSS,sexFemale,sex,Sex,Female,Male,60-69,1991,-0.411415,0.166045,-0.740805,-0.082026,107
GSS,race_includehispBlack,race_includehisp,Race/Ethnicity,Black,White,60-69,1991,-0.290326,0.256511,-0.799175,0.218523,107
GSS,race_includehispOther,race_includehisp,Race/Ethnicity,Other,White,60-69,1991,-0.334031,0.250546,-0.831047,0.162985,107
GSS,educ_3catHS_SomeColl,educ_3cat,Education,HS_SomeColl,LT_HS,60-69,1991,0.433595,0.195185,0.046399,0.82079,107
GSS,educ_3catBA_plus,educ_3cat,Education,BA_plus,LT_HS,60-69,1991,0.734916,0.204506,0.329231,1.140601,107
GSS,sexFemale,sex,Sex,Female,Male,60-69,1993,-0.469203,0.177481,-0.821279,-0.117128,107
GSS,race_includehispBlack,race_includehisp,Race/Ethnicity,Black,White,60-69,1993,-0.564401,0.253635,-1.067544,-0.061259,107
GSS,race_includehispOther,race_includehisp,Race/Ethnicity,Other,White,60-69,1993,0.495135,0.292301,-0.084712,1.074981,107
GSS,educ_3catHS_SomeColl,educ_3cat,Education,HS_SomeColl,LT_HS,60-69,1993,0.410228,0.200813,0.01187,0.808587,107
GSS,educ_3catBA_plus,educ_3cat,Education,BA_plus,LT_HS,60-69,1993,0.896631,0.222235,0.455776,1.337485,107
GSS,sexFemale,sex,Sex,Female,Male,60-69,1994,-0.049588,0.149511,-0.344598,0.245422,187
GSS,race_includehispBlack,race_includehisp,Race/Ethnicity,Black,White,60-69,1994,-0.490091,0.309633,-1.101046,0.120864,187
GSS,race_includehispOther,race_includehisp,Race/Ethnicity,Other,White,60-69,1994,0.191478,0.33448,-0.468505,0.85146,187
GSS,educ_3catHS_SomeColl,educ_3cat,Education,HS_SomeColl,LT_HS,60-69,1994,0.217717,0.170334,-0.118378,0.553811,187
GSS,educ_3catBA_plus,educ_3cat,Education,BA_plus,LT_HS,60-69,1994,0.549067,0.227758,0.099665,0.998469,187
GSS,sexFemale,sex,Sex,Female,Male,60-69,1996,0.141661,0.110076,-0.075241,0.358563,233
GSS,race_includehispBlack,race_includehisp,Race/Ethnicity,Black,White,60-69,1996,-0.151323,0.216941,-0.578798,0.276152,233
GSS,race_includehispOther,race_includehisp,Race/Ethnicity,Other,White,60-69,1996,0.217566,0.536955,-0.840486,1.275619,233
GSS,educ_3catHS_SomeColl,educ_3cat,Education,HS_SomeColl,LT_HS,60-69,1996,0.580684,0.148223,0.288615,0.872753,233
GSS,educ_3catBA_plus,educ_3cat,Education,BA_plus,LT_HS,60-69,1996,0.589759,0.20012,0.195429,0.984089,233
GSS,sexFemale,sex,Sex,Female,Male,60-69,1998,-0.02365,0.109631,-0.239536,0.192236,264
GSS,race_includehispBlack,race_includehisp,Race/Ethnicity,Black,White,60-69,1998,-0.165198,0.171838,-0.503582,0.173186,264
GSS,race_includehispOther,race_includehisp,Race/Ethnicity,Other,White,60-69,1998,-0.790202,0.335696,-1.451255,-0.129149,264
GSS,educ_3catHS_SomeColl,educ_3cat,Education,HS_SomeColl,LT_HS,60-69,1998,0.505305,0.129703,0.249894,0.760716,264
GSS,educ_3catBA_plus,educ_3cat,Education,BA_plus,LT_HS,60-69,1998,0.847784,0.150208,0.551994,1.143573,264
GSS,sexFemale,sex,Sex,Female,Male,60-69,2000,-0.148246,0.113069,-0.371061,0.074569,231
GSS,race_includehispBlack,race_includehisp,Race/Ethnicity,Black,White,60-69,2000,-0.232902,0.155878,-0.540078,0.074274,231
GSS,race_includehispHispanic,race_includehisp,Race/Ethnicity,Hispanic,White,60-69,2000,-0.170537,0.246882,-0.657046,0.315971,231
GSS,race_includehispOther,race_includehisp,Race/Ethnicity,Other,White,60-69,2000,0.361203,0.236937,-0.105708,0.828114,231
GSS,educ_3catHS_SomeColl,educ_3cat,Education,HS_SomeColl,LT_HS,60-69,2000,0.553524,0.145352,0.267092,0.839957,231
GSS,educ_3catBA_plus,educ_3cat,Education,BA_plus,LT_HS,60-69,2000,0.893134,0.171307,0.555555,1.230712,231
GSS,sexFemale,sex,Sex,Female,Male,60-69,2002,-4.89e-4,0.121338,-0.2398,0.238822,201
GSS,race_includehispBlack,race_includehisp,Race/Ethnicity,Black,White,60-69,2002,-0.470714,0.176009,-0.817851,-0.123576,201
GSS,race_includehispHispanic,race_includehisp,Race/Ethnicity,Hispanic,White,60-69,2002,-0.179006,0.386569,-0.941423,0.58341,201
GSS,race_includehispOther,race_includehisp,Race/Ethnicity,Other,White,60-69,2002,-1.584528,0.238423,-2.054762,-1.114294,201
GSS,educ_3catHS_SomeColl,educ_3cat,Education,HS_SomeColl,LT_HS,60-69,2002,0.378759,0.182874,0.018083,0.739435,201
GSS,educ_3catBA_plus,educ_3cat,Education,BA_plus,LT_HS,60-69,2002,0.566493,0.214239,0.143956,0.98903,201
GSS,sexFemale,sex,Sex,Female,Male,60-69,2004,0.125344,0.144554,-0.160282,0.41097,157
GSS,race_includehispBlack,race_includehisp,Race/Ethnicity,Black,White,60-69,2004,-0.313532,0.229018,-0.766049,0.138986,157
GSS,race_includehispHispanic,race_includehisp,Race/Ethnicity,Hispanic,White,60-69,2004,0.283453,0.560216,-0.823481,1.390387,157
GSS,race_includehispOther,race_includehisp,Race/Ethnicity,Other,White,60-69,2004,-0.027634,0.135202,-0.294782,0.239513,157
GSS,educ_3catHS_SomeColl,educ_3cat,Education,HS_SomeColl,LT_HS,60-69,2004,0.630825,0.191189,0.253054,1.008596,157
GSS,educ_3catBA_plus,educ_3cat,Education,BA_plus,LT_HS,60-69,2004,0.923116,0.194046,0.5397,1.306532,157
GSS,sexFemale,sex,Sex,Female,Male,60-69,2006,0.148665,0.093329,-0.034794,0.332125,419
GSS,race_includehispBlack,race_includehisp,Race/Ethnicity,Black,White,60-69,2006,-0.271368,0.144494,-0.555406,0.012669,419
GSS,race_includehispHispanic,race_includehisp,Race/Ethnicity,Hispanic,White,60-69,2006,-0.296369,0.185706,-0.661419,0.068682000000000007,419
GSS,race_includehispOther,race_includehisp,Race/Ethnicity,Other,White,60-69,2006,0.052653,0.349853,-0.635066,0.740373,419
GSS,educ_3catHS_SomeColl,educ_3cat,Education,HS_SomeColl,LT_HS,60-69,2006,0.441262,0.133583,0.178671,0.703852,419
GSS,educ_3catBA_plus,educ_3cat,Education,BA_plus,LT_HS,60-69,2006,0.673929,0.144195,0.390481,0.957378,419
GSS,sexFemale,sex,Sex,Female,Male,60-69,2008,0.008114,0.121358,-0.231372,0.247601,185
GSS,race_includehispBlack,race_includehisp,Race/Ethnicity,Black,White,60-69,2008,-0.283632,0.236663,-0.750658,0.183395,185
GSS,race_includehispHispanic,race_includehisp,Race/Ethnicity,Hispanic,White,60-69,2008,-0.282269,0.259545,-0.794451,0.229912,185
GSS,race_includehispOther,race_includehisp,Race/Ethnicity,Other,White,60-69,2008,-0.141287,0.168128,-0.473068,0.190494,185
GSS,educ_3catHS_SomeColl,educ_3cat,Education,HS_SomeColl,LT_HS,60-69,2008,0.617182,0.260408,0.103298,1.131067,185
GSS,educ_3catBA_plus,educ_3cat,Education,BA_plus,LT_HS,60-69,2008,0.784133,0.270386,0.250558,1.317709,185
GSS,sexFemale,sex,Sex,Female,Male,60-69,2010,-0.031175,0.125936,-0.279622,0.217271,193
GSS,race_includehispBlack,race_includehisp,Race/Ethnicity,Black,White,60-69,2010,0.357635,0.224396,-0.085054,0.800325,193
GSS,race_includehispHispanic,race_includehisp,Race/Ethnicity,Hispanic,White,60-69,2010,-0.131072,0.197023,-0.519759,0.257616,193
GSS,race_includehispOther,race_includehisp,Race/Ethnicity,Other,White,60-69,2010,-0.693535,0.271303,-1.22876,-0.158309,193
GSS,educ_3catHS_SomeColl,educ_3cat,Education,HS_SomeColl,LT_HS,60-69,2010,0.507615,0.20182,0.109464,0.905766,193
GSS,educ_3catBA_plus,educ_3cat,Education,BA_plus,LT_HS,60-69,2010,0.960577,0.209044,0.548175,1.37298,193
GSS,sexFemale,sex,Sex,Female,Male,60-69,2012,0.077898,0.129621,-0.177819,0.333615,193
GSS,race_includehispBlack,race_includehisp,Race/Ethnicity,Black,White,60-69,2012,-0.032563,0.158684,-0.345616,0.280489,193
GSS,race_includehispHispanic,race_includehisp,Race/Ethnicity,Hispanic,White,60-69,2012,0.475499,0.26253,-0.042421,0.993419,193
GSS,race_includehispOther,race_includehisp,Race/Ethnicity,Other,White,60-69,2012,0.065942,0.302918,-0.531655,0.663539,193
GSS,educ_3catHS_SomeColl,educ_3cat,Education,HS_SomeColl,LT_HS,60-69,2012,0.392322,0.208505,-0.019016,0.80366,193
GSS,educ_3catBA_plus,educ_3cat,Education,BA_plus,LT_HS,60-69,2012,0.898365,0.21635,0.471549,1.325181,193
GSS,sexFemale,sex,Sex,Female,Male,60-69,2014,0.037643,0.107209,-0.173493,0.248779,260
GSS,race_includehispBlack,race_includehisp,Race/Ethnicity,Black,White,60-69,2014,0.078221,0.171638,-0.2598,0.41624100000000003,260
GSS,race_includehispHispanic,race_includehisp,Race/Ethnicity,Hispanic,White,60-69,2014,0.148653,0.209275,-0.26349,0.560796,260
GSS,race_includehispOther,race_includehisp,Race/Ethnicity,Other,White,60-69,2014,-0.185617,0.273118,-0.723492,0.352258,260
GSS,educ_3catHS_SomeColl,educ_3cat,Education,HS_SomeColl,LT_HS,60-69,2014,0.602955,0.224909,0.160023,1.045887,260
GSS,educ_3catBA_plus,educ_3cat,Education,BA_plus,LT_HS,60-69,2014,0.903258,0.231588,0.447173,1.359344,260
GSS,sexFemale,sex,Sex,Female,Male,60-69,2016,0.15096300000000001,0.098353,-0.042563,0.344488,316
GSS,race_includehispBlack,race_includehisp,Race/Ethnicity,Black,White,60-69,2016,-0.08342,0.111011,-0.301852,0.135013,316
GSS,race_includehispHispanic,race_includehisp,Race/Ethnicity,Hispanic,White,60-69,2016,0.259918,0.213607,-0.160389,0.680226,316
GSS,race_includehispOther,race_includehisp,Race/Ethnicity,Other,White,60-69,2016,0.130844,0.357826,-0.573239,0.834927,316
GSS,educ_3catHS_SomeColl,educ_3cat,Education,HS_SomeColl,LT_HS,60-69,2016,0.6528,0.144305,0.368856,0.936744,316
GSS,educ_3catBA_plus,educ_3cat,Education,BA_plus,LT_HS,60-69,2016,1.050094,0.152541,0.749943,1.350244,316
GSS,sexFemale,sex,Sex,Female,Male,60-69,2018,-0.015594,0.110878,-0.234086,0.202898,232
GSS,race_includehispBlack,race_includehisp,Race/Ethnicity,Black,White,60-69,2018,-0.015388,0.199012,-0.407554,0.376778,232
GSS,race_includehispHispanic,race_includehisp,Race/Ethnicity,Hispanic,White,60-69,2018,-0.026359,0.176745,-0.374645,0.321928,232
GSS,race_includehispOther,race_includehisp,Race/Ethnicity,Other,White,60-69,2018,0.086387,0.271111,-0.447855,0.620628,232
GSS,educ_3catHS_SomeColl,educ_3cat,Education,HS_SomeColl,LT_HS,60-69,2018,-0.078785,0.165652,-0.405212,0.247642,232
GSS,educ_3catBA_plus,educ_3cat,Education,BA_plus,LT_HS,60-69,2018,0.417037,0.171251,0.079576,0.754498,232
GSS,sexFemale,sex,Sex,Female,Male,60-69,2021,-0.037937,0.060285,-0.156294,0.08042,721
GSS,race_includehispBlack,race_includehisp,Race/Ethnicity,Black,White,60-69,2021,-0.17913,0.089818,-0.355469,-0.002791,721
GSS,race_includehispHispanic,race_includehisp,Race/Ethnicity,Hispanic,White,60-69,2021,-0.12743,0.116817,-0.356777,0.101916,721
GSS,race_includehispOther,race_includehisp,Race/Ethnicity,Other,White,60-69,2021,0.080124,0.11322,-0.14216,0.302407,721
GSS,educ_3catHS_SomeColl,educ_3cat,Education,HS_SomeColl,LT_HS,60-69,2021,0.299013,0.138728,0.02665,0.571377,721
GSS,educ_3catBA_plus,educ_3cat,Education,BA_plus,LT_HS,60-69,2021,0.60788,0.141668,0.329744,0.886016,721
GSS,sexFemale,sex,Sex,Female,Male,60-69,2022,-0.018561,0.092771,-0.200773,0.163651,582
GSS,race_includehispBlack,race_includehisp,Race/Ethnicity,Black,White,60-69,2022,-0.269043,0.118701,-0.502183,-0.035903,582
GSS,race_includehispHispanic,race_includehisp,Race/Ethnicity,Hispanic,White,60-69,2022,0.019396,0.180023,-0.334187,0.37298,582
GSS,race_includehispOther,race_includehisp,Race/Ethnicity,Other,White,60-69,2022,0.358676,0.412189,-0.450904,1.168257,582
GSS,educ_3catHS_SomeColl,educ_3cat,Education,HS_SomeColl,LT_HS,60-69,2022,0.007341,0.166714,-0.320102,0.334783,582
GSS,educ_3catBA_plus,educ_3cat,Education,BA_plus,LT_HS,60-69,2022,0.307849,0.171204,-0.028411,0.64411,582
GSS,sexFemale,sex,Sex,Female,Male,60-69,2024,0.048186,0.073969,-0.097091,0.193463,593
GSS,race_includehispBlack,race_includehisp,Race/Ethnicity,Black,White,60-69,2024,-0.258095,0.104856,-0.464034,-0.052156,593
GSS,race_includehispHispanic,race_includehisp,Race/Ethnicity,Hispanic,White,60-69,2024,-0.164219,0.123008,-0.40581,0.077372,593
GSS,race_includehispOther,race_includehisp,Race/Ethnicity,Other,White,60-69,2024,-0.200375,0.161656,-0.51787,0.117121,593
GSS,educ_3catHS_SomeColl,educ_3cat,Education,HS_SomeColl,LT_HS,60-69,2024,0.372569,0.112649,0.151323,0.593814,593
GSS,educ_3catBA_plus,educ_3cat,Education,BA_plus,LT_HS,60-69,2024,0.768774,0.123178,0.52685,1.010697,593
GSS,sexFemale,sex,Sex,Female,Male,70-79,1972,-0.065546,0.175444,-0.412913,0.281821,125
GSS,race_includehispBlack,race_includehisp,Race/Ethnicity,Black,White,70-79,1972,-0.162062,0.242011,-0.641226,0.317103,125
GSS,educ_3catHS_SomeColl,educ_3cat,Education,HS_SomeColl,LT_HS,70-79,1972,0.232544,0.246036,-0.25459,0.719677,125
GSS,educ_3catBA_plus,educ_3cat,Education,BA_plus,LT_HS,70-79,1972,1.195104,0.197861,0.803353,1.586856,125
GSS,sexFemale,sex,Sex,Female,Male,70-79,1973,0.035592,0.170545,-0.302389,0.373573,116
GSS,race_includehispBlack,race_includehisp,Race/Ethnicity,Black,White,70-79,1973,-0.246749,0.273441,-0.788645,0.295146,116
GSS,race_includehispOther,race_includehisp,Race/Ethnicity,Other,White,70-79,1973,0.675887,0.141291,0.395881,0.955893,116
GSS,educ_3catHS_SomeColl,educ_3cat,Education,HS_SomeColl,LT_HS,70-79,1973,0.44842,0.215838,0.02068,0.876159,116
GSS,educ_3catBA_plus,educ_3cat,Education,BA_plus,LT_HS,70-79,1973,0.941261,0.18987,0.564984,1.317538,116
GSS,sexFemale,sex,Sex,Female,Male,70-79,1974,-0.163071,0.176628,-0.513291,0.18715,110
GSS,race_includehispBlack,race_includehisp,Race/Ethnicity,Black,White,70-79,1974,-0.656275,0.326337,-1.30334,-0.009209,110
GSS,educ_3catHS_SomeColl,educ_3cat,Education,HS_SomeColl,LT_HS,70-79,1974,0.317695,0.207006,-0.092759,0.728149,110
GSS,educ_3catBA_plus,educ_3cat,Education,BA_plus,LT_HS,70-79,1974,0.613716,0.333526,-0.047604,1.275036,110
GSS,sexFemale,sex,Sex,Female,Male,70-79,1975,-0.332756,0.198279,-0.725906,0.060395,110
GSS,race_includehispBlack,race_includehisp,Race/Ethnicity,Black,White,70-79,1975,-0.43911,0.214086,-0.863602,-0.014618,110
GSS,educ_3catHS_SomeColl,educ_3cat,Education,HS_SomeColl,LT_HS,70-79,1975,0.403684,0.246918,-0.085909,0.893277,110
GSS,educ_3catBA_plus,educ_3cat,Education,BA_plus,LT_HS,70-79,1975,0.362509,0.468856,-0.567146,1.292164,110
GSS,sexFemale,sex,Sex,Female,Male,70-79,1976,-0.196964,0.170912,-0.535169,0.14124,132
GSS,race_includehispBlack,race_includehisp,Race/Ethnicity,Black,White,70-79,1976,-0.833869,0.240962,-1.310689,-0.35705,132
GSS,educ_3catHS_SomeColl,educ_3cat,Education,HS_SomeColl,LT_HS,70-79,1976,0.154052,0.234125,-0.309239,0.617343,132
GSS,educ_3catBA_plus,educ_3cat,Education,BA_plus,LT_HS,70-79,1976,0.281496,0.299852,-0.311858,0.874849,132
GSS,sexFemale,sex,Sex,Female,Male,70-79,1977,-0.128039,0.195414,-0.515265,0.259186,116
GSS,race_includehispBlack,race_includehisp,Race/Ethnicity,Black,White,70-79,1977,-0.513479,0.285781,-1.079773,0.052814,116
GSS,educ_3catHS_SomeColl,educ_3cat,Education,HS_SomeColl,LT_HS,70-79,1977,0.689332,0.207618,0.277923,1.100741,116
GSS,educ_3catBA_plus,educ_3cat,Education,BA_plus,LT_HS,70-79,1977,0.601053,0.327276,-0.047468,1.249573,116
GSS,sexFemale,sex,Sex,Female,Male,70-79,1980,-0.52547,0.173841,-0.870242,-0.180699,108
GSS,race_includehispBlack,race_includehisp,Race/Ethnicity,Black,White,70-79,1980,-0.399493,0.310096,-1.014496,0.215509,108
GSS,educ_3catHS_SomeColl,educ_3cat,Education,HS_SomeColl,LT_HS,70-79,1980,0.204248,0.207157,-0.206599,0.615096,108
GSS,educ_3catBA_plus,educ_3cat,Education,BA_plus,LT_HS,70-79,1980,0.719071,0.308345,0.10754,1.330601,108
GSS,sexFemale,sex,Sex,Female,Male,70-79,1982,-0.084343,0.183834,-0.447622,0.278936,153
GSS,race_includehispBlack,race_includehisp,Race/Ethnicity,Black,White,70-79,1982,-0.278825,0.235441,-0.744086,0.186435,153
GSS,educ_3catHS_SomeColl,educ_3cat,Education,HS_SomeColl,LT_HS,70-79,1982,0.336624,0.189765,-0.038375,0.711624,153
GSS,educ_3catBA_plus,educ_3cat,Education,BA_plus,LT_HS,70-79,1982,0.607635,0.342055,-0.068307,1.283577,153
GSS,sexFemale,sex,Sex,Female,Male,70-79,1984,-0.126606,0.207184,-0.537459,0.284248,110
GSS,race_includehispBlack,race_includehisp,Race/Ethnicity,Black,White,70-79,1984,-0.251276,0.411845,-1.067981,0.565429,110
GSS,race_includehispOther,race_includehisp,Race/Ethnicity,Other,White,70-79,1984,-0.146553,0.988731,-2.107244,1.814138,110
GSS,educ_3catHS_SomeColl,educ_3cat,Education,HS_SomeColl,LT_HS,70-79,1984,0.299994,0.18862400000000001,-0.074054,0.674041,110
GSS,educ_3catBA_plus,educ_3cat,Education,BA_plus,LT_HS,70-79,1984,0.028085,0.39166,-0.748591,0.804761,110
GSS,sexFemale,sex,Sex,Female,Male,70-79,1985,0.06404,0.211371,-0.354424,0.482503,127
GSS,race_includehispBlack,race_includehisp,Race/Ethnicity,Black,White,70-79,1985,-0.578533,0.344268,-1.260102,0.103036,127
GSS,race_includehispOther,race_includehisp,Race/Ethnicity,Other,White,70-79,1985,0.518892,0.616941,-0.702506,1.740289,127
GSS,educ_3catHS_SomeColl,educ_3cat,Education,HS_SomeColl,LT_HS,70-79,1985,0.177028,0.190221,-0.199566,0.553621,127
GSS,educ_3catBA_plus,educ_3cat,Education,BA_plus,LT_HS,70-79,1985,0.441385,0.376074,-0.303153,1.185922,127
GSS,sexFemale,sex,Sex,Female,Male,70-79,1987,-0.415453,0.174628,-0.760483,-0.070422,157
GSS,race_includehispBlack,race_includehisp,Race/Ethnicity,Black,White,70-79,1987,-0.078747,0.197754,-0.46947,0.311975,157
GSS,race_includehispOther,race_includehisp,Race/Ethnicity,Other,White,70-79,1987,-0.973335,0.268557,-1.50395,-0.442721,157
GSS,educ_3catHS_SomeColl,educ_3cat,Education,HS_SomeColl,LT_HS,70-79,1987,-0.043689,0.174061,-0.387598,0.30022,157
GSS,educ_3catBA_plus,educ_3cat,Education,BA_plus,LT_HS,70-79,1987,0.240963,0.323796,-0.398793,0.88072,157
GSS,sexFemale,sex,Sex,Female,Male,70-79,1988,-0.182238,0.205419,-0.59053,0.226054,93
GSS,race_includehispBlack,race_includehisp,Race/Ethnicity,Black,White,70-79,1988,-0.255598,0.372685,-0.996349,0.485154,93
GSS,race_includehispOther,race_includehisp,Race/Ethnicity,Other,White,70-79,1988,-0.064577,0.576741,-1.210912,1.081758,93
GSS,educ_3catHS_SomeColl,educ_3cat,Education,HS_SomeColl,LT_HS,70-79,1988,0.124292,0.200358,-0.27394,0.522525,93
GSS,educ_3catBA_plus,educ_3cat,Education,BA_plus,LT_HS,70-79,1988,0.743111,0.6674,-0.583418,2.06964,93
GSS,sexFemale,sex,Sex,Female,Male,70-79,1989,-0.048006,0.182428,-0.410272,0.31426,99
GSS,race_includehispBlack,race_includehisp,Race/Ethnicity,Black,White,70-79,1989,0.031218,0.245403,-0.456104,0.51854,99
GSS,race_includehispOther,race_includehisp,Race/Ethnicity,Other,White,70-79,1989,-0.937411,0.132676,-1.20088,-0.673943,99
GSS,educ_3catHS_SomeColl,educ_3cat,Education,HS_SomeColl,LT_HS,70-79,1989,0.689781,0.189037,0.31439,1.065171,99
GSS,educ_3catBA_plus,educ_3cat,Education,BA_plus,LT_HS,70-79,1989,0.983824,0.317521,0.353291,1.614356,99
GSS,sexFemale,sex,Sex,Female,Male,70-79,1990,0.371165,0.233027,-0.091854,0.834185,94
GSS,race_includehispBlack,race_includehisp,Race/Ethnicity,Black,White,70-79,1990,-0.185268,0.35904199999999997,-0.898677,0.528142,94
GSS,educ_3catHS_SomeColl,educ_3cat,Education,HS_SomeColl,LT_HS,70-79,1990,0.292217,0.236865,-0.17843,0.762863,94
GSS,educ_3catBA_plus,educ_3cat,Education,BA_plus,LT_HS,70-79,1990,0.7618,0.328814,0.108453,1.415146,94
GSS,sexFemale,sex,Sex,Female,Male,70-79,1991,0.038368,0.17723,-0.313627,0.390362,98
GSS,race_includehispBlack,race_includehisp,Race/Ethnicity,Black,White,70-79,1991,-0.690752,0.20198,-1.091902,-0.289602,98
GSS,race_includehispOther,race_includehisp,Race/Ethnicity,Other,White,70-79,1991,-0.8941,0.456692,-1.80113,0.012929,98
GSS,educ_3catHS_SomeColl,educ_3cat,Education,HS_SomeColl,LT_HS,70-79,1991,0.291747,0.187935,-0.081509,0.665002,98
GSS,educ_3catBA_plus,educ_3cat,Education,BA_plus,LT_HS,70-79,1991,0.923224,0.256904,0.412989,1.433458,98
GSS,sexFemale,sex,Sex,Female,Male,70-79,1993,-0.13762,0.18664,-0.50791,0.232669,106
GSS,race_includehispBlack,race_includehisp,Race/Ethnicity,Black,White,70-79,1993,0.634692,0.414378,-0.187422,1.456807,106
GSS,race_includehispOther,race_includehisp,Race/Ethnicity,Other,White,70-79,1993,-1.414281,0.180166,-1.771725,-1.056837,106
GSS,educ_3catHS_SomeColl,educ_3cat,Education,HS_SomeColl,LT_HS,70-79,1993,0.29226799999999997,0.206827,-0.118071,0.702607,106
GSS,educ_3catBA_plus,educ_3cat,Education,BA_plus,LT_HS,70-79,1993,0.641907,0.265739,0.114688,1.169127,106
GSS,sexFemale,sex,Sex,Female,Male,70-79,1994,0.209106,0.159422,-0.105636,0.523849,173
GSS,race_includehispBlack,race_includehisp,Race/Ethnicity,Black,White,70-79,1994,0.241483,0.297773,-0.346402,0.829368,173
GSS,race_includehispOther,race_includehisp,Race/Ethnicity,Other,White,70-79,1994,-0.522774,0.253503,-1.023257,-0.022291,173
GSS,educ_3catHS_SomeColl,educ_3cat,Education,HS_SomeColl,LT_HS,70-79,1994,0.251663,0.171794,-0.087506,0.590832,173
GSS,educ_3catBA_plus,educ_3cat,Education,BA_plus,LT_HS,70-79,1994,0.408691,0.247483,-0.079908,0.897291,173
GSS,sexFemale,sex,Sex,Female,Male,70-79,1996,0.069934,0.133566,-0.193772,0.33364,171
GSS,race_includehispBlack,race_includehisp,Race/Ethnicity,Black,White,70-79,1996,-0.450724,0.162703,-0.771957,-0.129491,171
GSS,educ_3catHS_SomeColl,educ_3cat,Education,HS_SomeColl,LT_HS,70-79,1996,0.303525,0.133071,0.040795,0.566255,171
GSS,educ_3catBA_plus,educ_3cat,Education,BA_plus,LT_HS,70-79,1996,0.680234,0.199248,0.286848,1.07362,171
GSS,sexFemale,sex,Sex,Female,Male,70-79,1998,0.28305,0.119978,0.046659,0.519442,237
GSS,race_includehispBlack,race_includehisp,Race/Ethnicity,Black,White,70-79,1998,-0.420505,0.197207,-0.80906,-0.031951,237
GSS,race_includehispOther,race_includehisp,Race/Ethnicity,Other,White,70-79,1998,0.585298,0.398457,-0.199777,1.370372,237
GSS,educ_3catHS_SomeColl,educ_3cat,Education,HS_SomeColl,LT_HS,70-79,1998,0.347851,0.140621,0.070788,0.624914,237
GSS,educ_3catBA_plus,educ_3cat,Education,BA_plus,LT_HS,70-79,1998,0.449009,0.149956,0.153554,0.744465,237
GSS,sexFemale,sex,Sex,Female,Male,70-79,2000,0.152586,0.145891,-0.135334,0.440506,183
GSS,race_includehispBlack,race_includehisp,Race/Ethnicity,Black,White,70-79,2000,-0.368068,0.317347,-0.994362,0.258227,183
GSS,race_includehispHispanic,race_includehisp,Race/Ethnicity,Hispanic,White,70-79,2000,-0.138359,0.206274,-0.545447,0.268729,183
GSS,race_includehispOther,race_includehisp,Race/Ethnicity,Other,White,70-79,2000,-1.34634,0.579744,-2.490485,-0.202196,183
GSS,educ_3catHS_SomeColl,educ_3cat,Education,HS_SomeColl,LT_HS,70-79,2000,0.182758,0.149192,-0.111677,0.477194,183
GSS,educ_3catBA_plus,educ_3cat,Education,BA_plus,LT_HS,70-79,2000,0.766796,0.217354,0.33784,1.195752,183
GSS,sexFemale,sex,Sex,Female,Male,70-79,2002,0.17152,0.124566,-0.074545,0.417586,162
GSS,race_includehispBlack,race_includehisp,Race/Ethnicity,Black,White,70-79,2002,-0.65881,0.235055,-1.123135,-0.194485,162
GSS,race_includehispHispanic,race_includehisp,Race/Ethnicity,Hispanic,White,70-79,2002,0.183085,0.371938,-0.551636,0.917805,162
GSS,race_includehispOther,race_includehisp,Race/Ethnicity,Other,White,70-79,2002,0.147949,0.118776,-0.08668,0.382578,162
GSS,educ_3catHS_SomeColl,educ_3cat,Education,HS_SomeColl,LT_HS,70-79,2002,0.578642,0.170931,0.240987,0.916297,162
GSS,educ_3catBA_plus,educ_3cat,Education,BA_plus,LT_HS,70-79,2002,0.806063,0.185517,0.439596,1.172531,162
GSS,sexFemale,sex,Sex,Female,Male,70-79,2004,0.266895,0.201766,-0.135043,0.668834,82
GSS,race_includehispBlack,race_includehisp,Race/Ethnicity,Black,White,70-79,2004,-0.288432,0.262657,-0.811671,0.234807,82
GSS,race_includehispHispanic,race_includehisp,Race/Ethnicity,Hispanic,White,70-79,2004,-0.312137,0.362731,-1.034735,0.410461,82
GSS,race_includehispOther,race_includehisp,Race/Ethnicity,Other,White,70-79,2004,-0.538103,0.47497,-1.484291,0.408086,82
GSS,educ_3catHS_SomeColl,educ_3cat,Education,HS_SomeColl,LT_HS,70-79,2004,0.491649,0.256416,-0.019157,1.002455,82
GSS,educ_3catBA_plus,educ_3cat,Education,BA_plus,LT_HS,70-79,2004,1.04445,0.317656,0.411646,1.677254,82
GSS,sexFemale,sex,Sex,Female,Male,70-79,2006,-0.081565,0.126052,-0.32981,0.16668,259
GSS,race_includehispBlack,race_includehisp,Race/Ethnicity,Black,White,70-79,2006,-0.411328,0.216414,-0.837531,0.014876,259
GSS,race_includehispHispanic,race_includehisp,Race/Ethnicity,Hispanic,White,70-79,2006,-0.298794,0.35082,-0.989693,0.392105,259
GSS,educ_3catHS_SomeColl,educ_3cat,Education,HS_SomeColl,LT_HS,70-79,2006,0.357453,0.178224,0.006463,0.708444,259
GSS,educ_3catBA_plus,educ_3cat,Education,BA_plus,LT_HS,70-79,2006,0.575031,0.205289,0.170738,0.979325,259
GSS,sexFemale,sex,Sex,Female,Male,70-79,2008,-0.133213,0.171087,-0.472524,0.206099,110
GSS,race_includehispBlack,race_includehisp,Race/Ethnicity,Black,White,70-79,2008,-0.558956,0.197846,-0.951337,-0.166575,110
GSS,race_includehispHispanic,race_includehisp,Race/Ethnicity,Hispanic,White,70-79,2008,-0.586065,0.267863,-1.117308,-0.054821,110
GSS,race_includehispOther,race_includehisp,Race/Ethnicity,Other,White,70-79,2008,-0.007258,0.846484,-1.686059,1.671542,110
GSS,educ_3catHS_SomeColl,educ_3cat,Education,HS_SomeColl,LT_HS,70-79,2008,0.715577,0.199414,0.320086,1.111069,110
GSS,educ_3catBA_plus,educ_3cat,Education,BA_plus,LT_HS,70-79,2008,0.495495,0.249267,0.001133,0.989857,110
GSS,sexFemale,sex,Sex,Female,Male,70-79,2010,0.355162,0.234616,-0.111651,0.821975,88
GSS,race_includehispBlack,race_includehisp,Race/Ethnicity,Black,White,70-79,2010,-0.368904,0.345727,-1.056792,0.318984,88
GSS,race_includehispHispanic,race_includehisp,Race/Ethnicity,Hispanic,White,70-79,2010,0.544509,0.363167,-0.178081,1.267098,88
GSS,race_includehispOther,race_includehisp,Race/Ethnicity,Other,White,70-79,2010,1.156125,0.249017,0.660659,1.651591,88
GSS,educ_3catHS_SomeColl,educ_3cat,Education,HS_SomeColl,LT_HS,70-79,2010,0.699009,0.364769,-0.026767,1.424786,88
GSS,educ_3catBA_plus,educ_3cat,Education,BA_plus,LT_HS,70-79,2010,0.906594,0.386657,0.137268,1.675921,88
GSS,sexFemale,sex,Sex,Female,Male,70-79,2012,-0.161941,0.200027,-0.558647,0.234765,110
GSS,race_includehispBlack,race_includehisp,Race/Ethnicity,Black,White,70-79,2012,-0.06735,0.364807,-0.790859,0.656159,110
GSS,race_includehispHispanic,race_includehisp,Race/Ethnicity,Hispanic,White,70-79,2012,-0.713525,0.379057,-1.465296,0.038246,110
GSS,race_includehispOther,race_includehisp,Race/Ethnicity,Other,White,70-79,2012,0.490578,0.180717,0.132169,0.848987,110
GSS,educ_3catHS_SomeColl,educ_3cat,Education,HS_SomeColl,LT_HS,70-79,2012,0.160737,0.319205,-0.472331,0.793804,110
GSS,educ_3catBA_plus,educ_3cat,Education,BA_plus,LT_HS,70-79,2012,0.62707,0.351063,-0.069181,1.323322,110
GSS,sexFemale,sex,Sex,Female,Male,70-79,2014,0.136715,0.180009,-0.218801,0.492232,166
GSS,race_includehispBlack,race_includehisp,Race/Ethnicity,Black,White,70-79,2014,-0.307474,0.272438,-0.845537,0.23059,166
GSS,race_includehispHispanic,race_includehisp,Race/Ethnicity,Hispanic,White,70-79,2014,-0.036503,0.318285,-0.665115,0.592108,166
GSS,race_includehispOther,race_includehisp,Race/Ethnicity,Other,White,70-79,2014,-0.453808,0.292953,-1.032388,0.124773,166
GSS,educ_3catHS_SomeColl,educ_3cat,Education,HS_SomeColl,LT_HS,70-79,2014,0.603574,0.220148,0.168783,1.038364,166
GSS,educ_3catBA_plus,educ_3cat,Education,BA_plus,LT_HS,70-79,2014,1.1708,0.204618,0.766679,1.57492,166
GSS,sexFemale,sex,Sex,Female,Male,70-79,2016,0.052896,0.146021,-0.235402,0.341194,173
GSS,race_includehispBlack,race_includehisp,Race/Ethnicity,Black,White,70-79,2016,-0.326209,0.235337,-0.790849,0.138431,173
GSS,race_includehispHispanic,race_includehisp,Race/Ethnicity,Hispanic,White,70-79,2016,0.312673,0.28219,-0.244472,0.869818,173
GSS,race_includehispOther,race_includehisp,Race/Ethnicity,Other,White,70-79,2016,-0.314116,0.300664,-0.907733,0.279502,173
GSS,educ_3catHS_SomeColl,educ_3cat,Education,HS_SomeColl,LT_HS,70-79,2016,0.408384,0.186514,0.040138,0.776629,173
GSS,educ_3catBA_plus,educ_3cat,Education,BA_plus,LT_HS,70-79,2016,0.586157,0.218633,0.154498,1.017816,173
GSS,sexFemale,sex,Sex,Female,Male,70-79,2018,0.056576,0.157133,-0.253938,0.36709,155
GSS,race_includehispBlack,race_includehisp,Race/Ethnicity,Black,White,70-79,2018,0.133548,0.161044,-0.184695,0.451791,155
GSS,race_includehispHispanic,race_includehisp,Race/Ethnicity,Hispanic,White,70-79,2018,0.694512,0.342719,0.017257,1.371768,155
GSS,race_includehispOther,race_includehisp,Race/Ethnicity,Other,White,70-79,2018,-0.712855,0.118893,-0.947803,-0.477908,155
GSS,educ_3catHS_SomeColl,educ_3cat,Education,HS_SomeColl,LT_HS,70-79,2018,0.883363,0.276126,0.337705,1.429022,155
GSS,educ_3catBA_plus,educ_3cat,Education,BA_plus,LT_HS,70-79,2018,1.359732,0.268253,0.829631,1.889832,155
GSS,sexFemale,sex,Sex,Female,Male,70-79,2021,0.073303,0.067115,-0.058568,0.205175,492
GSS,race_includehispBlack,race_includehisp,Race/Ethnicity,Black,White,70-79,2021,-0.131228,0.106412,-0.340314,0.077857,492
GSS,race_includehispHispanic,race_includehisp,Race/Ethnicity,Hispanic,White,70-79,2021,0.100928,0.121724,-0.138243,0.340099,492
GSS,race_includehispOther,race_includehisp,Race/Ethnicity,Other,White,70-79,2021,0.056777,0.167907,-0.273138,0.386693,492
GSS,educ_3catHS_SomeColl,educ_3cat,Education,HS_SomeColl,LT_HS,70-79,2021,0.255664,0.162368,-0.063367,0.574696,492
GSS,educ_3catBA_plus,educ_3cat,Education,BA_plus,LT_HS,70-79,2021,0.50951,0.164636,0.186022,0.832998,492
GSS,sexFemale,sex,Sex,Female,Male,70-79,2022,-0.074021,0.135365,-0.340172,0.192129,390
GSS,race_includehispBlack,race_includehisp,Race/Ethnicity,Black,White,70-79,2022,-0.103966,0.249084,-0.59371,0.385778,390
GSS,race_includehispHispanic,race_includehisp,Race/Ethnicity,Hispanic,White,70-79,2022,0.087833,0.180637,-0.26733,0.442997,390
GSS,race_includehispOther,race_includehisp,Race/Ethnicity,Other,White,70-79,2022,-0.019711,0.184607,-0.382681,0.34326,390
GSS,educ_3catHS_SomeColl,educ_3cat,Education,HS_SomeColl,LT_HS,70-79,2022,0.274186,0.157843,-0.036161,0.584533,390
GSS,educ_3catBA_plus,educ_3cat,Education,BA_plus,LT_HS,70-79,2022,0.662444,0.178513,0.311456,1.013433,390
GSS,sexFemale,sex,Sex,Female,Male,70-79,2024,0.167712,0.116104,-0.060578,0.396002,385
GSS,race_includehispBlack,race_includehisp,Race/Ethnicity,Black,White,70-79,2024,-0.173296,0.138251,-0.445133,0.098541,385
GSS,race_includehispHispanic,race_includehisp,Race/Ethnicity,Hispanic,White,70-79,2024,-0.197093,0.199644,-0.589645,0.195458,385
GSS,race_includehispOther,race_includehisp,Race/Ethnicity,Other,White,70-79,2024,-0.679599,0.494322,-1.651563,0.292366,385
GSS,educ_3catHS_SomeColl,educ_3cat,Education,HS_SomeColl,LT_HS,70-79,2024,0.032371,0.2061,-0.372876,0.437617,385
GSS,educ_3catBA_plus,educ_3cat,Education,BA_plus,LT_HS,70-79,2024,0.262463,0.221577,-0.173214,0.69814,385
GSS,sexFemale,sex,Sex,Female,Male,80-89,1976,-0.423419,0.304915,-1.036829,0.189991,52
GSS,race_includehispBlack,race_includehisp,Race/Ethnicity,Black,White,80-89,1976,-0.547522,0.365094,-1.281997,0.186954,52
GSS,educ_3catHS_SomeColl,educ_3cat,Education,HS_SomeColl,LT_HS,80-89,1976,0.038089,0.405088,-0.776843,0.85302,52
GSS,educ_3catBA_plus,educ_3cat,Education,BA_plus,LT_HS,80-89,1976,-0.060408,0.790357,-1.650402,1.529586,52
GSS,sexFemale,sex,Sex,Female,Male,80-89,1982,-0.67548,0.230053,-1.135981,-0.214979,63
GSS,race_includehispBlack,race_includehisp,Race/Ethnicity,Black,White,80-89,1982,-0.832837,0.195501,-1.224175,-0.4415,63
GSS,educ_3catHS_SomeColl,educ_3cat,Education,HS_SomeColl,LT_HS,80-89,1982,0.351065,0.232317,-0.113968,0.816098,63
GSS,educ_3catBA_plus,educ_3cat,Education,BA_plus,LT_HS,80-89,1982,0.545145,0.645729,-0.747422,1.837712,63
GSS,sexFemale,sex,Sex,Female,Male,80-89,1985,0.247666,0.302505,-0.359081,0.854414,58
GSS,race_includehispBlack,race_includehisp,Race/Ethnicity,Black,White,80-89,1985,-0.181706,0.359055,-0.901878,0.538467,58
GSS,educ_3catHS_SomeColl,educ_3cat,Education,HS_SomeColl,LT_HS,80-89,1985,0.53699,0.268686,-0.001926,1.075905,58
GSS,educ_3catBA_plus,educ_3cat,Education,BA_plus,LT_HS,80-89,1985,0.996549,0.565454,-0.137607,2.130706,58
GSS,sexFemale,sex,Sex,Female,Male,80-89,1987,-0.059973,0.30823,-0.678483,0.558536,57
GSS,race_includehispBlack,race_includehisp,Race/Ethnicity,Black,White,80-89,1987,-0.252798,0.312192,-0.879258,0.373661,57
GSS,educ_3catHS_SomeColl,educ_3cat,Education,HS_SomeColl,LT_HS,80-89,1987,0.006962,0.367971,-0.731425,0.745349,57
GSS,educ_3catBA_plus,educ_3cat,Education,BA_plus,LT_HS,80-89,1987,0.172207,0.315142,-0.460173,0.804587,57
GSS,sexFemale,sex,Sex,Female,Male,80-89,1994,0.20627,0.229785,-0.253064,0.665605,67
GSS,race_includehispBlack,race_includehisp,Race/Ethnicity,Black,White,80-89,1994,-0.362663,0.65435,-1.67069,0.945363,67
GSS,educ_3catHS_SomeColl,educ_3cat,Education,HS_SomeColl,LT_HS,80-89,1994,0.53914,0.245237,0.048919,1.029361,67
GSS,educ_3catBA_plus,educ_3cat,Education,BA_plus,LT_HS,80-89,1994,0.443195,0.311738,-0.17996,1.066349,67
GSS,sexFemale,sex,Sex,Female,Male,80-89,1996,0.145703,0.204127,-0.261122,0.552528,79
GSS,race_includehispBlack,race_includehisp,Race/Ethnicity,Black,White,80-89,1996,0.412194,0.391015,-0.367098,1.191486,79
GSS,race_includehispOther,race_includehisp,Race/Ethnicity,Other,White,80-89,1996,0.093108,0.18316,-0.27193,0.458145,79
GSS,educ_3catHS_SomeColl,educ_3cat,Education,HS_SomeColl,LT_HS,80-89,1996,0.646435,0.20207,0.243711,1.04916,79
GSS,educ_3catBA_plus,educ_3cat,Education,BA_plus,LT_HS,80-89,1996,-0.347783,0.402777,-1.150516,0.45495,79
GSS,sexFemale,sex,Sex,Female,Male,80-89,1998,0.120435,0.199759,-0.275694,0.516564,110
GSS,race_includehispBlack,race_includehisp,Race/Ethnicity,Black,White,80-89,1998,0.117155,0.340837,-0.558738,0.793049,110
GSS,race_includehispOther,race_includehisp,Race/Ethnicity,Other,White,80-89,1998,-0.713111,0.205438,-1.120501,-0.305721,110
GSS,educ_3catHS_SomeColl,educ_3cat,Education,HS_SomeColl,LT_HS,80-89,1998,0.292958,0.197976,-0.099636,0.685552,110
GSS,educ_3catBA_plus,educ_3cat,Education,BA_plus,LT_HS,80-89,1998,0.158199,0.344635,-0.525225,0.841623,110
GSS,sexFemale,sex,Sex,Female,Male,80-89,2000,-0.195761,0.202072,-0.596345,0.204824,114
GSS,race_includehispBlack,race_includehisp,Race/Ethnicity,Black,White,80-89,2000,-0.229454,0.282198,-0.788878,0.32997,114
GSS,race_includehispHispanic,race_includehisp,Race/Ethnicity,Hispanic,White,80-89,2000,1.663451,0.229794,1.207911,2.118991,114
GSS,race_includehispOther,race_includehisp,Race/Ethnicity,Other,White,80-89,2000,-0.63432,0.198645,-1.02811,-0.24053,114
GSS,educ_3catHS_SomeColl,educ_3cat,Education,HS_SomeColl,LT_HS,80-89,2000,0.29777,0.19556,-0.089904,0.685445,114
GSS,educ_3catBA_plus,educ_3cat,Education,BA_plus,LT_HS,80-89,2000,1.099304,0.2577,0.588443,1.610165,114
GSS,sexFemale,sex,Sex,Female,Male,80-89,2002,0.012975,0.26688,-0.520179,0.546129,69
GSS,race_includehispBlack,race_includehisp,Race/Ethnicity,Black,White,80-89,2002,0.009715,0.363345,-0.716149,0.73558,69
GSS,educ_3catHS_SomeColl,educ_3cat,Education,HS_SomeColl,LT_HS,80-89,2002,0.374715,0.282999,-0.19064,0.94007,69
GSS,educ_3catBA_plus,educ_3cat,Education,BA_plus,LT_HS,80-89,2002,0.423554,0.321971,-0.219657,1.066765,69
GSS,sexFemale,sex,Sex,Female,Male,80-89,2004,-0.0634,0.236424,-0.538512,0.411712,54
GSS,race_includehispBlack,race_includehisp,Race/Ethnicity,Black,White,80-89,2004,-0.749408,0.428059,-1.609625,0.11081,54
GSS,educ_3catHS_SomeColl,educ_3cat,Education,HS_SomeColl,LT_HS,80-89,2004,0.607061,0.283908,0.036527,1.177595,54
GSS,educ_3catBA_plus,educ_3cat,Education,BA_plus,LT_HS,80-89,2004,0.627759,0.245725,0.133956,1.121563,54
GSS,sexFemale,sex,Sex,Female,Male,80-89,2006,0.267681,0.190211,-0.108286,0.643648,151
GSS,race_includehispBlack,race_includehisp,Race/Ethnicity,Black,White,80-89,2006,-0.205438,0.247878,-0.695388,0.284512,151
GSS,race_includehispHispanic,race_includehisp,Race/Ethnicity,Hispanic,White,80-89,2006,-0.784075,0.457673,-1.6887,0.120549,151
GSS,race_includehispOther,race_includehisp,Race/Ethnicity,Other,White,80-89,2006,-0.713572,0.122707,-0.956111,-0.471034,151
GSS,educ_3catHS_SomeColl,educ_3cat,Education,HS_SomeColl,LT_HS,80-89,2006,0.208316,0.196187,-0.179461,0.596094,151
GSS,educ_3catBA_plus,educ_3cat,Education,BA_plus,LT_HS,80-89,2006,0.526993,0.201949,0.127826,0.92616,151
GSS,sexFemale,sex,Sex,Female,Male,80-89,2008,0.190325,0.240717,-0.290283,0.670933,73
GSS,race_includehispBlack,race_includehisp,Race/Ethnicity,Black,White,80-89,2008,0.513922,0.571377,-0.626869,1.654714,73
GSS,race_includehispHispanic,race_includehisp,Race/Ethnicity,Hispanic,White,80-89,2008,-0.251603,0.381369,-1.013031,0.509825,73
GSS,race_includehispOther,race_includehisp,Race/Ethnicity,Other,White,80-89,2008,0.040148,0.349323,-0.657298,0.737593,73
GSS,educ_3catHS_SomeColl,educ_3cat,Education,HS_SomeColl,LT_HS,80-89,2008,0.613282,0.281965,0.050321,1.176244,73
GSS,educ_3catBA_plus,educ_3cat,Education,BA_plus,LT_HS,80-89,2008,0.564933,0.394536,-0.222785,1.35265,73
GSS,sexFemale,sex,Sex,Female,Male,80-89,2010,0.026557,0.272856,-0.520258,0.573372,62
GSS,race_includehispBlack,race_includehisp,Race/Ethnicity,Black,White,80-89,2010,-0.372529,0.449901,-1.274151,0.529093,62
GSS,race_includehispHispanic,race_includehisp,Race/Ethnicity,Hispanic,White,80-89,2010,-0.320466,0.353641,-1.029179,0.388248,62
GSS,race_includehispOther,race_includehisp,Race/Ethnicity,Other,White,80-89,2010,-0.910923,0.643957,-2.201442,0.379596,62
GSS,educ_3catHS_SomeColl,educ_3cat,Education,HS_SomeColl,LT_HS,80-89,2010,0.140871,0.312968,-0.486332,0.768074,62
GSS,educ_3catBA_plus,educ_3cat,Education,BA_plus,LT_HS,80-89,2010,0.421493,0.340368,-0.260621,1.103606,62
GSS,sexFemale,sex,Sex,Female,Male,80-89,2012,-0.303988,0.26919,-0.843915,0.235939,60
GSS,race_includehispBlack,race_includehisp,Race/Ethnicity,Black,White,80-89,2012,1.0739,0.252107,0.568238,1.579561,60
GSS,race_includehispHispanic,race_includehisp,Race/Ethnicity,Hispanic,White,80-89,2012,-0.009839,0.330462,-0.672661,0.652984,60
GSS,race_includehispOther,race_includehisp,Race/Ethnicity,Other,White,80-89,2012,-0.793993,0.246565,-1.288539,-0.299447,60
GSS,educ_3catHS_SomeColl,educ_3cat,Education,HS_SomeColl,LT_HS,80-89,2012,0.523,0.281654,-0.041926,1.087926,60
GSS,educ_3catBA_plus,educ_3cat,Education,BA_plus,LT_HS,80-89,2012,0.131314,0.342877,-0.556409,0.819038,60
GSS,sexFemale,sex,Sex,Female,Male,80-89,2014,-0.157213,0.211481,-0.579106,0.264679,75
GSS,race_includehispBlack,race_includehisp,Race/Ethnicity,Black,White,80-89,2014,-0.19014,0.755502,-1.697326,1.317045,75
GSS,race_includehispHispanic,race_includehisp,Race/Ethnicity,Hispanic,White,80-89,2014,-0.786614,0.669539,-2.122308,0.54908,75
GSS,educ_3catHS_SomeColl,educ_3cat,Education,HS_SomeColl,LT_HS,80-89,2014,0.646313,0.329829,-0.011678,1.304305,75
GSS,educ_3catBA_plus,educ_3cat,Education,BA_plus,LT_HS,80-89,2014,0.867652,0.397268,0.075125,1.66018,75
GSS,sexFemale,sex,Sex,Female,Male,80-89,2016,-0.19493,0.169273,-0.531271,0.141412,96
GSS,race_includehispBlack,race_includehisp,Race/Ethnicity,Black,White,80-89,2016,0.135814,0.300534,-0.46134,0.732968,96
GSS,race_includehispHispanic,race_includehisp,Race/Ethnicity,Hispanic,White,80-89,2016,-0.329058,0.282437,-0.890254,0.232138,96
GSS,race_includehispOther,race_includehisp,Race/Ethnicity,Other,White,80-89,2016,-0.093336,0.288794,-0.667164,0.480493,96
GSS,educ_3catHS_SomeColl,educ_3cat,Education,HS_SomeColl,LT_HS,80-89,2016,0.187674,0.193034,-0.19588,0.571229,96
GSS,educ_3catBA_plus,educ_3cat,Education,BA_plus,LT_HS,80-89,2016,0.43362,0.248005,-0.05916,0.9264,96
GSS,sexFemale,sex,Sex,Female,Male,80-89,2018,0.19672,0.164183,-0.13099,0.524431,74
GSS,race_includehispBlack,race_includehisp,Race/Ethnicity,Black,White,80-89,2018,-0.456411,0.24645,-0.948326,0.035505,74
GSS,race_includehispHispanic,race_includehisp,Race/Ethnicity,Hispanic,White,80-89,2018,0.538205,0.202388,0.134236,0.942173,74
GSS,race_includehispOther,race_includehisp,Race/Ethnicity,Other,White,80-89,2018,-0.76283,0.589765,-1.940005,0.414346,74
GSS,educ_3catHS_SomeColl,educ_3cat,Education,HS_SomeColl,LT_HS,80-89,2018,-0.763674,0.22327,-1.209322,-0.318026,74
GSS,educ_3catBA_plus,educ_3cat,Education,BA_plus,LT_HS,80-89,2018,0.022359,0.234774,-0.446251,0.490969,74
GSS,sexFemale,sex,Sex,Female,Male,80-89,2021,-0.269113,0.114291,-0.49467,-0.043555,183
GSS,race_includehispBlack,race_includehisp,Race/Ethnicity,Black,White,80-89,2021,-0.10267,0.220733,-0.538294,0.33295400000000003,183
GSS,race_includehispHispanic,race_includehisp,Race/Ethnicity,Hispanic,White,80-89,2021,0.285567,0.125364,0.038157,0.532978,183
GSS,race_includehispOther,race_includehisp,Race/Ethnicity,Other,White,80-89,2021,-0.663858,1.137577,-2.908905,1.581189,183
GSS,educ_3catHS_SomeColl,educ_3cat,Education,HS_SomeColl,LT_HS,80-89,2021,0.387461,0.208295,-0.023615,0.798538,183
GSS,educ_3catBA_plus,educ_3cat,Education,BA_plus,LT_HS,80-89,2021,0.398844,0.22594,-0.047057,0.844745,183
GSS,sexFemale,sex,Sex,Female,Male,80-89,2022,0.009234,0.189424,-0.36563,0.384097,133
GSS,race_includehispBlack,race_includehisp,Race/Ethnicity,Black,White,80-89,2022,0.1405,0.222938,-0.300689,0.581689,133
GSS,race_includehispHispanic,race_includehisp,Race/Ethnicity,Hispanic,White,80-89,2022,1.658884,0.43647,0.795123,2.522645,133
GSS,race_includehispOther,race_includehisp,Race/Ethnicity,Other,White,80-89,2022,-0.057404,0.337044,-0.724404,0.609595,133
GSS,educ_3catHS_SomeColl,educ_3cat,Education,HS_SomeColl,LT_HS,80-89,2022,0.631269,0.317495,0.002957,1.259581,133
GSS,educ_3catBA_plus,educ_3cat,Education,BA_plus,LT_HS,80-89,2022,0.746088,0.318017,0.116742,1.375433,133
GSS,sexFemale,sex,Sex,Female,Male,80-89,2024,0.179064,0.143961,-0.105686,0.463814,140
GSS,race_includehispBlack,race_includehisp,Race/Ethnicity,Black,White,80-89,2024,0.107866,0.18013,-0.248425,0.464156,140
GSS,race_includehispHispanic,race_includehisp,Race/Ethnicity,Hispanic,White,80-89,2024,-5.8e-4,0.381044,-0.75427,0.753111,140
GSS,race_includehispOther,race_includehisp,Race/Ethnicity,Other,White,80-89,2024,-0.711056,0.596217,-1.89035,0.468238,140
GSS,educ_3catHS_SomeColl,educ_3cat,Education,HS_SomeColl,LT_HS,80-89,2024,0.707112,0.201317,0.308914,1.105309,140
GSS,educ_3catBA_plus,educ_3cat,Education,BA_plus,LT_HS,80-89,2024,0.87686,0.218482,0.444711,1.30901,140
