survey,term,covariate,covariate_label,level,reference,year,coefficient,se,ci_lower,ci_upper,n_unweighted
BRFSS,age,age,Age,age,NA,1993,-0.014407,2.87e-4,-0.014969,-0.013845,101127
BRFSS,sexFemale,sex,Sex,Female,Male,1993,-0.029361,0.009516,-0.048013,-0.010709,101127
BRFSS,race_includehispBlack,race_includehisp,Race/Ethnicity,Black,White,1993,-0.240466,0.016949,-0.273687,-0.207246,101127
BRFSS,race_includehispAIAN,race_includehisp,Race/Ethnicity,AIAN,White,1993,-0.207823,0.050155,-0.306127,-0.10952,101127
BRFSS,race_includehispAsian,race_includehisp,Race/Ethnicity,Asian,White,1993,-0.194015,0.036414,-0.265386,-0.122645,101127
BRFSS,race_includehispHispanic,race_includehisp,Race/Ethnicity,Hispanic,White,1993,-0.218459,0.023381,-0.264285,-0.172633,101127
BRFSS,race_includehispOther,race_includehisp,Race/Ethnicity,Other,White,1993,-0.11917,0.058422,-0.233677,-0.004663,101127
BRFSS,educ_3catHS_SomeColl,educ_3cat,Education,HS_SomeColl,LT_HS,1993,0.484457,0.01659,0.45194,0.516974,101127
BRFSS,educ_3catBA_plus,educ_3cat,Education,BA_plus,LT_HS,1993,0.85723,0.017642,0.822653,0.891808,101127
BRFSS,age,age,Age,age,NA,1994,-0.014164,2.87e-4,-0.014727,-0.013601,104687
BRFSS,sexFemale,sex,Sex,Female,Male,1994,-0.007141,0.009658,-0.026071,0.01179,104687
BRFSS,race_includehispBlack,race_includehisp,Race/Ethnicity,Black,White,1994,-0.234451,0.016389,-0.266573,-0.202329,104687
BRFSS,race_includehispAIAN,race_includehisp,Race/Ethnicity,AIAN,White,1994,-0.232144,0.050787,-0.331686,-0.132603,104687
BRFSS,race_includehispAsian,race_includehisp,Race/Ethnicity,Asian,White,1994,-0.13834,0.035395,-0.207713,-0.068967,104687
BRFSS,race_includehispHispanic,race_includehisp,Race/Ethnicity,Hispanic,White,1994,-0.274412,0.021856,-0.317249,-0.231576,104687
BRFSS,race_includehispOther,race_includehisp,Race/Ethnicity,Other,White,1994,-0.162708,0.066261,-0.292578,-0.032838,104687
BRFSS,educ_3catHS_SomeColl,educ_3cat,Education,HS_SomeColl,LT_HS,1994,0.454841,0.015617,0.424232,0.485449,104687
BRFSS,educ_3catBA_plus,educ_3cat,Education,BA_plus,LT_HS,1994,0.836147,0.016924,0.802977,0.869318,104687
BRFSS,age,age,Age,age,NA,1995,-0.014387,2.92e-4,-0.014959,-0.013814,112639
BRFSS,sexFemale,sex,Sex,Female,Male,1995,-0.028557,0.010659,-0.049448,-0.007666,112639
BRFSS,race_includehispBlack,race_includehisp,Race/Ethnicity,Black,White,1995,-0.254117,0.017684,-0.288778,-0.219456,112639
BRFSS,race_includehispAIAN,race_includehisp,Race/Ethnicity,AIAN,White,1995,-0.256925,0.052851,-0.360511,-0.153338,112639
BRFSS,race_includehispAsian,race_includehisp,Race/Ethnicity,Asian,White,1995,-0.217797,0.039119,-0.294469,-0.141125,112639
BRFSS,race_includehispHispanic,race_includehisp,Race/Ethnicity,Hispanic,White,1995,-0.260889,0.029137,-0.317998,-0.20378,112639
BRFSS,race_includehispOther,race_includehisp,Race/Ethnicity,Other,White,1995,-0.041468,0.060078,-0.15922,0.076283,112639
BRFSS,educ_3catHS_SomeColl,educ_3cat,Education,HS_SomeColl,LT_HS,1995,0.42196,0.016711,0.389207,0.454713,112639
BRFSS,educ_3catBA_plus,educ_3cat,Education,BA_plus,LT_HS,1995,0.797088,0.020216,0.757464,0.836712,112639
BRFSS,age,age,Age,age,NA,1996,-0.012959,2.6e-4,-0.013468,-0.012449,122736
BRFSS,sexFemale,sex,Sex,Female,Male,1996,-0.007443,0.008898,-0.024883,0.009996,122736
BRFSS,race_includehispBlack,race_includehisp,Race/Ethnicity,Black,White,1996,-0.225038,0.016247,-0.256881,-0.193195,122736
BRFSS,race_includehispAIAN,race_includehisp,Race/Ethnicity,AIAN,White,1996,-0.16803,0.06136,-0.288294,-0.047766,122736
BRFSS,race_includehispAsian,race_includehisp,Race/Ethnicity,Asian,White,1996,-0.221812,0.034896,-0.290208,-0.153416,122736
BRFSS,race_includehispHispanic,race_includehisp,Race/Ethnicity,Hispanic,White,1996,-0.256043,0.018341,-0.291991,-0.220094,122736
BRFSS,race_includehispOther,race_includehisp,Race/Ethnicity,Other,White,1996,-0.145704,0.057307,-0.258024,-0.033383,122736
BRFSS,educ_3catHS_SomeColl,educ_3cat,Education,HS_SomeColl,LT_HS,1996,0.510428,0.01483,0.481361,0.539494,122736
BRFSS,educ_3catBA_plus,educ_3cat,Education,BA_plus,LT_HS,1996,0.871073,0.015888,0.839934,0.902213,122736
BRFSS,age,age,Age,age,NA,1997,-0.013759,2.52e-4,-0.014253,-0.013264,133821
BRFSS,sexFemale,sex,Sex,Female,Male,1997,-0.029679,0.008514,-0.046366,-0.012991,133821
BRFSS,race_includehispBlack,race_includehisp,Race/Ethnicity,Black,White,1997,-0.225199,0.015085,-0.254765,-0.195632,133821
BRFSS,race_includehispAIAN,race_includehisp,Race/Ethnicity,AIAN,White,1997,-0.206625,0.051376,-0.307322,-0.105929,133821
BRFSS,race_includehispAsian,race_includehisp,Race/Ethnicity,Asian,White,1997,-0.183188,0.034012,-0.249852,-0.116525,133821
BRFSS,race_includehispHispanic,race_includehisp,Race/Ethnicity,Hispanic,White,1997,-0.313984,0.017463,-0.348212,-0.279757,133821
BRFSS,race_includehispOther,race_includehisp,Race/Ethnicity,Other,White,1997,-0.189841,0.064392,-0.316048,-0.063635,133821
BRFSS,educ_3catHS_SomeColl,educ_3cat,Education,HS_SomeColl,LT_HS,1997,0.523652,0.015048,0.494158,0.553145,133821
BRFSS,educ_3catBA_plus,educ_3cat,Education,BA_plus,LT_HS,1997,0.88041,0.016023,0.849004,0.911815,133821
BRFSS,age,age,Age,age,NA,1998,-0.013407,2.52e-4,-0.013902,-0.012913000000000001,147461
BRFSS,sexFemale,sex,Sex,Female,Male,1998,-0.041224,0.008588,-0.058057,-0.024391,147461
BRFSS,race_includehispBlack,race_includehisp,Race/Ethnicity,Black,White,1998,-0.21814,0.014781,-0.247111,-0.189169,147461
BRFSS,race_includehispAIAN,race_includehisp,Race/Ethnicity,AIAN,White,1998,-0.245893,0.066166,-0.375578,-0.116209,147461
BRFSS,race_includehispAsian,race_includehisp,Race/Ethnicity,Asian,White,1998,-0.116666,0.033924,-0.183157,-0.050175,147461
BRFSS,race_includehispHispanic,race_includehisp,Race/Ethnicity,Hispanic,White,1998,-0.241022,0.0168,-0.27395,-0.208095,147461
BRFSS,race_includehispOther,race_includehisp,Race/Ethnicity,Other,White,1998,-0.1785,0.063321,-0.302608,-0.054392,147461
BRFSS,educ_3catHS_SomeColl,educ_3cat,Education,HS_SomeColl,LT_HS,1998,0.549255,0.014718,0.520409,0.578101,147461
BRFSS,educ_3catBA_plus,educ_3cat,Education,BA_plus,LT_HS,1998,0.918372,0.015722,0.887557,0.949187,147461
BRFSS,age,age,Age,age,NA,1999,-0.013355,2.52e-4,-0.013848,-0.012862,157706
BRFSS,sexFemale,sex,Sex,Female,Male,1999,-0.015048,0.008545,-0.031796,0.001701,157706
BRFSS,race_includehispBlack,race_includehisp,Race/Ethnicity,Black,White,1999,-0.259226,0.015098,-0.288818,-0.229635,157706
BRFSS,race_includehispAIAN,race_includehisp,Race/Ethnicity,AIAN,White,1999,-0.244018,0.052596,-0.347104,-0.140931,157706
BRFSS,race_includehispAsian,race_includehisp,Race/Ethnicity,Asian,White,1999,-0.1583,0.033304,-0.223575,-0.093026,157706
BRFSS,race_includehispHispanic,race_includehisp,Race/Ethnicity,Hispanic,White,1999,-0.273007,0.016636,-0.305613,-0.240401,157706
BRFSS,race_includehispOther,race_includehisp,Race/Ethnicity,Other,White,1999,-0.122147,0.055689,-0.231297,-0.012997,157706
BRFSS,educ_3catHS_SomeColl,educ_3cat,Education,HS_SomeColl,LT_HS,1999,0.503551,0.015531,0.47311,0.533992,157706
BRFSS,educ_3catBA_plus,educ_3cat,Education,BA_plus,LT_HS,1999,0.891834,0.016251,0.859982,0.923685,157706
BRFSS,age,age,Age,age,NA,2000,-0.014056,2.4e-4,-0.014527,-0.013586,180907
BRFSS,sexFemale,sex,Sex,Female,Male,2000,-0.02185,0.00823,-0.03798,-0.00572,180907
BRFSS,race_includehispBlack,race_includehisp,Race/Ethnicity,Black,White,2000,-0.205787,0.014386,-0.233982,-0.177591,180907
BRFSS,race_includehispAIAN,race_includehisp,Race/Ethnicity,AIAN,White,2000,-0.24915,0.042056,-0.331578,-0.166722,180907
BRFSS,race_includehispAsian,race_includehisp,Race/Ethnicity,Asian,White,2000,-0.126142,0.033701,-0.192194,-0.060089,180907
BRFSS,race_includehispHispanic,race_includehisp,Race/Ethnicity,Hispanic,White,2000,-0.296609,0.016201,-0.328363,-0.264855,180907
BRFSS,race_includehispOther,race_includehisp,Race/Ethnicity,Other,White,2000,-0.215073,0.060699,-0.334042,-0.096104,180907
BRFSS,educ_3catHS_SomeColl,educ_3cat,Education,HS_SomeColl,LT_HS,2000,0.514926,0.01496,0.485606,0.544247,180907
BRFSS,educ_3catBA_plus,educ_3cat,Education,BA_plus,LT_HS,2000,0.8967,0.015467,0.866386,0.927015,180907
BRFSS,age,age,Age,age,NA,2001,-0.013409,0.001094,-0.015553,-0.011264,18249
BRFSS,sexFemale,sex,Sex,Female,Male,2001,-0.170722,0.030353,-0.230216,-0.111227,18249
BRFSS,race_includehispBlack,race_includehisp,Race/Ethnicity,Black,White,2001,-0.179415,0.157254,-0.487648,0.128818,18249
BRFSS,race_includehispAIAN,race_includehisp,Race/Ethnicity,AIAN,White,2001,0.190678,0.436108,-0.664135,1.045491,18249
BRFSS,race_includehispAsian,race_includehisp,Race/Ethnicity,Asian,White,2001,0.263893,0.902761,-1.505604,2.03339,18249
BRFSS,race_includehispHispanic,race_includehisp,Race/Ethnicity,Hispanic,White,2001,-0.271538,0.05991,-0.388967,-0.154109,18249
BRFSS,race_includehispOther,race_includehisp,Race/Ethnicity,Other,White,2001,0.831287,0.570806,-0.287547,1.950121,18249
BRFSS,educ_3catHS_SomeColl,educ_3cat,Education,HS_SomeColl,LT_HS,2001,0.59461,0.035772,0.524494,0.664726,18249
BRFSS,educ_3catBA_plus,educ_3cat,Education,BA_plus,LT_HS,2001,1.012213,0.044013,0.925943,1.098484,18249
BRFSS,age,age,Age,age,NA,2002,-0.01353,2.22e-4,-0.013965,-0.013096,244144
BRFSS,sexFemale,sex,Sex,Female,Male,2002,-0.029063,0.007696,-0.044147,-0.013979,244144
BRFSS,educ_3catHS_SomeColl,educ_3cat,Education,HS_SomeColl,LT_HS,2002,0.589866,0.014739,0.560977,0.618755,244144
BRFSS,educ_3catBA_plus,educ_3cat,Education,BA_plus,LT_HS,2002,1.0045790000000001,0.015126,0.974932,1.034227,244144
BRFSS,age,age,Age,age,NA,2003,-0.013257,2.11e-4,-0.013672,-0.012843,261779
BRFSS,sexFemale,sex,Sex,Female,Male,2003,-0.012302,0.007513,-0.027027,0.002424,261779
BRFSS,educ_3catHS_SomeColl,educ_3cat,Education,HS_SomeColl,LT_HS,2003,0.591473,0.014135,0.563769,0.619176,261779
BRFSS,educ_3catBA_plus,educ_3cat,Education,BA_plus,LT_HS,2003,1.024027,0.014507,0.995594,1.05246,261779
BRFSS,age,age,Age,age,NA,2004,-0.013231,2.11e-4,-0.013644,-0.012818,300269
BRFSS,sexFemale,sex,Sex,Female,Male,2004,-0.020849,0.00751,-0.035568,-0.006131,300269
BRFSS,educ_3catHS_SomeColl,educ_3cat,Education,HS_SomeColl,LT_HS,2004,0.608469,0.014109,0.580816,0.636122,300269
BRFSS,educ_3catBA_plus,educ_3cat,Education,BA_plus,LT_HS,2004,1.055859,0.014439,1.0275589999999999,1.084159,300269
BRFSS,age,age,Age,age,NA,2005,-0.012668,1.93e-4,-0.013045,-0.01229,351093
BRFSS,sexFemale,sex,Sex,Female,Male,2005,-0.010081,0.006961,-0.023724,0.003561,351093
BRFSS,educ_3catHS_SomeColl,educ_3cat,Education,HS_SomeColl,LT_HS,2005,0.606124,0.013207,0.58024,0.632008,351093
BRFSS,educ_3catBA_plus,educ_3cat,Education,BA_plus,LT_HS,2005,1.051679,0.013402,1.025411,1.077947,351093
BRFSS,age,age,Age,age,NA,2006,-0.012462,2.18e-4,-0.012889,-0.012035,349321
BRFSS,sexFemale,sex,Sex,Female,Male,2006,-0.020969,0.007648,-0.035959,-0.005979,349321
BRFSS,educ_3catHS_SomeColl,educ_3cat,Education,HS_SomeColl,LT_HS,2006,0.596065,0.014856,0.566948,0.625181,349321
BRFSS,educ_3catBA_plus,educ_3cat,Education,BA_plus,LT_HS,2006,1.042971,0.015034,1.013505,1.072438,349321
BRFSS,age,age,Age,age,NA,2007,-0.012364,1.97e-4,-0.01275,-0.011979,424511
BRFSS,sexFemale,sex,Sex,Female,Male,2007,-0.00441,0.006971,-0.018073,0.009253,424511
BRFSS,educ_3catHS_SomeColl,educ_3cat,Education,HS_SomeColl,LT_HS,2007,0.584058,0.01421,0.556207,0.611908,424511
BRFSS,educ_3catBA_plus,educ_3cat,Education,BA_plus,LT_HS,2007,1.018455,0.014457,0.990119,1.046791,424511
BRFSS,age,age,Age,age,NA,2008,-0.012589,1.9e-4,-0.012962,-0.012216,407786
BRFSS,sexFemale,sex,Sex,Female,Male,2008,-0.006859,0.006705,-0.02,0.006283,407786
BRFSS,educ_3catHS_SomeColl,educ_3cat,Education,HS_SomeColl,LT_HS,2008,0.547696,0.013849,0.520554,0.574839,407786
BRFSS,educ_3catBA_plus,educ_3cat,Education,BA_plus,LT_HS,2008,0.999493,0.013903,0.972243,1.026742,407786
BRFSS,age,age,Age,age,NA,2009,-0.012476,1.86e-4,-0.012841,-0.01211,425247
BRFSS,sexFemale,sex,Sex,Female,Male,2009,-0.014944,0.006635,-0.027949,-0.001939,425247
BRFSS,educ_3catHS_SomeColl,educ_3cat,Education,HS_SomeColl,LT_HS,2009,0.536173,0.013712,0.509297,0.563049,425247
BRFSS,educ_3catBA_plus,educ_3cat,Education,BA_plus,LT_HS,2009,0.987491,0.013812,0.96042,1.014561,425247
BRFSS,age,age,Age,age,NA,2010,-0.012656,1.69e-4,-0.012986,-0.012325,441480
BRFSS,sexFemale,sex,Sex,Female,Male,2010,-0.013655,0.006067,-0.025545000000000002,-0.001765,441480
BRFSS,educ_3catHS_SomeColl,educ_3cat,Education,HS_SomeColl,LT_HS,2010,0.558353,0.012087,0.534664,0.582043,441480
BRFSS,educ_3catBA_plus,educ_3cat,Education,BA_plus,LT_HS,2010,1.025608,0.012201,1.001695,1.049521,441480
BRFSS,age,age,Age,age,NA,2011,-0.012932,1.63e-4,-0.013251,-0.012613,495264
BRFSS,sexFemale,sex,Sex,Female,Male,2011,-0.017713,0.006015,-0.029502,-0.005924,495264
BRFSS,race_includehispBlack,race_includehisp,Race/Ethnicity,Black,White,2011,-0.222401,0.011067,-0.244092,-0.200709,495264
BRFSS,race_includehispAIAN,race_includehisp,Race/Ethnicity,AIAN,White,2011,-0.302252,0.030409,-0.361852,-0.242652,495264
BRFSS,race_includehispAsian,race_includehisp,Race/Ethnicity,Asian,White,2011,-0.085446,0.020216,-0.125068,-0.045824,495264
BRFSS,race_includehispHispanic,race_includehisp,Race/Ethnicity,Hispanic,White,2011,-0.2638,0.010694,-0.28476,-0.24284,495264
BRFSS,race_includehispOther,race_includehisp,Race/Ethnicity,Other,White,2011,-0.197256,0.021923,-0.240225,-0.154286,495264
BRFSS,educ_3catHS_SomeColl,educ_3cat,Education,HS_SomeColl,LT_HS,2011,0.473368,0.010947,0.451913,0.494823,495264
BRFSS,educ_3catBA_plus,educ_3cat,Education,BA_plus,LT_HS,2011,0.890742,0.011243,0.868707,0.912778,495264
BRFSS,age,age,Age,age,NA,2012,-0.012608,1.7e-4,-0.012941,-0.012275,467425
BRFSS,sexFemale,sex,Sex,Female,Male,2012,-0.009686,0.006301,-0.022036,0.002665,467425
BRFSS,race_includehispBlack,race_includehisp,Race/Ethnicity,Black,White,2012,-0.201366,0.011342,-0.223596,-0.179137,467425
BRFSS,race_includehispAIAN,race_includehisp,Race/Ethnicity,AIAN,White,2012,-0.298211,0.031547,-0.360042,-0.23638,467425
BRFSS,race_includehispAsian,race_includehisp,Race/Ethnicity,Asian,White,2012,-0.104187,0.021566,-0.146456,-0.061919,467425
BRFSS,race_includehispHispanic,race_includehisp,Race/Ethnicity,Hispanic,White,2012,-0.248541,0.011394,-0.270873,-0.226208,467425
BRFSS,race_includehispOther,race_includehisp,Race/Ethnicity,Other,White,2012,-0.203851,0.020354,-0.243745,-0.163957,467425
BRFSS,educ_3catHS_SomeColl,educ_3cat,Education,HS_SomeColl,LT_HS,2012,0.541499,0.012199,0.517589,0.56541,467425
BRFSS,educ_3catBA_plus,educ_3cat,Education,BA_plus,LT_HS,2012,0.947141,0.012434,0.922772,0.971511,467425
BRFSS,age,age,Age,age,NA,2013,-0.011758,1.62e-4,-0.012076,-0.011441,445201
BRFSS,sexFemale,sex,Sex,Female,Male,2013,-0.01418,0.006169,-0.026272,-0.002089,445201
BRFSS,race_includehispBlack,race_includehisp,Race/Ethnicity,Black,White,2013,-0.214586,0.010766,-0.235687,-0.193484,445201
BRFSS,race_includehispAIAN,race_includehisp,Race/Ethnicity,AIAN,White,2013,-0.214494,0.02799,-0.269354,-0.159635,445201
BRFSS,race_includehispAsian,race_includehisp,Race/Ethnicity,Asian,White,2013,-0.115477,0.020658,-0.155965,-0.074988,445201
BRFSS,race_includehispHispanic,race_includehisp,Race/Ethnicity,Hispanic,White,2013,-0.092624,0.162575,-0.411267,0.226019,445201
BRFSS,race_includehispOther,race_includehisp,Race/Ethnicity,Other,White,2013,-0.182364,0.022223,-0.225921,-0.138807,445201
BRFSS,educ_3catHS_SomeColl,educ_3cat,Education,HS_SomeColl,LT_HS,2013,0.50363,0.013079,0.477995,0.529265,445201
BRFSS,educ_3catBA_plus,educ_3cat,Education,BA_plus,LT_HS,2013,0.920629,0.013234,0.894691,0.946567,445201
BRFSS,age,age,Age,age,NA,2014,-0.011562,1.69e-4,-0.011893,-0.011231,420185
BRFSS,sexFemale,sex,Sex,Female,Male,2014,-0.009776,0.006366,-0.022252,0.002701,420185
BRFSS,race_includehispBlack,race_includehisp,Race/Ethnicity,Black,White,2014,-0.203705,0.011085,-0.225431,-0.181978,420185
BRFSS,race_includehispAIAN,race_includehisp,Race/Ethnicity,AIAN,White,2014,-0.279765,0.027838,-0.334327,-0.225202,420185
BRFSS,race_includehispAsian,race_includehisp,Race/Ethnicity,Asian,White,2014,-0.083192,0.021303,-0.124945,-0.041439,420185
BRFSS,race_includehispOther,race_includehisp,Race/Ethnicity,Other,White,2014,-0.179008,0.019708,-0.217635,-0.14038,420185
BRFSS,educ_3catHS_SomeColl,educ_3cat,Education,HS_SomeColl,LT_HS,2014,0.504436,0.014409,0.476195,0.532677,420185
BRFSS,educ_3catBA_plus,educ_3cat,Education,BA_plus,LT_HS,2014,0.922022,0.014626,0.893355,0.950689,420185
BRFSS,age,age,Age,age,NA,2015,-0.011055,1.75e-4,-0.011398,-0.010711,378232
BRFSS,sexFemale,sex,Sex,Female,Male,2015,-0.009203,0.006508,-0.021957,0.003552,378232
BRFSS,race_includehispBlack,race_includehisp,Race/Ethnicity,Black,White,2015,-0.17952099999999999,0.011035,-0.201149,-0.157892,378232
BRFSS,race_includehispAIAN,race_includehisp,Race/Ethnicity,AIAN,White,2015,-0.070007,0.020058,-0.109319,-0.030694,378232
BRFSS,race_includehispAsian,race_includehisp,Race/Ethnicity,Asian,White,2015,-0.292651,0.028211,-0.347944,-0.237358,378232
BRFSS,race_includehispOther,race_includehisp,Race/Ethnicity,Other,White,2015,-0.085138,0.043328,-0.170059,-2.17e-4,378232
BRFSS,educ_3catHS_SomeColl,educ_3cat,Education,HS_SomeColl,LT_HS,2015,0.489652,0.015004,0.460245,0.51906,378232
BRFSS,educ_3catBA_plus,educ_3cat,Education,BA_plus,LT_HS,2015,0.891288,0.015194,0.861508,0.921068,378232
BRFSS,age,age,Age,age,NA,2016,-0.010955,1.7e-4,-0.011288,-0.010623,417342
BRFSS,sexFemale,sex,Sex,Female,Male,2016,-0.01158,0.006351,-0.024028,8.67e-4,417342
BRFSS,race_includehispBlack,race_includehisp,Race/Ethnicity,Black,White,2016,-0.171994,0.010526,-0.192624,-0.151364,417342
BRFSS,race_includehispAIAN,race_includehisp,Race/Ethnicity,AIAN,White,2016,-0.071771,0.018828,-0.108674,-0.034868,417342
BRFSS,race_includehispAsian,race_includehisp,Race/Ethnicity,Asian,White,2016,-0.305151,0.0264,-0.356895,-0.253408,417342
BRFSS,race_includehispOther,race_includehisp,Race/Ethnicity,Other,White,2016,-0.001328,0.044161,-0.087883,0.085226,417342
BRFSS,educ_3catHS_SomeColl,educ_3cat,Education,HS_SomeColl,LT_HS,2016,0.519569,0.014645,0.490865,0.548273,417342
BRFSS,educ_3catBA_plus,educ_3cat,Education,BA_plus,LT_HS,2016,0.921743,0.014808,0.892719,0.950766,417342
BRFSS,age,age,Age,age,NA,2017,-0.010166,1.87e-4,-0.010533,-0.0098,406477
BRFSS,sexFemale,sex,Sex,Female,Male,2017,-0.016644,0.006939,-0.030244,-0.003044,406477
BRFSS,race_includehispBlack,race_includehisp,Race/Ethnicity,Black,White,2017,-0.169141,0.011113,-0.190923,-0.14736,406477
BRFSS,race_includehispAIAN,race_includehisp,Race/Ethnicity,AIAN,White,2017,-0.246941,0.030253,-0.306236,-0.187647,406477
BRFSS,race_includehispAsian,race_includehisp,Race/Ethnicity,Asian,White,2017,-0.088347,0.022873,-0.133177,-0.043517,406477
BRFSS,race_includehispOther,race_includehisp,Race/Ethnicity,Other,White,2017,-0.136069,0.01908,-0.173465,-0.098673,406477
BRFSS,educ_3catHS_SomeColl,educ_3cat,Education,HS_SomeColl,LT_HS,2017,0.504226,0.016088,0.472694,0.535757,406477
BRFSS,educ_3catBA_plus,educ_3cat,Education,BA_plus,LT_HS,2017,0.928667,0.01631,0.896701,0.960633,406477
BRFSS,age,age,Age,age,NA,2018,-0.01028,1.85e-4,-0.010643,-0.009918,384636
BRFSS,sexFemale,sex,Sex,Female,Male,2018,-0.020803,0.006868,-0.034265,-0.007342,384636
BRFSS,race_includehispBlack,race_includehisp,Race/Ethnicity,Black,White,2018,-0.153452,0.011412,-0.175819,-0.131085,384636
BRFSS,race_includehispAIAN,race_includehisp,Race/Ethnicity,AIAN,White,2018,-0.297699,0.028584,-0.353723,-0.241675,384636
BRFSS,race_includehispAsian,race_includehisp,Race/Ethnicity,Asian,White,2018,-0.069343,0.021612,-0.111702,-0.026985,384636
BRFSS,race_includehispOther,race_includehisp,Race/Ethnicity,Other,White,2018,-0.166851,0.018903,-0.203901,-0.129802,384636
BRFSS,educ_3catHS_SomeColl,educ_3cat,Education,HS_SomeColl,LT_HS,2018,0.462785,0.017095,0.429281,0.49629,384636
BRFSS,educ_3catBA_plus,educ_3cat,Education,BA_plus,LT_HS,2018,0.861668,0.017354,0.827656,0.895681,384636
BRFSS,age,age,Age,age,NA,2019,-0.009827,1.72e-4,-0.010163,-0.00949,372944
BRFSS,sexFemale,sex,Sex,Female,Male,2019,-0.014058,0.006601,-0.026995,-0.001121,372944
BRFSS,race_includehispBlack,race_includehisp,Race/Ethnicity,Black,White,2019,-0.146187,0.010958,-0.167664,-0.124709,372944
BRFSS,race_includehispAIAN,race_includehisp,Race/Ethnicity,AIAN,White,2019,-0.299218,0.029167,-0.356385,-0.242051,372944
BRFSS,race_includehispAsian,race_includehisp,Race/Ethnicity,Asian,White,2019,-0.052913,0.02086,-0.093799,-0.012028,372944
BRFSS,race_includehispOther,race_includehisp,Race/Ethnicity,Other,White,2019,-0.15436,0.017981,-0.189603,-0.119118,372944
BRFSS,educ_3catHS_SomeColl,educ_3cat,Education,HS_SomeColl,LT_HS,2019,0.47991,0.015853,0.448838,0.510982,372944
BRFSS,educ_3catBA_plus,educ_3cat,Education,BA_plus,LT_HS,2019,0.881933,0.016022,0.85053,0.913336,372944
BRFSS,age,age,Age,age,NA,2020,-0.011882,1.98e-4,-0.012271,-0.011494,361137
BRFSS,sexFemale,sex,Sex,Female,Male,2020,-0.049965,0.007351,-0.064372,-0.035558,361137
BRFSS,race_includehispBlack,race_includehisp,Race/Ethnicity,Black,White,2020,-0.187666,0.012335,-0.211843,-0.163489,361137
BRFSS,race_includehispAIAN,race_includehisp,Race/Ethnicity,AIAN,White,2020,-0.26366,0.035774,-0.333776,-0.193544,361137
BRFSS,race_includehispAsian,race_includehisp,Race/Ethnicity,Asian,White,2020,-0.048643,0.023122,-0.093963,-0.003324,361137
BRFSS,race_includehispOther,race_includehisp,Race/Ethnicity,Other,White,2020,-0.121541,0.020005,-0.160751,-0.082331,361137
BRFSS,educ_3catHS_SomeColl,educ_3cat,Education,HS_SomeColl,LT_HS,2020,0.420035,0.017284,0.38616,0.453911,361137
BRFSS,educ_3catBA_plus,educ_3cat,Education,BA_plus,LT_HS,2020,0.7854,0.017367,0.751362,0.819438,361137
BRFSS,age,age,Age,age,NA,2021,-0.010784,1.98e-4,-0.011172,-0.010395,378357
BRFSS,sexFemale,sex,Sex,Female,Male,2021,-0.032496,0.007264,-0.046734,-0.018259,378357
BRFSS,race_includehispBlack,race_includehisp,Race/Ethnicity,Black,White,2021,-0.181053,0.011756,-0.204095,-0.158012,378357
BRFSS,race_includehispAIAN,race_includehisp,Race/Ethnicity,AIAN,White,2021,-0.254503,0.028481,-0.310325,-0.198682,378357
BRFSS,race_includehispAsian,race_includehisp,Race/Ethnicity,Asian,White,2021,-0.067458,0.02296,-0.112459,-0.022456,378357
BRFSS,race_includehispOther,race_includehisp,Race/Ethnicity,Other,White,2021,-0.111793,0.019341,-0.1497,-0.073886,378357
BRFSS,educ_3catHS_SomeColl,educ_3cat,Education,HS_SomeColl,LT_HS,2021,0.422962,0.017629,0.38841,0.457515,378357
BRFSS,educ_3catBA_plus,educ_3cat,Education,BA_plus,LT_HS,2021,0.787627,0.017686,0.752963,0.82229,378357
BRFSS,age,age,Age,age,NA,2022,-0.009375,1.83e-4,-0.009734,-0.009017,389901
BRFSS,sexFemale,sex,Sex,Female,Male,2022,-0.046093,0.006739,-0.059302,-0.032885,389901
BRFSS,race_includehispBlack,race_includehisp,Race/Ethnicity,Black,White,2022,-0.153535,0.010862,-0.174824,-0.132245,389901
BRFSS,race_includehispAIAN,race_includehisp,Race/Ethnicity,AIAN,White,2022,-0.242283,0.035348,-0.311564,-0.173002,389901
BRFSS,race_includehispAsian,race_includehisp,Race/Ethnicity,Asian,White,2022,-0.034634,0.018999,-0.071871,0.002604,389901
BRFSS,race_includehispOther,race_includehisp,Race/Ethnicity,Other,White,2022,-0.144737,0.021218,-0.186324,-0.103151,389901
BRFSS,educ_3catHS_SomeColl,educ_3cat,Education,HS_SomeColl,LT_HS,2022,0.453417,0.018822,0.416527,0.490307,389901
BRFSS,educ_3catBA_plus,educ_3cat,Education,BA_plus,LT_HS,2022,0.795161,0.018851,0.758213,0.832109,389901
BRFSS,age,age,Age,age,NA,2023,-0.008739,1.87e-4,-0.009106,-0.008372,380734
BRFSS,sexFemale,sex,Sex,Female,Male,2023,-0.03147,0.007216,-0.045614,-0.017326,380734
BRFSS,race_includehispBlack,race_includehisp,Race/Ethnicity,Black,White,2023,-0.167551,0.011516,-0.190123,-0.14498,380734
BRFSS,race_includehispAIAN,race_includehisp,Race/Ethnicity,AIAN,White,2023,-0.222999,0.030234,-0.282257,-0.163742,380734
BRFSS,race_includehispAsian,race_includehisp,Race/Ethnicity,Asian,White,2023,-0.05375,0.02028,-0.093499,-0.014001,380734
BRFSS,race_includehispOther,race_includehisp,Race/Ethnicity,Other,White,2023,-0.154636,0.019882,-0.193605,-0.11566800000000001,380734
BRFSS,educ_3catHS_SomeColl,educ_3cat,Education,HS_SomeColl,LT_HS,2023,0.448227,0.018861,0.41126,0.485193,380734
BRFSS,educ_3catBA_plus,educ_3cat,Education,BA_plus,LT_HS,2023,0.809121,0.018919,0.77204,0.846203,380734
BRFSS,age,age,Age,age,NA,2024,-0.008238,1.8e-4,-0.008591,-0.007886,403264
BRFSS,sexFemale,sex,Sex,Female,Male,2024,-0.043338,0.007103,-0.057259,-0.029417,403264
BRFSS,race_includehispBlack,race_includehisp,Race/Ethnicity,Black,White,2024,-0.138292,0.011072,-0.159992,-0.116592,403264
BRFSS,race_includehispAIAN,race_includehisp,Race/Ethnicity,AIAN,White,2024,-0.212894,0.036679,-0.284783,-0.141004,403264
BRFSS,race_includehispAsian,race_includehisp,Race/Ethnicity,Asian,White,2024,-0.06681,0.021502,-0.108953,-0.024667,403264
BRFSS,race_includehispOther,race_includehisp,Race/Ethnicity,Other,White,2024,-0.151774,0.018564,-0.18816,-0.115389,403264
BRFSS,educ_3catHS_SomeColl,educ_3cat,Education,HS_SomeColl,LT_HS,2024,0.426562,0.019683,0.387984,0.46514,403264
BRFSS,educ_3catBA_plus,educ_3cat,Education,BA_plus,LT_HS,2024,0.784497,0.019812,0.745665,0.823328,403264
BRFSS,age,age,Age,age,NA,2025,-0.007348,7.69e-4,-0.008856,-0.00584,16457
BRFSS,sexFemale,sex,Sex,Female,Male,2025,-0.047372,0.028985,-0.104185,0.009442,16457
BRFSS,race_includehispBlack,race_includehisp,Race/Ethnicity,Black,White,2025,-0.143776,0.04602,-0.233979,-0.053572,16457
BRFSS,race_includehispAIAN,race_includehisp,Race/Ethnicity,AIAN,White,2025,-0.299957,0.118491,-0.532212,-0.067701,16457
BRFSS,race_includehispAsian,race_includehisp,Race/Ethnicity,Asian,White,2025,-0.107253,0.062918,-0.23058,0.016074,16457
BRFSS,race_includehispOther,race_includehisp,Race/Ethnicity,Other,White,2025,-0.029026,0.067464,-0.161264,0.103211,16457
BRFSS,educ_3catHS_SomeColl,educ_3cat,Education,HS_SomeColl,LT_HS,2025,0.512561,0.071065,0.373265,0.651856,16457
BRFSS,educ_3catBA_plus,educ_3cat,Education,BA_plus,LT_HS,2025,0.906712,0.071249,0.767056,1.046368,16457
MEPS,age,age,Age,age,NA,2000,-0.017325,4.58e-4,-0.018229,-0.016421,15182
MEPS,sexFemale,sex,Sex,Female,Male,2000,-0.093061,0.016839,-0.126289,-0.059833,15182
MEPS,race_includehispBlack,race_includehisp,Race/Ethnicity,Black,White,2000,-0.106523,0.03591,-0.177381,-0.035664,15182
MEPS,race_includehispAIAN,race_includehisp,Race/Ethnicity,AIAN,White,2000,-0.216062,0.149208,-0.510484,0.07836,15182
MEPS,race_includehispAsian,race_includehisp,Race/Ethnicity,Asian,White,2000,-0.086808,0.061215,-0.207599,0.033983,15182
MEPS,race_includehispHispanic,race_includehisp,Race/Ethnicity,Hispanic,White,2000,-0.171335,0.02776,-0.226112,-0.116559,15182
MEPS,educ_3catHS_SomeColl,educ_3cat,Education,HS_SomeColl,LT_HS,2000,0.309776,0.028459,0.253619,0.365933,15182
MEPS,educ_3catBA_plus,educ_3cat,Education,BA_plus,LT_HS,2000,0.662295,0.030128,0.602847,0.721744,15182
MEPS,age,age,Age,age,NA,2001,-0.016642,4.54e-4,-0.017534,-0.01575,20553
MEPS,sexFemale,sex,Sex,Female,Male,2001,-0.102223,0.014028,-0.129799,-0.074647,20553
MEPS,race_includehispBlack,race_includehisp,Race/Ethnicity,Black,White,2001,-0.132101,0.027847,-0.186844,-0.077358,20553
MEPS,race_includehispAIAN,race_includehisp,Race/Ethnicity,AIAN,White,2001,-0.423645,0.091959,-0.604422,-0.242867,20553
MEPS,race_includehispAsian,race_includehisp,Race/Ethnicity,Asian,White,2001,-0.063804,0.04686,-0.155924,0.028315,20553
MEPS,race_includehispHispanic,race_includehisp,Race/Ethnicity,Hispanic,White,2001,-0.148403,0.026487,-0.200473,-0.096333,20553
MEPS,educ_3catHS_SomeColl,educ_3cat,Education,HS_SomeColl,LT_HS,2001,0.307675,0.021807,0.264806,0.350545,20553
MEPS,educ_3catBA_plus,educ_3cat,Education,BA_plus,LT_HS,2001,0.635833,0.023901,0.588848,0.682818,20553
MEPS,age,age,Age,age,NA,2002,-0.018226,4.79e-4,-0.01917,-0.017283,23916
MEPS,sexFemale,sex,Sex,Female,Male,2002,-0.084049,0.014942,-0.113485,-0.054613,23916
MEPS,race_includehispBlack,race_includehisp,Race/Ethnicity,Black,White,2002,-0.176568,0.023104,-0.222084,-0.131053,23916
MEPS,race_includehispAIAN,race_includehisp,Race/Ethnicity,AIAN,White,2002,-0.216883,0.075605,-0.36583,-0.067936,23916
MEPS,race_includehispAsian,race_includehisp,Race/Ethnicity,Asian,White,2002,-0.170336,0.039832,-0.248807,-0.091865,23916
MEPS,race_includehispHispanic,race_includehisp,Race/Ethnicity,Hispanic,White,2002,-0.144005,0.027027,-0.197251,-0.090759,23916
MEPS,race_includehispOther,race_includehisp,Race/Ethnicity,Other,White,2002,-0.288476,0.065098,-0.416724,-0.160228,23916
MEPS,educ_3catHS_SomeColl,educ_3cat,Education,HS_SomeColl,LT_HS,2002,0.297512,0.020927,0.256285,0.338739,23916
MEPS,educ_3catBA_plus,educ_3cat,Education,BA_plus,LT_HS,2002,0.594167,0.025905,0.543132,0.645202,23916
MEPS,age,age,Age,age,NA,2003,-0.013944,0.002206,-0.01829,-0.009597,20538
MEPS,sexFemale,sex,Sex,Female,Male,2003,-0.070494,0.013631,-0.097347,-0.043641,20538
MEPS,race_includehispBlack,race_includehisp,Race/Ethnicity,Black,White,2003,-0.163482,0.031147,-0.224843,-0.102121,20538
MEPS,race_includehispAIAN,race_includehisp,Race/Ethnicity,AIAN,White,2003,-0.161767,0.108086,-0.374704,0.051169,20538
MEPS,race_includehispAsian,race_includehisp,Race/Ethnicity,Asian,White,2003,-0.081401,0.042887,-0.165891,0.003089,20538
MEPS,race_includehispHispanic,race_includehisp,Race/Ethnicity,Hispanic,White,2003,-0.061273,0.033665,-0.127595,0.005048,20538
MEPS,race_includehispOther,race_includehisp,Race/Ethnicity,Other,White,2003,-0.408413,0.07594,-0.55802,-0.258806,20538
MEPS,educ_3catHS_SomeColl,educ_3cat,Education,HS_SomeColl,LT_HS,2003,0.289861,0.021475,0.247554,0.332168,20538
MEPS,educ_3catBA_plus,educ_3cat,Education,BA_plus,LT_HS,2003,0.583576,0.026422,0.531522,0.635629,20538
MEPS,age,age,Age,age,NA,2004,-0.0173,5.37e-4,-0.018357,-0.016243,20628
MEPS,sexFemale,sex,Sex,Female,Male,2004,-0.084623,0.015705,-0.115563,-0.053682,20628
MEPS,race_includehispBlack,race_includehisp,Race/Ethnicity,Black,White,2004,-0.152704,0.028138,-0.208138,-0.097271,20628
MEPS,race_includehispAIAN,race_includehisp,Race/Ethnicity,AIAN,White,2004,-0.36892200000000003,0.11763,-0.600661,-0.137184,20628
MEPS,race_includehispAsian,race_includehisp,Race/Ethnicity,Asian,White,2004,0.00289,0.036662,-0.069336,0.075116,20628
MEPS,race_includehispHispanic,race_includehisp,Race/Ethnicity,Hispanic,White,2004,-0.064752,0.026417,-0.116796,-0.012708,20628
MEPS,race_includehispOther,race_includehisp,Race/Ethnicity,Other,White,2004,-0.357519,0.076357,-0.507948,-0.20709,20628
MEPS,educ_3catHS_SomeColl,educ_3cat,Education,HS_SomeColl,LT_HS,2004,0.295739,0.023653,0.249142,0.342337,20628
MEPS,educ_3catBA_plus,educ_3cat,Education,BA_plus,LT_HS,2004,0.616698,0.023054,0.571281,0.662115,20628
MEPS,age,age,Age,age,NA,2005,-0.014829,0.002296,-0.019353,-0.010305,20400
MEPS,sexFemale,sex,Sex,Female,Male,2005,-0.10175,0.015366,-0.132021,-0.07148,20400
MEPS,race_includehispBlack,race_includehisp,Race/Ethnicity,Black,White,2005,-0.192921,0.029966,-0.251952,-0.13389,20400
MEPS,race_includehispAIAN,race_includehisp,Race/Ethnicity,AIAN,White,2005,-0.349091,0.123877,-0.593116,-0.105066,20400
MEPS,race_includehispAsian,race_includehisp,Race/Ethnicity,Asian,White,2005,-0.012949,0.0468,-0.105141,0.079242,20400
MEPS,race_includehispHispanic,race_includehisp,Race/Ethnicity,Hispanic,White,2005,-0.09902,0.033191,-0.164403,-0.033636,20400
MEPS,race_includehispOther,race_includehisp,Race/Ethnicity,Other,White,2005,-0.309748,0.063581,-0.434997,-0.1845,20400
MEPS,educ_3catHS_SomeColl,educ_3cat,Education,HS_SomeColl,LT_HS,2005,0.262796,0.02497,0.213607,0.311985,20400
MEPS,educ_3catBA_plus,educ_3cat,Education,BA_plus,LT_HS,2005,0.597373,0.024877,0.548369,0.646377,20400
MEPS,age,age,Age,age,NA,2006,-0.016941,5.58e-4,-0.01804,-0.015842,20486
MEPS,sexFemale,sex,Sex,Female,Male,2006,-0.062594,0.01459,-0.091336,-0.033852,20486
MEPS,race_includehispBlack,race_includehisp,Race/Ethnicity,Black,White,2006,-0.169764,0.024746,-0.218513,-0.121016,20486
MEPS,race_includehispAIAN,race_includehisp,Race/Ethnicity,AIAN,White,2006,-0.227641,0.114892,-0.453971,-0.00131,20486
MEPS,race_includehispAsian,race_includehisp,Race/Ethnicity,Asian,White,2006,-0.080843,0.039616,-0.158884,-0.002801,20486
MEPS,race_includehispHispanic,race_includehisp,Race/Ethnicity,Hispanic,White,2006,-0.131258,0.02673,-0.183916,-0.078601,20486
MEPS,race_includehispOther,race_includehisp,Race/Ethnicity,Other,White,2006,-0.314227,0.077243,-0.466391,-0.162062,20486
MEPS,educ_3catHS_SomeColl,educ_3cat,Education,HS_SomeColl,LT_HS,2006,0.227619,0.024841,0.178683,0.276555,20486
MEPS,educ_3catBA_plus,educ_3cat,Education,BA_plus,LT_HS,2006,0.551456,0.027883,0.496528,0.606383,20486
MEPS,age,age,Age,age,NA,2007,-0.017268,5.07e-4,-0.018263,-0.016272,18740
MEPS,sexFemale,sex,Sex,Female,Male,2007,-0.088697,0.014216,-0.11664,-0.060753,18740
MEPS,race_includehispBlack,race_includehisp,Race/Ethnicity,Black,White,2007,-0.14694,0.025098,-0.196274,-0.097606,18740
MEPS,race_includehispAIAN,race_includehisp,Race/Ethnicity,AIAN,White,2007,-0.090245,0.146407,-0.378029,0.19754,18740
MEPS,race_includehispAsian,race_includehisp,Race/Ethnicity,Asian,White,2007,-0.088311,0.038682,-0.164346,-0.012276,18740
MEPS,race_includehispHispanic,race_includehisp,Race/Ethnicity,Hispanic,White,2007,-0.080402,0.028276,-0.135983,-0.024821,18740
MEPS,race_includehispOther,race_includehisp,Race/Ethnicity,Other,White,2007,-0.26324,0.067783,-0.396477,-0.130002,18740
MEPS,educ_3catHS_SomeColl,educ_3cat,Education,HS_SomeColl,LT_HS,2007,0.255055,0.022586,0.21066,0.299451,18740
MEPS,educ_3catBA_plus,educ_3cat,Education,BA_plus,LT_HS,2007,0.537238,0.026281,0.485579,0.588896,18740
MEPS,age,age,Age,age,NA,2008,-0.016725,5.75e-4,-0.017859,-0.015591,20172
MEPS,sexFemale,sex,Sex,Female,Male,2008,-0.076964,0.013344,-0.10328,-0.050648,20172
MEPS,race_includehispBlack,race_includehisp,Race/Ethnicity,Black,White,2008,-0.132641,0.026203,-0.184316,-0.080966,20172
MEPS,race_includehispAIAN,race_includehisp,Race/Ethnicity,AIAN,White,2008,-0.626715,0.184987,-0.991535,-0.261895,20172
MEPS,race_includehispAsian,race_includehisp,Race/Ethnicity,Asian,White,2008,-0.105983,0.038522,-0.181954,-0.030013,20172
MEPS,race_includehispHispanic,race_includehisp,Race/Ethnicity,Hispanic,White,2008,-0.072365,0.030226,-0.131974,-0.012756,20172
MEPS,race_includehispOther,race_includehisp,Race/Ethnicity,Other,White,2008,-0.177916,0.083418,-0.342428,-0.013403,20172
MEPS,educ_3catHS_SomeColl,educ_3cat,Education,HS_SomeColl,LT_HS,2008,0.265138,0.025547,0.214755,0.315522,20172
MEPS,educ_3catBA_plus,educ_3cat,Education,BA_plus,LT_HS,2008,0.536075,0.027517,0.481806,0.590343,20172
MEPS,age,age,Age,age,NA,2009,-0.014889,6.21e-4,-0.016114,-0.013665,22726
MEPS,sexFemale,sex,Sex,Female,Male,2009,-0.09378,0.015166,-0.123691,-0.063869,22726
MEPS,race_includehispBlack,race_includehisp,Race/Ethnicity,Black,White,2009,-0.144715,0.024059,-0.192165,-0.097265,22726
MEPS,race_includehispAIAN,race_includehisp,Race/Ethnicity,AIAN,White,2009,-0.363691,0.074378,-0.51038,-0.217002,22726
MEPS,race_includehispAsian,race_includehisp,Race/Ethnicity,Asian,White,2009,-0.007443,0.03325,-0.073019,0.058134,22726
MEPS,race_includehispHispanic,race_includehisp,Race/Ethnicity,Hispanic,White,2009,-0.085593,0.027613,-0.140051,-0.031135,22726
MEPS,race_includehispOther,race_includehisp,Race/Ethnicity,Other,White,2009,-0.104767,0.084408,-0.271237,0.061704,22726
MEPS,educ_3catHS_SomeColl,educ_3cat,Education,HS_SomeColl,LT_HS,2009,0.233413,0.022852,0.188345,0.278481,22726
MEPS,educ_3catBA_plus,educ_3cat,Education,BA_plus,LT_HS,2009,0.551263,0.027351,0.497322,0.605205,22726
MEPS,age,age,Age,age,NA,2010,-0.016033,5.59e-4,-0.017136,-0.014931,20405
MEPS,sexFemale,sex,Sex,Female,Male,2010,-0.064091,0.014058,-0.091817,-0.036366,20405
MEPS,race_includehispBlack,race_includehisp,Race/Ethnicity,Black,White,2010,-0.160155,0.023713,-0.20692,-0.113391,20405
MEPS,race_includehispAIAN,race_includehisp,Race/Ethnicity,AIAN,White,2010,-0.24959,0.090312,-0.427698,-0.071482,20405
MEPS,race_includehispAsian,race_includehisp,Race/Ethnicity,Asian,White,2010,-0.039438,0.034071,-0.10663,0.027755,20405
MEPS,race_includehispHispanic,race_includehisp,Race/Ethnicity,Hispanic,White,2010,-0.055566,0.030682,-0.116074,0.004943,20405
MEPS,race_includehispOther,race_includehisp,Race/Ethnicity,Other,White,2010,-0.120702,0.078327,-0.275174,0.033771,20405
MEPS,educ_3catHS_SomeColl,educ_3cat,Education,HS_SomeColl,LT_HS,2010,0.25313600000000003,0.025166,0.203504,0.302767,20405
MEPS,educ_3catBA_plus,educ_3cat,Education,BA_plus,LT_HS,2010,0.579925,0.026059,0.528533,0.631317,20405
MEPS,age,age,Age,age,NA,2011,-0.015743,5.34e-4,-0.016797,-0.014689,21940
MEPS,sexFemale,sex,Sex,Female,Male,2011,-0.069237,0.01319,-0.095251,-0.043223,21940
MEPS,race_includehispBlack,race_includehisp,Race/Ethnicity,Black,White,2011,-0.165969,0.023156,-0.211638,-0.1203,21940
MEPS,race_includehispAIAN,race_includehisp,Race/Ethnicity,AIAN,White,2011,-0.308344,0.103887,-0.51323,-0.103457,21940
MEPS,race_includehispAsian,race_includehisp,Race/Ethnicity,Asian,White,2011,-0.035782,0.029992,-0.094933,0.023369,21940
MEPS,race_includehispHispanic,race_includehisp,Race/Ethnicity,Hispanic,White,2011,-0.118969,0.028419,-0.175018,-0.062921,21940
MEPS,race_includehispOther,race_includehisp,Race/Ethnicity,Other,White,2011,-0.245669,0.077189,-0.397902,-0.093437,21940
MEPS,educ_3catHS_SomeColl,educ_3cat,Education,HS_SomeColl,LT_HS,2011,0.218656,0.022269,0.174737,0.262574,21940
MEPS,educ_3catBA_plus,educ_3cat,Education,BA_plus,LT_HS,2011,0.531758,0.025656,0.48116,0.582357,21940
MEPS,age,age,Age,age,NA,2012,-0.014132,0.001077,-0.016256,-0.012008,24562
MEPS,sexFemale,sex,Sex,Female,Male,2012,-0.06749,0.014847,-0.096773,-0.038206,24562
MEPS,race_includehispBlack,race_includehisp,Race/Ethnicity,Black,White,2012,-0.151367,0.027894,-0.206384,-0.09635,24562
MEPS,race_includehispAIAN,race_includehisp,Race/Ethnicity,AIAN,White,2012,-0.229563,0.099731,-0.426266,-0.032859,24562
MEPS,race_includehispAsian,race_includehisp,Race/Ethnicity,Asian,White,2012,-0.066635,0.030895,-0.12757,-0.0057,24562
MEPS,race_includehispHispanic,race_includehisp,Race/Ethnicity,Hispanic,White,2012,-0.087492,0.031444,-0.14951,-0.025474,24562
MEPS,race_includehispOther,race_includehisp,Race/Ethnicity,Other,White,2012,-0.100547,0.076845,-0.25211,0.051016,24562
MEPS,educ_3catHS_SomeColl,educ_3cat,Education,HS_SomeColl,LT_HS,2012,0.243802,0.020794,0.20279,0.284814,24562
MEPS,educ_3catBA_plus,educ_3cat,Education,BA_plus,LT_HS,2012,0.596704,0.024757,0.547875,0.645532,24562
MEPS,age,age,Age,age,NA,2013,-0.015365,5.14e-4,-0.01638,-0.01435,22533
MEPS,sexFemale,sex,Sex,Female,Male,2013,-0.075293,0.017021,-0.108869,-0.041717,22533
MEPS,race_includehispBlack,race_includehisp,Race/Ethnicity,Black,White,2013,-0.156615,0.022321,-0.200648,-0.112582,22533
MEPS,race_includehispAIAN,race_includehisp,Race/Ethnicity,AIAN,White,2013,-0.068472,0.090371,-0.246743,0.1098,22533
MEPS,race_includehispAsian,race_includehisp,Race/Ethnicity,Asian,White,2013,-0.041302,0.040102,-0.12041,0.037806,22533
MEPS,race_includehispHispanic,race_includehisp,Race/Ethnicity,Hispanic,White,2013,-0.084258,0.025034,-0.133642,-0.034873,22533
MEPS,race_includehispOther,race_includehisp,Race/Ethnicity,Other,White,2013,-0.170625,0.066015,-0.30085,-0.0404,22533
MEPS,educ_3catHS_SomeColl,educ_3cat,Education,HS_SomeColl,LT_HS,2013,0.228535,0.024586,0.180035,0.277035,22533
MEPS,educ_3catBA_plus,educ_3cat,Education,BA_plus,LT_HS,2013,0.574211,0.026545,0.521846,0.626576,22533
MEPS,age,age,Age,age,NA,2014,-0.015865,5.5e-4,-0.01695,-0.01478,20735
MEPS,sexFemale,sex,Sex,Female,Male,2014,-0.089151,0.014447,-0.117645,-0.060656,20735
MEPS,race_includehispBlack,race_includehisp,Race/Ethnicity,Black,White,2014,-0.131375,0.024699,-0.180091,-0.082658,20735
MEPS,race_includehispAIAN,race_includehisp,Race/Ethnicity,AIAN,White,2014,-0.255056,0.134153,-0.519658,0.009546,20735
MEPS,race_includehispAsian,race_includehisp,Race/Ethnicity,Asian,White,2014,-0.032656,0.036102,-0.103864,0.038552,20735
MEPS,race_includehispHispanic,race_includehisp,Race/Ethnicity,Hispanic,White,2014,-0.091554,0.026445,-0.143715,-0.039394,20735
MEPS,race_includehispOther,race_includehisp,Race/Ethnicity,Other,White,2014,-0.092147,0.050862,-0.192467,0.008174,20735
MEPS,educ_3catHS_SomeColl,educ_3cat,Education,HS_SomeColl,LT_HS,2014,0.245259,0.025317,0.195323,0.295195,20735
MEPS,educ_3catBA_plus,educ_3cat,Education,BA_plus,LT_HS,2014,0.580951,0.032132,0.517574,0.644329,20735
MEPS,age,age,Age,age,NA,2015,-0.014827,5.08e-4,-0.015828,-0.013826,21135
MEPS,sexFemale,sex,Sex,Female,Male,2015,-0.061904,0.015057,-0.091602,-0.032207,21135
MEPS,race_includehispBlack,race_includehisp,Race/Ethnicity,Black,White,2015,-0.137658,0.024316,-0.185616,-0.089701,21135
MEPS,race_includehispAIAN,race_includehisp,Race/Ethnicity,AIAN,White,2015,-0.193967,0.121832,-0.434252,0.046319,21135
MEPS,race_includehispAsian,race_includehisp,Race/Ethnicity,Asian,White,2015,-0.021232,0.031439,-0.083237,0.040774,21135
MEPS,race_includehispHispanic,race_includehisp,Race/Ethnicity,Hispanic,White,2015,-0.054684,0.026305,-0.10656499999999999,-0.002803,21135
MEPS,race_includehispOther,race_includehisp,Race/Ethnicity,Other,White,2015,-0.113129,0.052038,-0.215761,-0.010496,21135
MEPS,educ_3catHS_SomeColl,educ_3cat,Education,HS_SomeColl,LT_HS,2015,0.242027,0.028566,0.185687,0.298367,21135
MEPS,educ_3catBA_plus,educ_3cat,Education,BA_plus,LT_HS,2015,0.546035,0.032799,0.481346,0.610724,21135
MEPS,age,age,Age,age,NA,2016,-0.012889,0.001167,-0.015191,-0.010587,21179
MEPS,sexFemale,sex,Sex,Female,Male,2016,-0.056177,0.014331,-0.084442,-0.027913,21179
MEPS,race_includehispBlack,race_includehisp,Race/Ethnicity,Black,White,2016,-0.085856,0.025453,-0.136057,-0.035655,21179
MEPS,race_includehispAIAN,race_includehisp,Race/Ethnicity,AIAN,White,2016,-0.506441,0.114561,-0.732386,-0.280496,21179
MEPS,race_includehispAsian,race_includehisp,Race/Ethnicity,Asian,White,2016,-0.007804,0.037244,-0.08126,0.065651,21179
MEPS,race_includehispHispanic,race_includehisp,Race/Ethnicity,Hispanic,White,2016,-0.028546,0.025631,-0.079097,0.022004,21179
MEPS,race_includehispOther,race_includehisp,Race/Ethnicity,Other,White,2016,-0.168894,0.051257,-0.269986,-0.067802,21179
MEPS,educ_3catHS_SomeColl,educ_3cat,Education,HS_SomeColl,LT_HS,2016,0.237602,0.027513,0.183339,0.291865,21179
MEPS,educ_3catBA_plus,educ_3cat,Education,BA_plus,LT_HS,2016,0.519941,0.029498,0.461764,0.578119,21179
MEPS,age,age,Age,age,NA,2017,-0.013808,0.001713,-0.017179,-0.010437,19996
MEPS,sexFemale,sex,Sex,Female,Male,2017,-0.079209,0.014631,-0.10799,-0.050427,19996
MEPS,race_includehispBlack,race_includehisp,Race/Ethnicity,Black,White,2017,-0.09715,0.026452,-0.149187,-0.045113,19996
MEPS,race_includehispAIAN,race_includehisp,Race/Ethnicity,AIAN,White,2017,-0.651508,0.158733,-0.963767,-0.339249,19996
MEPS,race_includehispAsian,race_includehisp,Race/Ethnicity,Asian,White,2017,0.055307,0.038128,-0.019698,0.130312,19996
MEPS,race_includehispHispanic,race_includehisp,Race/Ethnicity,Hispanic,White,2017,-0.046758,0.027954,-0.101749,0.008232,19996
MEPS,race_includehispOther,race_includehisp,Race/Ethnicity,Other,White,2017,-0.100987,0.057426,-0.213955,0.011981,19996
MEPS,educ_3catHS_SomeColl,educ_3cat,Education,HS_SomeColl,LT_HS,2017,0.249771,0.023797,0.202958,0.296583,19996
MEPS,educ_3catBA_plus,educ_3cat,Education,BA_plus,LT_HS,2017,0.510977,0.025183,0.461438,0.560517,19996
MEPS,age,age,Age,age,NA,2018,-0.016304,5.08e-4,-0.017308,-0.0153,18851
MEPS,sexFemale,sex,Sex,Female,Male,2018,-0.060641,0.014511,-0.089348,-0.031935,18851
MEPS,race_includehispBlack,race_includehisp,Race/Ethnicity,Black,White,2018,-0.122988,0.029064,-0.180485,-0.065492,18851
MEPS,race_includehispAIAN,race_includehisp,Race/Ethnicity,AIAN,White,2018,-0.431036,0.151379,-0.7305,-0.131573,18851
MEPS,race_includehispAsian,race_includehisp,Race/Ethnicity,Asian,White,2018,0.041598,0.037143,-0.031879,0.115075,18851
MEPS,race_includehispHispanic,race_includehisp,Race/Ethnicity,Hispanic,White,2018,-0.041541,0.027816,-0.096568,0.013485,18851
MEPS,race_includehispOther,race_includehisp,Race/Ethnicity,Other,White,2018,-0.255063,0.053423,-0.360747,-0.149379,18851
MEPS,educ_3catHS_SomeColl,educ_3cat,Education,HS_SomeColl,LT_HS,2018,0.207128,0.023891,0.159866,0.254391,18851
MEPS,educ_3catBA_plus,educ_3cat,Education,BA_plus,LT_HS,2018,0.505147,0.026608,0.452511,0.557783,18851
MEPS,age,age,Age,age,NA,2019,-0.010482,0.003541,-0.017472,-0.003492,17183
MEPS,sexFemale,sex,Sex,Female,Male,2019,-0.077821,0.01849,-0.114325,-0.041317,17183
MEPS,race_includehispBlack,race_includehisp,Race/Ethnicity,Black,White,2019,-0.066896,0.036978,-0.139901,0.006109,17183
MEPS,race_includehispAIAN,race_includehisp,Race/Ethnicity,AIAN,White,2019,-0.173756,0.133546,-0.437411,0.089899,17183
MEPS,race_includehispAsian,race_includehisp,Race/Ethnicity,Asian,White,2019,0.087768,0.04123,0.006368,0.169168,17183
MEPS,race_includehispHispanic,race_includehisp,Race/Ethnicity,Hispanic,White,2019,0.069415,0.04043,-0.010404,0.149234,17183
MEPS,race_includehispOther,race_includehisp,Race/Ethnicity,Other,White,2019,-0.245721,0.087944,-0.419347,-0.072095,17183
MEPS,educ_3catHS_SomeColl,educ_3cat,Education,HS_SomeColl,LT_HS,2019,0.163423,0.031876,0.100491,0.226354,17183
MEPS,educ_3catBA_plus,educ_3cat,Education,BA_plus,LT_HS,2019,0.486597,0.032259,0.422909,0.550284,17183
MEPS,age,age,Age,age,NA,2020,-0.015404,5.97e-4,-0.016583,-0.014225,13824
MEPS,sexFemale,sex,Sex,Female,Male,2020,-0.098745,0.018552,-0.135371,-0.062119,13824
MEPS,race_includehispBlack,race_includehisp,Race/Ethnicity,Black,White,2020,-0.084894,0.036385,-0.156728,-0.013059,13824
MEPS,race_includehispAIAN,race_includehisp,Race/Ethnicity,AIAN,White,2020,-0.341612,0.176902,-0.690864,0.00764,13824
MEPS,race_includehispAsian,race_includehisp,Race/Ethnicity,Asian,White,2020,0.071073,0.044572,-0.016924,0.15907,13824
MEPS,race_includehispHispanic,race_includehisp,Race/Ethnicity,Hispanic,White,2020,-0.041867,0.032807,-0.106637,0.022904,13824
MEPS,race_includehispOther,race_includehisp,Race/Ethnicity,Other,White,2020,-0.271398,0.086945,-0.443051,-0.099745,13824
MEPS,educ_3catHS_SomeColl,educ_3cat,Education,HS_SomeColl,LT_HS,2020,0.11707,0.037636,0.042767,0.191374,13824
MEPS,educ_3catBA_plus,educ_3cat,Education,BA_plus,LT_HS,2020,0.427738,0.035784,0.357091,0.498385,13824
MEPS,age,age,Age,age,NA,2021,-0.011239,0.002153,-0.015478,-0.006999,14879
MEPS,sexFemale,sex,Sex,Female,Male,2021,-0.092183,0.017964,-0.12755,-0.056815,14879
MEPS,race_includehispBlack,race_includehisp,Race/Ethnicity,Black,White,2021,-0.057891,0.041787,-0.140159,0.024377,14879
MEPS,race_includehispAIAN,race_includehisp,Race/Ethnicity,AIAN,White,2021,-0.360076,0.13199,-0.619931,-0.10022,14879
MEPS,race_includehispAsian,race_includehisp,Race/Ethnicity,Asian,White,2021,0.079104,0.052663,-0.024577,0.182785,14879
MEPS,race_includehispHispanic,race_includehisp,Race/Ethnicity,Hispanic,White,2021,0.01393,0.036568,-0.058063,0.085923,14879
MEPS,race_includehispOther,race_includehisp,Race/Ethnicity,Other,White,2021,-0.290836,0.07772,-0.443848,-0.137824,14879
MEPS,educ_3catHS_SomeColl,educ_3cat,Education,HS_SomeColl,LT_HS,2021,0.089792,0.040839,0.009391,0.170193,14879
MEPS,educ_3catBA_plus,educ_3cat,Education,BA_plus,LT_HS,2021,0.35475,0.039758,0.276476,0.433025,14879
MEPS,age,age,Age,age,NA,2022,-0.014325,7.2e-4,-0.015742,-0.012907,10768
MEPS,sexFemale,sex,Sex,Female,Male,2022,-0.116142,0.02275,-0.160949,-0.071335,10768
MEPS,race_includehispBlack,race_includehisp,Race/Ethnicity,Black,White,2022,-0.055386,0.039686,-0.133547,0.022774,10768
MEPS,race_includehispAIAN,race_includehisp,Race/Ethnicity,AIAN,White,2022,-0.118821,0.161091,-0.436089,0.198447,10768
MEPS,race_includehispAsian,race_includehisp,Race/Ethnicity,Asian,White,2022,0.081596,0.052383,-0.021571,0.184764,10768
MEPS,race_includehispHispanic,race_includehisp,Race/Ethnicity,Hispanic,White,2022,0.032396,0.038297,-0.043029,0.107821,10768
MEPS,race_includehispOther,race_includehisp,Race/Ethnicity,Other,White,2022,-0.030862,0.081358,-0.191096,0.129372,10768
MEPS,educ_3catHS_SomeColl,educ_3cat,Education,HS_SomeColl,LT_HS,2022,0.180253,0.042906,0.095749,0.264756,10768
MEPS,educ_3catBA_plus,educ_3cat,Education,BA_plus,LT_HS,2022,0.469887,0.04549,0.380295,0.559479,10768
MEPS,age,age,Age,age,NA,2023,-0.01046,7.94e-4,-0.01203,-0.008891,9559
MEPS,sexFemale,sex,Sex,Female,Male,2023,-0.088295,0.02248,-0.132719,-0.043871,9559
MEPS,race_includehispBlack,race_includehisp,Race/Ethnicity,Black,White,2023,-0.066205,0.039973,-0.145196,0.012786,9559
MEPS,race_includehispAIAN,race_includehisp,Race/Ethnicity,AIAN,White,2023,-0.266953,0.153,-0.569299,0.035394,9559
MEPS,race_includehispAsian,race_includehisp,Race/Ethnicity,Asian,White,2023,-0.029168,0.047582,-0.123196,0.064859,9559
MEPS,race_includehispHispanic,race_includehisp,Race/Ethnicity,Hispanic,White,2023,0.018074,0.043469,-0.067826,0.103974,9559
MEPS,race_includehispOther,race_includehisp,Race/Ethnicity,Other,White,2023,-0.23544,0.088203,-0.40974,-0.061139,9559
MEPS,educ_3catHS_SomeColl,educ_3cat,Education,HS_SomeColl,LT_HS,2023,0.120865,0.053929,0.014294,0.227435,9559
MEPS,educ_3catBA_plus,educ_3cat,Education,BA_plus,LT_HS,2023,0.395253,0.053316,0.289894,0.500611,9559
NHIS,age,age,Age,age,NA,1983,-0.021406,3.93e-4,-0.022184,-0.020629,37650
NHIS,sexFemale,sex,Sex,Female,Male,1983,-0.118411,0.009558,-0.1373,-0.099522,37650
NHIS,age,age,Age,age,NA,1984,-0.014774,0.001229,-0.017203,-0.012345,16078
NHIS,sexFemale,sex,Sex,Female,Male,1984,-0.013588,0.023689,-0.060403,0.033228,16078
NHIS,age,age,Age,age,NA,1985,-0.020817,4.29e-4,-0.021667,-0.019968,33528
NHIS,sexFemale,sex,Sex,Female,Male,1985,-0.108576,0.012976,-0.134262,-0.082889,33528
NHIS,age,age,Age,age,NA,1987,-0.02044,3.43e-4,-0.021118,-0.019763,43962
NHIS,sexFemale,sex,Sex,Female,Male,1987,-0.121087,0.011839,-0.144445,-0.097729,43962
NHIS,age,age,Age,age,NA,1988,-0.019362,3.81e-4,-0.020114,-0.018611,43662
NHIS,sexFemale,sex,Sex,Female,Male,1988,-0.125292,0.010608,-0.146222,-0.104362,43662
NHIS,age,age,Age,age,NA,1989,-0.01903,3.09e-4,-0.019639,-0.01842,42258
NHIS,sexFemale,sex,Sex,Female,Male,1989,-0.130017,0.01124,-0.152193,-0.107841,42258
NHIS,age,age,Age,age,NA,1990,-0.018611,3.91e-4,-0.019382,-0.01784,40999
NHIS,sexFemale,sex,Sex,Female,Male,1990,-0.124976,0.01301,-0.150645,-0.099307,40999
NHIS,age,age,Age,age,NA,1991,-0.018726,3.83e-4,-0.019481,-0.017971,43635
NHIS,sexFemale,sex,Sex,Female,Male,1991,-0.133016,0.012662,-0.157997,-0.108035,43635
NHIS,age,age,Age,age,NA,1992,-0.018098,4.33e-4,-0.018952,-0.017245,24000
NHIS,sexFemale,sex,Sex,Female,Male,1992,-0.109419,0.014751,-0.138522,-0.080315,24000
NHIS,age,age,Age,age,NA,1993,-0.01822,3.8e-4,-0.01897,-0.017471,44244
NHIS,sexFemale,sex,Sex,Female,Male,1993,-0.120105,0.009336,-0.138525,-0.101685,44244
NHIS,age,age,Age,age,NA,1997,-0.017312,3.83e-4,-0.018065,-0.016559,35774
NHIS,sexFemale,sex,Sex,Female,Male,1997,-0.066271,0.011117,-0.088139,-0.044403,35774
NHIS,educ_3catHS_SomeColl,educ_3cat,Education,HS_SomeColl,LT_HS,1997,0.449535,0.016926,0.41624100000000003,0.482829,35774
NHIS,educ_3catBA_plus,educ_3cat,Education,BA_plus,LT_HS,1997,0.847883,0.019238,0.810039,0.885726,35774
NHIS,age,age,Age,age,NA,1998,-0.017689,3.93e-4,-0.018463,-0.016916,32086
NHIS,sexFemale,sex,Sex,Female,Male,1998,-0.060405,0.012424,-0.084843,-0.035967,32086
NHIS,educ_3catHS_SomeColl,educ_3cat,Education,HS_SomeColl,LT_HS,1998,0.45088,0.018448,0.414591,0.487169,32086
NHIS,educ_3catBA_plus,educ_3cat,Education,BA_plus,LT_HS,1998,0.834704,0.020256,0.794859,0.87455,32086
NHIS,age,age,Age,age,NA,1999,-0.018477,3.8e-4,-0.019224,-0.01773,30470
NHIS,sexFemale,sex,Sex,Female,Male,1999,-0.074118,0.01263,-0.098963,-0.049273,30470
NHIS,race_includehispBlack,race_includehisp,Race/Ethnicity,Black,White,1999,-0.238796,0.024749,-0.287481,-0.19011,30470
NHIS,race_includehispAIAN,race_includehisp,Race/Ethnicity,AIAN,White,1999,-0.245338,0.083273,-0.40915,-0.081525,30470
NHIS,race_includehispAsian,race_includehisp,Race/Ethnicity,Asian,White,1999,-0.097704,0.041658,-0.179653,-0.015755,30470
NHIS,race_includehispHispanic,race_includehisp,Race/Ethnicity,Hispanic,White,1999,-0.021855,0.022679,-0.066468,0.022758,30470
NHIS,race_includehispOther,race_includehisp,Race/Ethnicity,Other,White,1999,-0.283211,0.069269,-0.419475,-0.146946,30470
NHIS,educ_3catHS_SomeColl,educ_3cat,Education,HS_SomeColl,LT_HS,1999,0.389421,0.018634,0.352764,0.426077,30470
NHIS,educ_3catBA_plus,educ_3cat,Education,BA_plus,LT_HS,1999,0.771885,0.02097,0.730634,0.813135,30470
NHIS,age,age,Age,age,NA,2000,-0.019019,3.63e-4,-0.019733,-0.018304,32024
NHIS,sexFemale,sex,Sex,Female,Male,2000,-0.058512,0.012919,-0.083927,-0.033097,32024
NHIS,race_includehispBlack,race_includehisp,Race/Ethnicity,Black,White,2000,-0.211157,0.020502,-0.251488,-0.170826,32024
NHIS,race_includehispAIAN,race_includehisp,Race/Ethnicity,AIAN,White,2000,-0.093729,0.110624,-0.311347,0.123888,32024
NHIS,race_includehispAsian,race_includehisp,Race/Ethnicity,Asian,White,2000,-0.043254,0.039103,-0.120177,0.033669,32024
NHIS,race_includehispHispanic,race_includehisp,Race/Ethnicity,Hispanic,White,2000,-0.068902,0.022459,-0.113084,-0.02472,32024
NHIS,race_includehispOther,race_includehisp,Race/Ethnicity,Other,White,2000,-0.328351,0.081954,-0.489568,-0.167133,32024
NHIS,educ_3catHS_SomeColl,educ_3cat,Education,HS_SomeColl,LT_HS,2000,0.44557,0.021372,0.403527,0.487613,32024
NHIS,educ_3catBA_plus,educ_3cat,Education,BA_plus,LT_HS,2000,0.823978,0.023785,0.777189,0.870767,32024
NHIS,age,age,Age,age,NA,2001,-0.018701,3.85e-4,-0.019459,-0.017943,32953
NHIS,sexFemale,sex,Sex,Female,Male,2001,-0.053637,0.011966,-0.077177,-0.030097,32953
NHIS,race_includehispBlack,race_includehisp,Race/Ethnicity,Black,White,2001,-0.234841,0.023028,-0.28014,-0.189541,32953
NHIS,race_includehispAIAN,race_includehisp,Race/Ethnicity,AIAN,White,2001,-0.304641,0.122166,-0.544962,-0.064319,32953
NHIS,race_includehispAsian,race_includehisp,Race/Ethnicity,Asian,White,2001,-0.112828,0.033825,-0.179367,-0.046289,32953
NHIS,race_includehispHispanic,race_includehisp,Race/Ethnicity,Hispanic,White,2001,-0.048436,0.01934,-0.086481,-0.010391,32953
NHIS,race_includehispOther,race_includehisp,Race/Ethnicity,Other,White,2001,-0.319375,0.062179,-0.441693,-0.197058,32953
NHIS,educ_3catHS_SomeColl,educ_3cat,Education,HS_SomeColl,LT_HS,2001,0.41909,0.01943,0.380869,0.457312,32953
NHIS,educ_3catBA_plus,educ_3cat,Education,BA_plus,LT_HS,2001,0.792013,0.02177,0.749189,0.834838,32953
NHIS,age,age,Age,age,NA,2002,-0.018827,4.06e-4,-0.019626,-0.018029,30618
NHIS,sexFemale,sex,Sex,Female,Male,2002,-0.045725,0.013441,-0.072165000000000007,-0.019284,30618
NHIS,race_includehispBlack,race_includehisp,Race/Ethnicity,Black,White,2002,-0.236417,0.021326,-0.278369,-0.194465,30618
NHIS,race_includehispAIAN,race_includehisp,Race/Ethnicity,AIAN,White,2002,-0.290204,0.089434,-0.466137,-0.11427,30618
NHIS,race_includehispAsian,race_includehisp,Race/Ethnicity,Asian,White,2002,-0.070812,0.040468,-0.15042,0.008796,30618
NHIS,race_includehispHispanic,race_includehisp,Race/Ethnicity,Hispanic,White,2002,-0.040688,0.021073,-0.082141,7.66e-4,30618
NHIS,race_includehispOther,race_includehisp,Race/Ethnicity,Other,White,2002,-0.166122,0.058501,-0.281204,-0.051041,30618
NHIS,educ_3catHS_SomeColl,educ_3cat,Education,HS_SomeColl,LT_HS,2002,0.3975,0.019891,0.358371,0.436629,30618
NHIS,educ_3catBA_plus,educ_3cat,Education,BA_plus,LT_HS,2002,0.797562,0.023259,0.751808,0.843317,30618
NHIS,age,age,Age,age,NA,2003,-0.018811,3.71e-4,-0.019541,-0.018081,30385
NHIS,sexFemale,sex,Sex,Female,Male,2003,-0.057725,0.013486,-0.084254,-0.031196,30385
NHIS,race_includehispBlack,race_includehisp,Race/Ethnicity,Black,White,2003,-0.245345,0.023405,-0.291386,-0.199304,30385
NHIS,race_includehispAIAN,race_includehisp,Race/Ethnicity,AIAN,White,2003,-0.390519,0.092457,-0.572398,-0.208641,30385
NHIS,race_includehispAsian,race_includehisp,Race/Ethnicity,Asian,White,2003,-0.042046,0.0446,-0.129782,0.045691,30385
NHIS,race_includehispHispanic,race_includehisp,Race/Ethnicity,Hispanic,White,2003,-0.097052,0.022828,-0.141959,-0.052144,30385
NHIS,race_includehispOther,race_includehisp,Race/Ethnicity,Other,White,2003,-0.249638,0.084808,-0.41647,-0.082805,30385
NHIS,educ_3catHS_SomeColl,educ_3cat,Education,HS_SomeColl,LT_HS,2003,0.354746,0.023147,0.309211,0.40028,30385
NHIS,educ_3catBA_plus,educ_3cat,Education,BA_plus,LT_HS,2003,0.738789,0.026285,0.687083,0.790496,30385
NHIS,age,age,Age,age,NA,2004,-0.019249,3.82e-4,-0.019999,-0.018498,30936
NHIS,sexFemale,sex,Sex,Female,Male,2004,-0.048265,0.011447,-0.070784,-0.025746,30936
NHIS,race_includehispBlack,race_includehisp,Race/Ethnicity,Black,White,2004,-0.225308,0.021942,-0.268473,-0.182144,30936
NHIS,race_includehispAIAN,race_includehisp,Race/Ethnicity,AIAN,White,2004,-0.405082,0.098728,-0.599297,-0.210867,30936
NHIS,race_includehispAsian,race_includehisp,Race/Ethnicity,Asian,White,2004,-0.030538,0.037085,-0.103491,0.042415,30936
NHIS,race_includehispHispanic,race_includehisp,Race/Ethnicity,Hispanic,White,2004,-0.053353,0.023803,-0.100178,-0.006529,30936
NHIS,race_includehispOther,race_includehisp,Race/Ethnicity,Other,White,2004,-0.160193,0.06284,-0.283811,-0.036575,30936
NHIS,educ_3catHS_SomeColl,educ_3cat,Education,HS_SomeColl,LT_HS,2004,0.409036,0.021223,0.367286,0.450787,30936
NHIS,educ_3catBA_plus,educ_3cat,Education,BA_plus,LT_HS,2004,0.796593,0.023996,0.749389,0.843798,30936
NHIS,age,age,Age,age,NA,2005,-0.018802,3.98e-4,-0.019584,-0.01802,31060
NHIS,sexFemale,sex,Sex,Female,Male,2005,-0.046913,0.013276,-0.07303,-0.020796,31060
NHIS,race_includehispBlack,race_includehisp,Race/Ethnicity,Black,White,2005,-0.239204,0.021418,-0.281338,-0.197071,31060
NHIS,race_includehispAIAN,race_includehisp,Race/Ethnicity,AIAN,White,2005,-0.266944,0.109513,-0.482376,-0.051513,31060
NHIS,race_includehispAsian,race_includehisp,Race/Ethnicity,Asian,White,2005,-0.058763,0.03871,-0.134912,0.017387,31060
NHIS,race_includehispHispanic,race_includehisp,Race/Ethnicity,Hispanic,White,2005,-0.086641,0.021465,-0.128866,-0.044416,31060
NHIS,race_includehispOther,race_includehisp,Race/Ethnicity,Other,White,2005,-0.260296,0.073215,-0.404323,-0.116269,31060
NHIS,educ_3catHS_SomeColl,educ_3cat,Education,HS_SomeColl,LT_HS,2005,0.363406,0.020576,0.322929,0.403884,31060
NHIS,educ_3catBA_plus,educ_3cat,Education,BA_plus,LT_HS,2005,0.778262,0.023985,0.731079,0.825446,31060
NHIS,age,age,Age,age,NA,2006,-0.018318,4.65e-4,-0.019233,-0.017403,23941
NHIS,sexFemale,sex,Sex,Female,Male,2006,-0.038171,0.015869,-0.069403,-0.006938,23941
NHIS,race_includehispBlack,race_includehisp,Race/Ethnicity,Black,White,2006,-0.229957,0.021163,-0.271608,-0.188305,23941
NHIS,race_includehispAIAN,race_includehisp,Race/Ethnicity,AIAN,White,2006,-0.087254,0.07349,-0.231893,0.057385,23941
NHIS,race_includehispAsian,race_includehisp,Race/Ethnicity,Asian,White,2006,-0.064907,0.039595,-0.142835,0.013021,23941
NHIS,race_includehispHispanic,race_includehisp,Race/Ethnicity,Hispanic,White,2006,-0.085832,0.026068,-0.137138,-0.034526,23941
NHIS,race_includehispOther,race_includehisp,Race/Ethnicity,Other,White,2006,-0.171619,0.07676,-0.322694,-0.020544,23941
NHIS,educ_3catHS_SomeColl,educ_3cat,Education,HS_SomeColl,LT_HS,2006,0.349583,0.023116,0.304088,0.395078,23941
NHIS,educ_3catBA_plus,educ_3cat,Education,BA_plus,LT_HS,2006,0.772204,0.024535,0.723916,0.820493,23941
NHIS,age,age,Age,age,NA,2007,-0.018775,4.85e-4,-0.019729,-0.01782,23123
NHIS,sexFemale,sex,Sex,Female,Male,2007,-0.024506,0.017617,-0.059179,0.010168,23123
NHIS,race_includehispBlack,race_includehisp,Race/Ethnicity,Black,White,2007,-0.200347,0.026172,-0.251857,-0.148838,23123
NHIS,race_includehispAIAN,race_includehisp,Race/Ethnicity,AIAN,White,2007,-0.36978,0.101883,-0.570301,-0.169258,23123
NHIS,race_includehispAsian,race_includehisp,Race/Ethnicity,Asian,White,2007,-0.117035,0.035967,-0.187822,-0.046247,23123
NHIS,race_includehispHispanic,race_includehisp,Race/Ethnicity,Hispanic,White,2007,-0.033895,0.024393,-0.081905,0.014115,23123
NHIS,race_includehispOther,race_includehisp,Race/Ethnicity,Other,White,2007,-0.320722,0.083034,-0.484145,-0.157299,23123
NHIS,educ_3catHS_SomeColl,educ_3cat,Education,HS_SomeColl,LT_HS,2007,0.404884,0.025524,0.35465,0.455118,23123
NHIS,educ_3catBA_plus,educ_3cat,Education,BA_plus,LT_HS,2007,0.814465,0.027427,0.760485,0.868444,23123
NHIS,age,age,Age,age,NA,2008,-0.018202,4.93e-4,-0.019172,-0.017231,21620
NHIS,sexFemale,sex,Sex,Female,Male,2008,-0.082281000000000007,0.017105,-0.115945,-0.048616,21620
NHIS,race_includehispBlack,race_includehisp,Race/Ethnicity,Black,White,2008,-0.216342,0.024273,-0.264114,-0.16857,21620
NHIS,race_includehispAIAN,race_includehisp,Race/Ethnicity,AIAN,White,2008,-0.246496,0.122512,-0.487617,-0.005374,21620
NHIS,race_includehispAsian,race_includehisp,Race/Ethnicity,Asian,White,2008,-0.052712,0.033708,-0.119054,0.013631,21620
NHIS,race_includehispHispanic,race_includehisp,Race/Ethnicity,Hispanic,White,2008,-0.071345,0.027947,-0.126348,-0.016342,21620
NHIS,race_includehispOther,race_includehisp,Race/Ethnicity,Other,White,2008,-0.267905,0.074136,-0.413815,-0.121996,21620
NHIS,educ_3catHS_SomeColl,educ_3cat,Education,HS_SomeColl,LT_HS,2008,0.383441,0.028199,0.327941,0.438941,21620
NHIS,educ_3catBA_plus,educ_3cat,Education,BA_plus,LT_HS,2008,0.785689,0.029934,0.726774,0.844604,21620
NHIS,age,age,Age,age,NA,2009,-0.018294,4.77e-4,-0.019232,-0.017355,27580
NHIS,sexFemale,sex,Sex,Female,Male,2009,-0.01948,0.015588,-0.05016,0.0112,27580
NHIS,race_includehispBlack,race_includehisp,Race/Ethnicity,Black,White,2009,-0.273741,0.023892,-0.320765,-0.226718,27580
NHIS,race_includehispAIAN,race_includehisp,Race/Ethnicity,AIAN,White,2009,-0.372026,0.118495,-0.605242,-0.138809,27580
NHIS,race_includehispAsian,race_includehisp,Race/Ethnicity,Asian,White,2009,-0.020173,0.032907,-0.084939,0.044594,27580
NHIS,race_includehispHispanic,race_includehisp,Race/Ethnicity,Hispanic,White,2009,-0.076583,0.024755,-0.125304,-0.027863,27580
NHIS,race_includehispOther,race_includehisp,Race/Ethnicity,Other,White,2009,-0.351615,0.067251,-0.483976,-0.219254,27580
NHIS,educ_3catHS_SomeColl,educ_3cat,Education,HS_SomeColl,LT_HS,2009,0.388538,0.027036,0.335327,0.441748,27580
NHIS,educ_3catBA_plus,educ_3cat,Education,BA_plus,LT_HS,2009,0.791708,0.030217,0.732236,0.851179,27580
NHIS,age,age,Age,age,NA,2010,-0.016314,4.28e-4,-0.017156,-0.015472,27019
NHIS,sexFemale,sex,Sex,Female,Male,2010,-0.043579,0.013556,-0.07026,-0.016898,27019
NHIS,race_includehispBlack,race_includehisp,Race/Ethnicity,Black,White,2010,-0.284538,0.022832,-0.329475,-0.239601,27019
NHIS,race_includehispAIAN,race_includehisp,Race/Ethnicity,AIAN,White,2010,-0.530915,0.121585,-0.770212,-0.291618,27019
NHIS,race_includehispAsian,race_includehisp,Race/Ethnicity,Asian,White,2010,-0.05018,0.03222,-0.113595,0.013234,27019
NHIS,race_includehispHispanic,race_includehisp,Race/Ethnicity,Hispanic,White,2010,-0.0575,0.020767999999999998,-0.098375,-0.016624,27019
NHIS,race_includehispOther,race_includehisp,Race/Ethnicity,Other,White,2010,-0.295609,0.062837,-0.419282,-0.171936,27019
NHIS,educ_3catHS_SomeColl,educ_3cat,Education,HS_SomeColl,LT_HS,2010,0.400661,0.023424,0.354559,0.446762,27019
NHIS,educ_3catBA_plus,educ_3cat,Education,BA_plus,LT_HS,2010,0.810854,0.024837,0.761972,0.859737,27019
NHIS,age,age,Age,age,NA,2011,-0.017011,4.14e-4,-0.017826,-0.016196,32820
NHIS,sexFemale,sex,Sex,Female,Male,2011,-0.049858,0.013902,-0.077219,-0.022498,32820
NHIS,race_includehispBlack,race_includehisp,Race/Ethnicity,Black,White,2011,-0.242882,0.019665,-0.281586,-0.204178,32820
NHIS,race_includehispAIAN,race_includehisp,Race/Ethnicity,AIAN,White,2011,-0.349577,0.076024,-0.499203,-0.19995,32820
NHIS,race_includehispAsian,race_includehisp,Race/Ethnicity,Asian,White,2011,-0.109151,0.027396,-0.16307,-0.055231,32820
NHIS,race_includehispHispanic,race_includehisp,Race/Ethnicity,Hispanic,White,2011,-0.063464,0.020726,-0.104255,-0.022672,32820
NHIS,race_includehispOther,race_includehisp,Race/Ethnicity,Other,White,2011,-0.287712,0.054261,-0.394505,-0.180919,32820
NHIS,educ_3catHS_SomeColl,educ_3cat,Education,HS_SomeColl,LT_HS,2011,0.384773,0.022506,0.340478,0.429069,32820
NHIS,educ_3catBA_plus,educ_3cat,Education,BA_plus,LT_HS,2011,0.816986,0.023356,0.771018,0.862954,32820
NHIS,age,age,Age,age,NA,2012,-0.016572,4.14e-4,-0.017386,-0.015757,34355
NHIS,sexFemale,sex,Sex,Female,Male,2012,-0.056493,0.013071,-0.082218,-0.030767,34355
NHIS,race_includehispBlack,race_includehisp,Race/Ethnicity,Black,White,2012,-0.267639,0.020969,-0.30891,-0.226368,34355
NHIS,race_includehispAIAN,race_includehisp,Race/Ethnicity,AIAN,White,2012,-0.266207,0.08988,-0.443103,-0.08931,34355
NHIS,race_includehispAsian,race_includehisp,Race/Ethnicity,Asian,White,2012,-0.087555,0.028791,-0.14422,-0.03089,34355
NHIS,race_includehispHispanic,race_includehisp,Race/Ethnicity,Hispanic,White,2012,-0.068924,0.021619,-0.111474,-0.026375,34355
NHIS,race_includehispOther,race_includehisp,Race/Ethnicity,Other,White,2012,-0.255003,0.057554,-0.368277,-0.141729,34355
NHIS,educ_3catHS_SomeColl,educ_3cat,Education,HS_SomeColl,LT_HS,2012,0.358202,0.023061,0.312814,0.40359,34355
NHIS,educ_3catBA_plus,educ_3cat,Education,BA_plus,LT_HS,2012,0.795115,0.026505,0.742949,0.847281,34355
NHIS,age,age,Age,age,NA,2013,-0.017536,4.14e-4,-0.018351,-0.016721,34380
NHIS,sexFemale,sex,Sex,Female,Male,2013,-0.039864,0.015027,-0.06944,-0.010289,34380
NHIS,race_includehispBlack,race_includehisp,Race/Ethnicity,Black,White,2013,-0.198151,0.02186,-0.241175,-0.155128,34380
NHIS,race_includehispAIAN,race_includehisp,Race/Ethnicity,AIAN,White,2013,-0.389241,0.102634,-0.59124,-0.187242,34380
NHIS,race_includehispAsian,race_includehisp,Race/Ethnicity,Asian,White,2013,-0.096179,0.026218,-0.147779,-0.044579,34380
NHIS,race_includehispHispanic,race_includehisp,Race/Ethnicity,Hispanic,White,2013,-0.039494,0.020602,-0.080042,0.001054,34380
NHIS,race_includehispOther,race_includehisp,Race/Ethnicity,Other,White,2013,-0.130094,0.057487,-0.243236,-0.016952,34380
NHIS,educ_3catHS_SomeColl,educ_3cat,Education,HS_SomeColl,LT_HS,2013,0.365578,0.023371,0.319579,0.411576,34380
NHIS,educ_3catBA_plus,educ_3cat,Education,BA_plus,LT_HS,2013,0.784701,0.025675,0.734168,0.835233,34380
NHIS,age,age,Age,age,NA,2014,-0.016886,3.97e-4,-0.017667,-0.016105,36513
NHIS,sexFemale,sex,Sex,Female,Male,2014,-0.023109,0.01346,-0.049601,0.003382,36513
NHIS,race_includehispBlack,race_includehisp,Race/Ethnicity,Black,White,2014,-0.221867,0.02177,-0.264713,-0.179022,36513
NHIS,race_includehispAIAN,race_includehisp,Race/Ethnicity,AIAN,White,2014,-0.268389,0.108625,-0.482179,-0.0546,36513
NHIS,race_includehispAsian,race_includehisp,Race/Ethnicity,Asian,White,2014,-0.069087,0.029317,-0.126787,-0.011386,36513
NHIS,race_includehispHispanic,race_includehisp,Race/Ethnicity,Hispanic,White,2014,-0.040011,0.021837,-0.082988,0.002967,36513
NHIS,race_includehispOther,race_includehisp,Race/Ethnicity,Other,White,2014,-0.153485,0.061958,-0.275428,-0.031543,36513
NHIS,educ_3catHS_SomeColl,educ_3cat,Education,HS_SomeColl,LT_HS,2014,0.346292,0.024231,0.298601,0.39398300000000003,36513
NHIS,educ_3catBA_plus,educ_3cat,Education,BA_plus,LT_HS,2014,0.774174,0.024473,0.726007,0.822341,36513
NHIS,age,age,Age,age,NA,2015,-0.016613,3.96e-4,-0.017393,-0.015834,33514
NHIS,sexFemale,sex,Sex,Female,Male,2015,-0.026337,0.014897,-0.055656,0.002981,33514
NHIS,race_includehispBlack,race_includehisp,Race/Ethnicity,Black,White,2015,-0.207951,0.022519,-0.252271,-0.163631,33514
NHIS,race_includehispAIAN,race_includehisp,Race/Ethnicity,AIAN,White,2015,-0.324476,0.120437,-0.561514,-0.087437,33514
NHIS,race_includehispAsian,race_includehisp,Race/Ethnicity,Asian,White,2015,-0.037365,0.029007,-0.094455,0.019726,33514
NHIS,race_includehispHispanic,race_includehisp,Race/Ethnicity,Hispanic,White,2015,-0.05748,0.022787,-0.102328,-0.012631,33514
NHIS,race_includehispOther,race_includehisp,Race/Ethnicity,Other,White,2015,-0.171007,0.063161,-0.295316,-0.046697,33514
NHIS,educ_3catHS_SomeColl,educ_3cat,Education,HS_SomeColl,LT_HS,2015,0.382225,0.027259,0.328575,0.435875,33514
NHIS,educ_3catBA_plus,educ_3cat,Education,BA_plus,LT_HS,2015,0.791599,0.029203,0.734124,0.849074,33514
NHIS,age,age,Age,age,NA,2016,-0.015977,4.06e-4,-0.016774,-0.01518,32905
NHIS,sexFemale,sex,Sex,Female,Male,2016,-0.04516,0.014289,-0.073224,-0.017096,32905
NHIS,race_includehispBlack,race_includehisp,Race/Ethnicity,Black,White,2016,-0.179435,0.029063,-0.236514,-0.122356,32905
NHIS,race_includehispAIAN,race_includehisp,Race/Ethnicity,AIAN,White,2016,-0.390273,0.08231,-0.551927,-0.228619,32905
NHIS,race_includehispAsian,race_includehisp,Race/Ethnicity,Asian,White,2016,0.002125,0.033097,-0.062877,0.067126,32905
NHIS,race_includehispHispanic,race_includehisp,Race/Ethnicity,Hispanic,White,2016,-0.07177,0.027247,-0.125281,-0.018259,32905
NHIS,race_includehispOther,race_includehisp,Race/Ethnicity,Other,White,2016,-0.189401,0.053563,-0.294596,-0.084206,32905
NHIS,educ_3catHS_SomeColl,educ_3cat,Education,HS_SomeColl,LT_HS,2016,0.338873,0.027193,0.285467,0.392279,32905
NHIS,educ_3catBA_plus,educ_3cat,Education,BA_plus,LT_HS,2016,0.731969,0.028089,0.676804,0.787135,32905
NHIS,age,age,Age,age,NA,2017,-0.016811,4.53e-4,-0.017701,-0.015921,26643
NHIS,sexFemale,sex,Sex,Female,Male,2017,-0.05535,0.014893,-0.084614,-0.026087,26643
NHIS,race_includehispBlack,race_includehisp,Race/Ethnicity,Black,White,2017,-0.185865,0.03256,-0.249845,-0.121885,26643
NHIS,race_includehispAIAN,race_includehisp,Race/Ethnicity,AIAN,White,2017,-0.226778,0.080319,-0.384604,-0.068952,26643
NHIS,race_includehispAsian,race_includehisp,Race/Ethnicity,Asian,White,2017,-0.032187,0.032517,-0.096082,0.031709,26643
NHIS,race_includehispHispanic,race_includehisp,Race/Ethnicity,Hispanic,White,2017,-0.036482,0.030358,-0.096136,0.023172,26643
NHIS,race_includehispOther,race_includehisp,Race/Ethnicity,Other,White,2017,-0.243479,0.063018,-0.367308,-0.119649,26643
NHIS,educ_3catHS_SomeColl,educ_3cat,Education,HS_SomeColl,LT_HS,2017,0.362653,0.032214,0.299353,0.425953,26643
NHIS,educ_3catBA_plus,educ_3cat,Education,BA_plus,LT_HS,2017,0.754199,0.033664,0.688049,0.820349,26643
NHIS,age,age,Age,age,NA,2018,-0.016684,4.41e-4,-0.017551,-0.015818,25303
NHIS,sexFemale,sex,Sex,Female,Male,2018,-0.018358,0.015277,-0.048377,0.011661,25303
NHIS,race_includehispBlack,race_includehisp,Race/Ethnicity,Black,White,2018,-0.195454,0.02702,-0.248547,-0.142362,25303
NHIS,race_includehispAIAN,race_includehisp,Race/Ethnicity,AIAN,White,2018,-0.42128,0.100104,-0.617981,-0.224579,25303
NHIS,race_includehispAsian,race_includehisp,Race/Ethnicity,Asian,White,2018,-0.046104,0.032122,-0.109223,0.017016,25303
NHIS,race_includehispHispanic,race_includehisp,Race/Ethnicity,Hispanic,White,2018,-0.03518,0.025923,-0.086117,0.015757,25303
NHIS,race_includehispOther,race_includehisp,Race/Ethnicity,Other,White,2018,-0.331098,0.056487,-0.442094,-0.220103,25303
NHIS,educ_3catHS_SomeColl,educ_3cat,Education,HS_SomeColl,LT_HS,2018,0.316049,0.029494,0.258095,0.374003,25303
NHIS,educ_3catBA_plus,educ_3cat,Education,BA_plus,LT_HS,2018,0.699206,0.031211,0.637877,0.760534,25303
NHIS,age,age,Age,age,NA,2019,-0.015869,4.18e-4,-0.016691,-0.015047,31730
NHIS,sexFemale,sex,Sex,Female,Male,2019,-0.006722,0.013778,-0.033786,0.020342,31730
NHIS,race_includehispBlack,race_includehisp,Race/Ethnicity,Black,White,2019,-0.182439,0.024739,-0.231034,-0.133843,31730
NHIS,race_includehispAIAN,race_includehisp,Race/Ethnicity,AIAN,White,2019,-0.238145,0.086976,-0.408993,-0.067297,31730
NHIS,race_includehispAsian,race_includehisp,Race/Ethnicity,Asian,White,2019,0.027846,0.029496,-0.030093,0.085786,31730
NHIS,race_includehispHispanic,race_includehisp,Race/Ethnicity,Hispanic,White,2019,-0.031282,0.02278,-0.076029,0.013464,31730
NHIS,race_includehispOther,race_includehisp,Race/Ethnicity,Other,White,2019,-0.247868,0.053929,-0.353801,-0.141936,31730
NHIS,educ_3catHS_SomeColl,educ_3cat,Education,HS_SomeColl,LT_HS,2019,0.437225,0.029366,0.37954,0.494909,31730
NHIS,educ_3catBA_plus,educ_3cat,Education,BA_plus,LT_HS,2019,0.826001,0.030427,0.766233,0.885768,31730
NHIS,age,age,Age,age,NA,2020,-0.016247,4.06e-4,-0.017045,-0.01545,31336
NHIS,sexFemale,sex,Sex,Female,Male,2020,-0.016134,0.014085,-0.043799,0.011531,31336
NHIS,race_includehispBlack,race_includehisp,Race/Ethnicity,Black,White,2020,-0.201995,0.025239,-0.251568,-0.152422,31336
NHIS,race_includehispAIAN,race_includehisp,Race/Ethnicity,AIAN,White,2020,-0.24485,0.096806,-0.434996,-0.054705,31336
NHIS,race_includehispAsian,race_includehisp,Race/Ethnicity,Asian,White,2020,0.037405,0.030639,-0.022776,0.097587,31336
NHIS,race_includehispHispanic,race_includehisp,Race/Ethnicity,Hispanic,White,2020,-0.064965,0.024411,-0.112913,-0.017016,31336
NHIS,race_includehispOther,race_includehisp,Race/Ethnicity,Other,White,2020,-0.140188,0.054952,-0.248124,-0.032252,31336
NHIS,educ_3catHS_SomeColl,educ_3cat,Education,HS_SomeColl,LT_HS,2020,0.319266,0.030318,0.259715,0.378817,31336
NHIS,educ_3catBA_plus,educ_3cat,Education,BA_plus,LT_HS,2020,0.700061,0.031428,0.638331,0.761791,31336
NHIS,age,age,Age,age,NA,2021,-0.01641,4.41e-4,-0.017276,-0.015544,29233
NHIS,sexFemale,sex,Sex,Female,Male,2021,-0.01973,0.0139,-0.047031,0.00757,29233
NHIS,race_includehispBlack,race_includehisp,Race/Ethnicity,Black,White,2021,-0.150173,0.026312,-0.201851,-0.098494,29233
NHIS,race_includehispAIAN,race_includehisp,Race/Ethnicity,AIAN,White,2021,-0.347895,0.101271,-0.546796,-0.148993,29233
NHIS,race_includehispAsian,race_includehisp,Race/Ethnicity,Asian,White,2021,-0.01705,0.028805,-0.073625,0.039525,29233
NHIS,race_includehispHispanic,race_includehisp,Race/Ethnicity,Hispanic,White,2021,-0.062912,0.022702,-0.1075,-0.018325,29233
NHIS,race_includehispOther,race_includehisp,Race/Ethnicity,Other,White,2021,-0.1887,0.049386,-0.285698,-0.091703,29233
NHIS,educ_3catHS_SomeColl,educ_3cat,Education,HS_SomeColl,LT_HS,2021,0.3327,0.030991,0.271832,0.393568,29233
NHIS,educ_3catBA_plus,educ_3cat,Education,BA_plus,LT_HS,2021,0.717264,0.032098,0.654221,0.780306,29233
NHIS,age,age,Age,age,NA,2022,-0.014765,4.18e-4,-0.015586,-0.013944,27439
NHIS,sexFemale,sex,Sex,Female,Male,2022,-0.017892,0.013556,-0.044518,0.008735,27439
NHIS,race_includehispBlack,race_includehisp,Race/Ethnicity,Black,White,2022,-0.136485,0.026075,-0.187701,-0.085269,27439
NHIS,race_includehispAIAN,race_includehisp,Race/Ethnicity,AIAN,White,2022,-0.193637,0.077911,-0.34667,-0.040604,27439
NHIS,race_includehispAsian,race_includehisp,Race/Ethnicity,Asian,White,2022,0.006963,0.029767,-0.051505,0.06543,27439
NHIS,race_includehispHispanic,race_includehisp,Race/Ethnicity,Hispanic,White,2022,-0.049986,0.023805,-0.096743,-0.003228,27439
NHIS,race_includehispOther,race_includehisp,Race/Ethnicity,Other,White,2022,-0.139465,0.050933,-0.239506,-0.039423,27439
NHIS,educ_3catHS_SomeColl,educ_3cat,Education,HS_SomeColl,LT_HS,2022,0.350003,0.028576,0.293874,0.406132,27439
NHIS,educ_3catBA_plus,educ_3cat,Education,BA_plus,LT_HS,2022,0.723133,0.029062,0.666048,0.780217,27439
NHIS,age,age,Age,age,NA,2023,-0.014569,3.98e-4,-0.01535,-0.013787,29300
NHIS,sexFemale,sex,Sex,Female,Male,2023,-0.012618,0.014148,-0.040404,0.015168,29300
NHIS,race_includehispBlack,race_includehisp,Race/Ethnicity,Black,White,2023,-0.155079,0.023999,-0.202212,-0.107947,29300
NHIS,race_includehispAIAN,race_includehisp,Race/Ethnicity,AIAN,White,2023,-0.155924,0.077526,-0.30818,-0.003669,29300
NHIS,race_includehispAsian,race_includehisp,Race/Ethnicity,Asian,White,2023,-0.039229,0.02699,-0.092235,0.013777,29300
NHIS,race_includehispHispanic,race_includehisp,Race/Ethnicity,Hispanic,White,2023,-0.059284,0.022293,-0.103065,-0.015503,29300
NHIS,race_includehispOther,race_includehisp,Race/Ethnicity,Other,White,2023,-0.185369,0.05882,-0.300886,-0.069852,29300
NHIS,educ_3catHS_SomeColl,educ_3cat,Education,HS_SomeColl,LT_HS,2023,0.309233,0.028323,0.253608,0.364857,29300
NHIS,educ_3catBA_plus,educ_3cat,Education,BA_plus,LT_HS,2023,0.699835,0.029194,0.642501,0.75717,29300
NHIS,age,age,Age,age,NA,2024,-0.014723,3.91e-4,-0.015492,-0.013955,32415
NHIS,sexFemale,sex,Sex,Female,Male,2024,-0.028333,0.013551,-0.054947,-0.001719,32415
NHIS,race_includehispBlack,race_includehisp,Race/Ethnicity,Black,White,2024,-0.165238,0.026073,-0.216444,-0.114033,32415
NHIS,race_includehispAIAN,race_includehisp,Race/Ethnicity,AIAN,White,2024,-0.169962,0.095253,-0.357031,0.017106,32415
NHIS,race_includehispAsian,race_includehisp,Race/Ethnicity,Asian,White,2024,-0.097548,0.029457,-0.1554,-0.039697,32415
NHIS,race_includehispHispanic,race_includehisp,Race/Ethnicity,Hispanic,White,2024,-0.065181,0.022705,-0.109771,-0.020591,32415
NHIS,race_includehispOther,race_includehisp,Race/Ethnicity,Other,White,2024,-0.277613,0.048898,-0.373646,-0.181581,32415
NHIS,educ_3catHS_SomeColl,educ_3cat,Education,HS_SomeColl,LT_HS,2024,0.302601,0.027973,0.247663,0.357538,32415
NHIS,educ_3catBA_plus,educ_3cat,Education,BA_plus,LT_HS,2024,0.684463,0.029064,0.627384,0.741542,32415
CPS,age,age,Age,age,NA,1996,-0.024261,2.26e-4,-0.024703,-0.023818,90676
CPS,sexFemale,sex,Sex,Female,Male,1996,-0.06563,0.007571,-0.080469,-0.050791,90676
CPS,race_includehispBlack,race_includehisp,Race/Ethnicity,Black,White,1996,-0.359469,0.0134,-0.385732,-0.333206,90676
CPS,race_includehispAIAN,race_includehisp,Race/Ethnicity,AIAN,White,1996,-0.349424,0.044632,-0.436903,-0.261946,90676
CPS,race_includehispHispanic,race_includehisp,Race/Ethnicity,Hispanic,White,1996,-0.145547,0.013528,-0.172062,-0.119032,90676
CPS,educ_3catHS_SomeColl,educ_3cat,Education,HS_SomeColl,LT_HS,1996,0.462803,0.011128,0.440992,0.484615,90676
CPS,educ_3catBA_plus,educ_3cat,Education,BA_plus,LT_HS,1996,0.833666,0.012604,0.808962,0.85837,90676
CPS,age,age,Age,age,NA,1997,-0.023822,2.22e-4,-0.024257,-0.023387,91991
CPS,sexFemale,sex,Sex,Female,Male,1997,-0.056939,0.007601,-0.071838,-0.042041,91991
CPS,race_includehispBlack,race_includehisp,Race/Ethnicity,Black,White,1997,-0.339531,0.013507,-0.366004,-0.313057,91991
CPS,race_includehispAIAN,race_includehisp,Race/Ethnicity,AIAN,White,1997,-0.394241,0.043332,-0.479172,-0.309311,91991
CPS,race_includehispHispanic,race_includehisp,Race/Ethnicity,Hispanic,White,1997,-0.12711,0.013122,-0.152828,-0.101392,91991
CPS,educ_3catHS_SomeColl,educ_3cat,Education,HS_SomeColl,LT_HS,1997,0.432276,0.011187,0.41035,0.454202,91991
CPS,educ_3catBA_plus,educ_3cat,Education,BA_plus,LT_HS,1997,0.80511,0.012637,0.78034,0.829879,91991
CPS,age,age,Age,age,NA,1998,-0.023251,2.21e-4,-0.023683,-0.022819,91691
CPS,sexFemale,sex,Sex,Female,Male,1998,-0.060702,0.007483,-0.075368,-0.046036,91691
CPS,race_includehispBlack,race_includehisp,Race/Ethnicity,Black,White,1998,-0.319547,0.013038,-0.345101,-0.293993,91691
CPS,race_includehispAIAN,race_includehisp,Race/Ethnicity,AIAN,White,1998,-0.296982,0.044584,-0.384365,-0.209598,91691
CPS,race_includehispHispanic,race_includehisp,Race/Ethnicity,Hispanic,White,1998,-0.121037,0.013218,-0.146944,-0.095131,91691
CPS,educ_3catHS_SomeColl,educ_3cat,Education,HS_SomeColl,LT_HS,1998,0.436489,0.011121,0.414693,0.458286,91691
CPS,educ_3catBA_plus,educ_3cat,Education,BA_plus,LT_HS,1998,0.823987,0.012501,0.799485,0.848488,91691
CPS,age,age,Age,age,NA,1999,-0.023083,2.15e-4,-0.023505,-0.022661,92476
CPS,sexFemale,sex,Sex,Female,Male,1999,-0.053957,0.007425,-0.068509,-0.039405,92476
CPS,race_includehispBlack,race_includehisp,Race/Ethnicity,Black,White,1999,-0.307925,0.013064,-0.33353,-0.28232,92476
CPS,race_includehispAIAN,race_includehisp,Race/Ethnicity,AIAN,White,1999,-0.257656,0.045946,-0.34771,-0.167603,92476
CPS,race_includehispHispanic,race_includehisp,Race/Ethnicity,Hispanic,White,1999,-0.134838,0.01255,-0.159435,-0.110241,92476
CPS,educ_3catHS_SomeColl,educ_3cat,Education,HS_SomeColl,LT_HS,1999,0.420228,0.011064,0.398543,0.441913,92476
CPS,educ_3catBA_plus,educ_3cat,Education,BA_plus,LT_HS,1999,0.797036,0.012394,0.772744,0.821328,92476
CPS,age,age,Age,age,NA,2000,-0.023126,2.19e-4,-0.023554,-0.022698,93838
CPS,sexFemale,sex,Sex,Female,Male,2000,-0.064038,0.0074400000000000004,-0.07862,-0.049456,93838
CPS,race_includehispBlack,race_includehisp,Race/Ethnicity,Black,White,2000,-0.277393,0.012813,-0.302506,-0.252279,93838
CPS,race_includehispAIAN,race_includehisp,Race/Ethnicity,AIAN,White,2000,-0.253553,0.04307,-0.33797,-0.169137,93838
CPS,race_includehispHispanic,race_includehisp,Race/Ethnicity,Hispanic,White,2000,-0.089152,0.011911,-0.112497,-0.065806,93838
CPS,educ_3catHS_SomeColl,educ_3cat,Education,HS_SomeColl,LT_HS,2000,0.41147,0.011186,0.389546,0.433394,93838
CPS,educ_3catBA_plus,educ_3cat,Education,BA_plus,LT_HS,2000,0.802201,0.012532,0.77764,0.826763,93838
CPS,age,age,Age,age,NA,2001,-0.023606,1.93e-4,-0.023984,-0.023229,142688
CPS,sexFemale,sex,Sex,Female,Male,2001,-0.064451,0.006416,-0.077025,-0.051876,142688
CPS,race_includehispBlack,race_includehisp,Race/Ethnicity,Black,White,2001,-0.283486,0.009677,-0.302452,-0.264519,142688
CPS,race_includehispAIAN,race_includehisp,Race/Ethnicity,AIAN,White,2001,-0.315434,0.032954,-0.380023,-0.250846,142688
CPS,race_includehispHispanic,race_includehisp,Race/Ethnicity,Hispanic,White,2001,-0.095579,0.01084,-0.116825,-0.074332,142688
CPS,educ_3catHS_SomeColl,educ_3cat,Education,HS_SomeColl,LT_HS,2001,0.399708,0.00968,0.380736,0.41868,142688
CPS,educ_3catBA_plus,educ_3cat,Education,BA_plus,LT_HS,2001,0.799244,0.010832,0.778013,0.820474,142688
CPS,age,age,Age,age,NA,2002,-0.023248,1.93e-4,-0.023627,-0.022869,142661
CPS,sexFemale,sex,Sex,Female,Male,2002,-0.050188,0.006389,-0.062711,-0.037665,142661
CPS,race_includehispBlack,race_includehisp,Race/Ethnicity,Black,White,2002,-0.278565,0.009603,-0.297388,-0.259743,142661
CPS,race_includehispAIAN,race_includehisp,Race/Ethnicity,AIAN,White,2002,-0.298386,0.032535,-0.362153,-0.234619,142661
CPS,race_includehispHispanic,race_includehisp,Race/Ethnicity,Hispanic,White,2002,-0.11372,0.010699,-0.134691,-0.092749,142661
CPS,educ_3catHS_SomeColl,educ_3cat,Education,HS_SomeColl,LT_HS,2002,0.391485,0.009659,0.372554,0.410417,142661
CPS,educ_3catBA_plus,educ_3cat,Education,BA_plus,LT_HS,2002,0.792502,0.010756,0.77142,0.813583,142661
CPS,age,age,Age,age,NA,2003,-0.023561,1.89e-4,-0.023932,-0.02319,149844
CPS,sexFemale,sex,Sex,Female,Male,2003,-0.040846,0.006201,-0.053,-0.028693,149844
CPS,race_includehispBlack,race_includehisp,Race/Ethnicity,Black,White,2003,-0.293544,0.00975,-0.312654,-0.274435,149844
CPS,race_includehispAIAN,race_includehisp,Race/Ethnicity,AIAN,White,2003,-0.319398,0.036859,-0.391641,-0.247156,149844
CPS,race_includehispAsian,race_includehisp,Race/Ethnicity,Asian,White,2003,-0.133762,0.014736,-0.162643,-0.10488,149844
CPS,race_includehispHispanic,race_includehisp,Race/Ethnicity,Hispanic,White,2003,-0.105761,0.010468,-0.126277,-0.085245,149844
CPS,race_includehispOther,race_includehisp,Race/Ethnicity,Other,White,2003,-0.290352,0.02797,-0.345173,-0.235532,149844
CPS,educ_3catHS_SomeColl,educ_3cat,Education,HS_SomeColl,LT_HS,2003,0.384661,0.009469,0.366101,0.40322,149844
CPS,educ_3catBA_plus,educ_3cat,Education,BA_plus,LT_HS,2003,0.768162,0.01055,0.747485,0.788839,149844
CPS,age,age,Age,age,NA,2004,-0.023012,1.9e-4,-0.023385,-0.022639,148180
CPS,sexFemale,sex,Sex,Female,Male,2004,-0.042542,0.006352,-0.054991,-0.030093,148180
CPS,race_includehispBlack,race_includehisp,Race/Ethnicity,Black,White,2004,-0.282926,0.010029,-0.302583,-0.263269,148180
CPS,race_includehispAIAN,race_includehisp,Race/Ethnicity,AIAN,White,2004,-0.297493,0.036083,-0.368214,-0.226771,148180
CPS,race_includehispAsian,race_includehisp,Race/Ethnicity,Asian,White,2004,-0.138367,0.013994,-0.165795,-0.110939,148180
CPS,race_includehispHispanic,race_includehisp,Race/Ethnicity,Hispanic,White,2004,-0.089986,0.010712,-0.110981,-0.06899,148180
CPS,race_includehispOther,race_includehisp,Race/Ethnicity,Other,White,2004,-0.210072,0.027413,-0.263801,-0.156343,148180
CPS,educ_3catHS_SomeColl,educ_3cat,Education,HS_SomeColl,LT_HS,2004,0.369459,0.009778,0.350296,0.388623,148180
CPS,educ_3catBA_plus,educ_3cat,Education,BA_plus,LT_HS,2004,0.745628,0.010835,0.724392,0.766864,148180
CPS,age,age,Age,age,NA,2005,-0.022896,1.87e-4,-0.023263,-0.02253,146518
CPS,sexFemale,sex,Sex,Female,Male,2005,-0.039776,0.006272,-0.052068,-0.027483,146518
CPS,race_includehispBlack,race_includehisp,Race/Ethnicity,Black,White,2005,-0.273145,0.010186,-0.29311,-0.25318,146518
CPS,race_includehispAIAN,race_includehisp,Race/Ethnicity,AIAN,White,2005,-0.307628,0.037482,-0.381091,-0.234165,146518
CPS,race_includehispAsian,race_includehisp,Race/Ethnicity,Asian,White,2005,-0.116178,0.013546,-0.142728,-0.089628,146518
CPS,race_includehispHispanic,race_includehisp,Race/Ethnicity,Hispanic,White,2005,-0.080909,0.010437,-0.101367,-0.060452,146518
CPS,race_includehispOther,race_includehisp,Race/Ethnicity,Other,White,2005,-0.197075,0.025027,-0.246128,-0.148021,146518
CPS,educ_3catHS_SomeColl,educ_3cat,Education,HS_SomeColl,LT_HS,2005,0.382303,0.009705,0.363282,0.401325,146518
CPS,educ_3catBA_plus,educ_3cat,Education,BA_plus,LT_HS,2005,0.767196,0.010696,0.746231,0.788161,146518
CPS,age,age,Age,age,NA,2006,-0.022958,1.85e-4,-0.023321,-0.022595,145752
CPS,sexFemale,sex,Sex,Female,Male,2006,-0.039937,0.006264,-0.052214000000000003,-0.02766,145752
CPS,race_includehispBlack,race_includehisp,Race/Ethnicity,Black,White,2006,-0.285539,0.010206,-0.305543,-0.265535,145752
CPS,race_includehispAIAN,race_includehisp,Race/Ethnicity,AIAN,White,2006,-0.206108,0.036086,-0.276835,-0.135381,145752
CPS,race_includehispAsian,race_includehisp,Race/Ethnicity,Asian,White,2006,-0.103032,0.013615,-0.129717,-0.076346,145752
CPS,race_includehispHispanic,race_includehisp,Race/Ethnicity,Hispanic,White,2006,-0.092047,0.010023,-0.111693,-0.072401,145752
CPS,race_includehispOther,race_includehisp,Race/Ethnicity,Other,White,2006,-0.235846,0.025302,-0.285437,-0.186254,145752
CPS,educ_3catHS_SomeColl,educ_3cat,Education,HS_SomeColl,LT_HS,2006,0.352748,0.00981,0.333521,0.371975,145752
CPS,educ_3catBA_plus,educ_3cat,Education,BA_plus,LT_HS,2006,0.747292,0.010748,0.726227,0.768358,145752
CPS,age,age,Age,age,NA,2007,-0.022913,1.87e-4,-0.023279,-0.022546,144918
CPS,sexFemale,sex,Sex,Female,Male,2007,-0.044891,0.006294,-0.057228,-0.032554,144918
CPS,race_includehispBlack,race_includehisp,Race/Ethnicity,Black,White,2007,-0.234055,0.010018,-0.253691,-0.214419,144918
CPS,race_includehispAIAN,race_includehisp,Race/Ethnicity,AIAN,White,2007,-0.277157,0.036502,-0.3487,-0.205615,144918
CPS,race_includehispAsian,race_includehisp,Race/Ethnicity,Asian,White,2007,-0.077743,0.013386,-0.10398,-0.051506,144918
CPS,race_includehispHispanic,race_includehisp,Race/Ethnicity,Hispanic,White,2007,-0.1255,0.010054,-0.145205,-0.105795,144918
CPS,race_includehispOther,race_includehisp,Race/Ethnicity,Other,White,2007,-0.169983,0.02624,-0.221412,-0.118554,144918
CPS,educ_3catHS_SomeColl,educ_3cat,Education,HS_SomeColl,LT_HS,2007,0.344317,0.009849,0.325014,0.363621,144918
CPS,educ_3catBA_plus,educ_3cat,Education,BA_plus,LT_HS,2007,0.730387,0.010756,0.709305,0.751469,144918
CPS,age,age,Age,age,NA,2008,-0.022348,1.87e-4,-0.022714,-0.021982,145609
CPS,sexFemale,sex,Sex,Female,Male,2008,-0.039488,0.006306,-0.051848,-0.027128,145609
CPS,race_includehispBlack,race_includehisp,Race/Ethnicity,Black,White,2008,-0.253948,0.010096,-0.273736,-0.23416,145609
CPS,race_includehispAIAN,race_includehisp,Race/Ethnicity,AIAN,White,2008,-0.202555,0.036322,-0.273746,-0.131364,145609
CPS,race_includehispAsian,race_includehisp,Race/Ethnicity,Asian,White,2008,-0.048448,0.013291,-0.074499,-0.022398,145609
CPS,race_includehispHispanic,race_includehisp,Race/Ethnicity,Hispanic,White,2008,-0.091897,0.010052,-0.111599,-0.072195,145609
CPS,race_includehispOther,race_includehisp,Race/Ethnicity,Other,White,2008,-0.195607,0.026312,-0.247177,-0.144037,145609
CPS,educ_3catHS_SomeColl,educ_3cat,Education,HS_SomeColl,LT_HS,2008,0.372042,0.010198,0.352054,0.392029,145609
CPS,educ_3catBA_plus,educ_3cat,Education,BA_plus,LT_HS,2008,0.77574,0.011054,0.754074,0.797406,145609
CPS,age,age,Age,age,NA,2009,-0.022505,1.85e-4,-0.022868,-0.022142,147163
CPS,sexFemale,sex,Sex,Female,Male,2009,-0.042171,0.006302,-0.054523,-0.029819,147163
CPS,race_includehispBlack,race_includehisp,Race/Ethnicity,Black,White,2009,-0.256954,0.009936,-0.276429,-0.23748,147163
CPS,race_includehispAIAN,race_includehisp,Race/Ethnicity,AIAN,White,2009,-0.243722,0.035527,-0.313354,-0.17409,147163
CPS,race_includehispAsian,race_includehisp,Race/Ethnicity,Asian,White,2009,-0.124049,0.012968,-0.149466,-0.098631,147163
CPS,race_includehispHispanic,race_includehisp,Race/Ethnicity,Hispanic,White,2009,-0.114291,0.010228,-0.134338,-0.094244,147163
CPS,race_includehispOther,race_includehisp,Race/Ethnicity,Other,White,2009,-0.206716,0.025515,-0.256725,-0.156708,147163
CPS,educ_3catHS_SomeColl,educ_3cat,Education,HS_SomeColl,LT_HS,2009,0.365989,0.01022,0.345958,0.386021,147163
CPS,educ_3catBA_plus,educ_3cat,Education,BA_plus,LT_HS,2009,0.792395,0.011052,0.770734,0.814056,147163
CPS,age,age,Age,age,NA,2010,-0.021738,1.8e-4,-0.022091,-0.021386,149071
CPS,sexFemale,sex,Sex,Female,Male,2010,-0.039281,0.006184,-0.051402,-0.02716,149071
CPS,race_includehispBlack,race_includehisp,Race/Ethnicity,Black,White,2010,-0.261427,0.009678,-0.280396,-0.242457,149071
CPS,race_includehispAIAN,race_includehisp,Race/Ethnicity,AIAN,White,2010,-0.157855,0.035561,-0.227555,-0.088155,149071
CPS,race_includehispAsian,race_includehisp,Race/Ethnicity,Asian,White,2010,-0.117382,0.012517,-0.141915,-0.092849,149071
CPS,race_includehispHispanic,race_includehisp,Race/Ethnicity,Hispanic,White,2010,-0.131385,0.009653,-0.150305,-0.112466,149071
CPS,race_includehispOther,race_includehisp,Race/Ethnicity,Other,White,2010,-0.183061,0.025743,-0.233518,-0.132605,149071
CPS,educ_3catHS_SomeColl,educ_3cat,Education,HS_SomeColl,LT_HS,2010,0.341899,0.009826,0.322641,0.361158,149071
CPS,educ_3catBA_plus,educ_3cat,Education,BA_plus,LT_HS,2010,0.752925,0.010729,0.731897,0.773954,149071
CPS,age,age,Age,age,NA,2011,-0.02211,1.8e-4,-0.022462,-0.021758,146785
CPS,sexFemale,sex,Sex,Female,Male,2011,-0.043674,0.006233,-0.05589,-0.031458,146785
CPS,race_includehispBlack,race_includehisp,Race/Ethnicity,Black,White,2011,-0.253639,0.009722,-0.272694,-0.234584,146785
CPS,race_includehispAIAN,race_includehisp,Race/Ethnicity,AIAN,White,2011,-0.273929,0.035566,-0.343638,-0.204221,146785
CPS,race_includehispAsian,race_includehisp,Race/Ethnicity,Asian,White,2011,-0.090154,0.012389,-0.114437,-0.065871,146785
CPS,race_includehispHispanic,race_includehisp,Race/Ethnicity,Hispanic,White,2011,-0.105109,0.009654,-0.124031,-0.086187,146785
CPS,race_includehispOther,race_includehisp,Race/Ethnicity,Other,White,2011,-0.175754,0.025172,-0.225091,-0.126418,146785
CPS,educ_3catHS_SomeColl,educ_3cat,Education,HS_SomeColl,LT_HS,2011,0.324304,0.009967,0.304769,0.343839,146785
CPS,educ_3catBA_plus,educ_3cat,Education,BA_plus,LT_HS,2011,0.722073,0.010834,0.700838,0.743307,146785
CPS,age,age,Age,age,NA,2012,-0.021995,1.82e-4,-0.022351,-0.021639,144803
CPS,sexFemale,sex,Sex,Female,Male,2012,-0.040532,0.0063,-0.05288,-0.028185,144803
CPS,race_includehispBlack,race_includehisp,Race/Ethnicity,Black,White,2012,-0.234248,0.009762,-0.253382,-0.215114,144803
CPS,race_includehispAIAN,race_includehisp,Race/Ethnicity,AIAN,White,2012,-0.253522,0.039378,-0.330702,-0.176343,144803
CPS,race_includehispAsian,race_includehisp,Race/Ethnicity,Asian,White,2012,-0.126512,0.012118,-0.150263,-0.102761,144803
CPS,race_includehispHispanic,race_includehisp,Race/Ethnicity,Hispanic,White,2012,-0.117658,0.009868,-0.136999,-0.098316,144803
CPS,race_includehispOther,race_includehisp,Race/Ethnicity,Other,White,2012,-0.201251,0.026212,-0.252626,-0.149876,144803
CPS,educ_3catHS_SomeColl,educ_3cat,Education,HS_SomeColl,LT_HS,2012,0.351355,0.010242,0.331281,0.371429,144803
CPS,educ_3catBA_plus,educ_3cat,Education,BA_plus,LT_HS,2012,0.750097,0.011049,0.728442,0.771752,144803
CPS,age,age,Age,age,NA,2013,-0.021791,1.79e-4,-0.022142,-0.02144,145762
CPS,sexFemale,sex,Sex,Female,Male,2013,-0.04114,0.00624,-0.05337,-0.028909,145762
CPS,race_includehispBlack,race_includehisp,Race/Ethnicity,Black,White,2013,-0.201376,0.009807,-0.220597,-0.182155,145762
CPS,race_includehispAIAN,race_includehisp,Race/Ethnicity,AIAN,White,2013,-0.269946,0.035822,-0.340157,-0.199735,145762
CPS,race_includehispAsian,race_includehisp,Race/Ethnicity,Asian,White,2013,-0.096583,0.011963,-0.120031,-0.073135,145762
CPS,race_includehispHispanic,race_includehisp,Race/Ethnicity,Hispanic,White,2013,-0.112232,0.009618,-0.131083,-0.093381,145762
CPS,race_includehispOther,race_includehisp,Race/Ethnicity,Other,White,2013,-0.189899,0.025572,-0.240019,-0.139779,145762
CPS,educ_3catHS_SomeColl,educ_3cat,Education,HS_SomeColl,LT_HS,2013,0.345464,0.010369,0.32514,0.365788,145762
CPS,educ_3catBA_plus,educ_3cat,Education,BA_plus,LT_HS,2013,0.749592,0.01112,0.727798,0.771387,145762
CPS,age,age,Age,age,NA,2014,-0.021931,2e-4,-0.022323,-0.021538,144298
CPS,sexFemale,sex,Sex,Female,Male,2014,-0.043997,0.007031,-0.057778,-0.030216,144298
CPS,race_includehispBlack,race_includehisp,Race/Ethnicity,Black,White,2014,-0.209239,0.010741,-0.230291,-0.188188,144298
CPS,race_includehispAIAN,race_includehisp,Race/Ethnicity,AIAN,White,2014,-0.280769,0.040314,-0.359784,-0.201755,144298
CPS,race_includehispAsian,race_includehisp,Race/Ethnicity,Asian,White,2014,-0.07442,0.013306,-0.100499,-0.048341,144298
CPS,race_includehispHispanic,race_includehisp,Race/Ethnicity,Hispanic,White,2014,-0.077254,0.011425,-0.099647,-0.054861,144298
CPS,race_includehispOther,race_includehisp,Race/Ethnicity,Other,White,2014,-0.172711,0.029464,-0.230461,-0.114961,144298
CPS,educ_3catHS_SomeColl,educ_3cat,Education,HS_SomeColl,LT_HS,2014,0.340858,0.011948,0.31744,0.364276,144298
CPS,educ_3catBA_plus,educ_3cat,Education,BA_plus,LT_HS,2014,0.727673,0.01274,0.702704,0.752643,144298
CPS,age,age,Age,age,NA,2015,-0.021129,1.78e-4,-0.021477,-0.020781,144279
CPS,sexFemale,sex,Sex,Female,Male,2015,-0.029206,0.006232,-0.041422,-0.016991,144279
CPS,race_includehispBlack,race_includehisp,Race/Ethnicity,Black,White,2015,-0.212843,0.009635,-0.231727,-0.193959,144279
CPS,race_includehispAIAN,race_includehisp,Race/Ethnicity,AIAN,White,2015,-0.251652,0.033318,-0.316955,-0.18635,144279
CPS,race_includehispAsian,race_includehisp,Race/Ethnicity,Asian,White,2015,-0.0936,0.011517,-0.116172,-0.071028,144279
CPS,race_includehispHispanic,race_includehisp,Race/Ethnicity,Hispanic,White,2015,-0.081479,0.00939,-0.099883,-0.063075,144279
CPS,race_includehispOther,race_includehisp,Race/Ethnicity,Other,White,2015,-0.228097,0.026272,-0.27959,-0.176605,144279
CPS,educ_3catHS_SomeColl,educ_3cat,Education,HS_SomeColl,LT_HS,2015,0.313645,0.010491,0.293082,0.334208,144279
CPS,educ_3catBA_plus,educ_3cat,Education,BA_plus,LT_HS,2015,0.692213,0.011226999999999999,0.670208,0.714218,144279
CPS,age,age,Age,age,NA,2016,-0.021142,1.83e-4,-0.0215,-0.020784,134562
CPS,sexFemale,sex,Sex,Female,Male,2016,-0.028713,0.006445,-0.041345,-0.016081,134562
CPS,race_includehispBlack,race_includehisp,Race/Ethnicity,Black,White,2016,-0.209807,0.010115,-0.229633,-0.189981,134562
CPS,race_includehispAIAN,race_includehisp,Race/Ethnicity,AIAN,White,2016,-0.259969,0.035791,-0.33012,-0.189819,134562
CPS,race_includehispAsian,race_includehisp,Race/Ethnicity,Asian,White,2016,-0.054816,0.01177,-0.077886,-0.031747,134562
CPS,race_includehispHispanic,race_includehisp,Race/Ethnicity,Hispanic,White,2016,-0.067248,0.009636,-0.086135,-0.048362,134562
CPS,race_includehispOther,race_includehisp,Race/Ethnicity,Other,White,2016,-0.192428,0.02779,-0.246896,-0.137959,134562
CPS,educ_3catHS_SomeColl,educ_3cat,Education,HS_SomeColl,LT_HS,2016,0.280027,0.010947,0.258571,0.301483,134562
CPS,educ_3catBA_plus,educ_3cat,Education,BA_plus,LT_HS,2016,0.648318,0.011659,0.625466,0.67117,134562
CPS,age,age,Age,age,NA,2017,-0.020856,1.81e-4,-0.021211,-0.0205,135750
CPS,sexFemale,sex,Sex,Female,Male,2017,-0.034259,0.006394,-0.046792,-0.021726,135750
CPS,race_includehispBlack,race_includehisp,Race/Ethnicity,Black,White,2017,-0.19477,0.010111,-0.214588,-0.174952,135750
CPS,race_includehispAIAN,race_includehisp,Race/Ethnicity,AIAN,White,2017,-0.351828,0.033097,-0.416697,-0.286958,135750
CPS,race_includehispAsian,race_includehisp,Race/Ethnicity,Asian,White,2017,-0.032567,0.011494,-0.055095,-0.010039,135750
CPS,race_includehispHispanic,race_includehisp,Race/Ethnicity,Hispanic,White,2017,-0.055443,0.009602,-0.074262,-0.036624,135750
CPS,race_includehispOther,race_includehisp,Race/Ethnicity,Other,White,2017,-0.125049,0.026617,-0.177217,-0.07288,135750
CPS,educ_3catHS_SomeColl,educ_3cat,Education,HS_SomeColl,LT_HS,2017,0.301823,0.011033,0.280199,0.323447,135750
CPS,educ_3catBA_plus,educ_3cat,Education,BA_plus,LT_HS,2017,0.679456,0.011716,0.656493,0.702419,135750
CPS,age,age,Age,age,NA,2018,-0.020779,1.8e-4,-0.021133,-0.020425,132144
CPS,sexFemale,sex,Sex,Female,Male,2018,-0.028134,0.006424,-0.040724,-0.015543,132144
CPS,race_includehispBlack,race_includehisp,Race/Ethnicity,Black,White,2018,-0.200616,0.010222,-0.22065,-0.180581,132144
CPS,race_includehispAIAN,race_includehisp,Race/Ethnicity,AIAN,White,2018,-0.276475,0.032803,-0.340768,-0.212183,132144
CPS,race_includehispAsian,race_includehisp,Race/Ethnicity,Asian,White,2018,-0.071913,0.011679,-0.094804,-0.049022,132144
CPS,race_includehispHispanic,race_includehisp,Race/Ethnicity,Hispanic,White,2018,-0.085285,0.009514,-0.103932,-0.066639,132144
CPS,race_includehispOther,race_includehisp,Race/Ethnicity,Other,White,2018,-0.149395,0.02542,-0.199218,-0.099572,132144
CPS,educ_3catHS_SomeColl,educ_3cat,Education,HS_SomeColl,LT_HS,2018,0.285106,0.011019,0.263509,0.306702,132144
CPS,educ_3catBA_plus,educ_3cat,Education,BA_plus,LT_HS,2018,0.632195,0.011691,0.609282,0.655109,132144
CPS,age,age,Age,age,NA,2019,-0.018626,1.83e-4,-0.018984,-0.018268,132868
CPS,sexFemale,sex,Sex,Female,Male,2019,-0.042947,0.006449,-0.055586000000000003,-0.030308,132868
CPS,race_includehispBlack,race_includehisp,Race/Ethnicity,Black,White,2019,-0.213395,0.01048,-0.233935,-0.192854,132868
CPS,race_includehispAIAN,race_includehisp,Race/Ethnicity,AIAN,White,2019,-0.282127,0.033223,-0.347243,-0.21701,132868
CPS,race_includehispAsian,race_includehisp,Race/Ethnicity,Asian,White,2019,-0.060203,0.012,-0.083722,-0.036683,132868
CPS,race_includehispHispanic,race_includehisp,Race/Ethnicity,Hispanic,White,2019,-0.082049,0.009401,-0.100475,-0.063623,132868
CPS,race_includehispOther,race_includehisp,Race/Ethnicity,Other,White,2019,-0.178906,0.025541,-0.228967,-0.128846,132868
CPS,educ_3catHS_SomeColl,educ_3cat,Education,HS_SomeColl,LT_HS,2019,0.273386,0.011193,0.251448,0.295325,132868
CPS,educ_3catBA_plus,educ_3cat,Education,BA_plus,LT_HS,2019,0.623975,0.011851,0.600747,0.647204,132868
CPS,age,age,Age,age,NA,2020,-0.018804,1.89e-4,-0.019175,-0.018433,117763
CPS,sexFemale,sex,Sex,Female,Male,2020,-0.023553,0.006788,-0.036857,-0.010249,117763
CPS,race_includehispBlack,race_includehisp,Race/Ethnicity,Black,White,2020,-0.224006,0.011076,-0.245714,-0.202297,117763
CPS,race_includehispAIAN,race_includehisp,Race/Ethnicity,AIAN,White,2020,-0.222781,0.037228,-0.295747,-0.149815,117763
CPS,race_includehispAsian,race_includehisp,Race/Ethnicity,Asian,White,2020,-0.048319,0.012284,-0.072396,-0.024243,117763
CPS,race_includehispHispanic,race_includehisp,Race/Ethnicity,Hispanic,White,2020,-0.087825,0.010378,-0.108165,-0.067484,117763
CPS,race_includehispOther,race_includehisp,Race/Ethnicity,Other,White,2020,-0.146846,0.027743,-0.201221,-0.092471,117763
CPS,educ_3catHS_SomeColl,educ_3cat,Education,HS_SomeColl,LT_HS,2020,0.276181,0.012376,0.251923,0.300439,117763
CPS,educ_3catBA_plus,educ_3cat,Education,BA_plus,LT_HS,2020,0.610777,0.012894,0.585505,0.636049,117763
CPS,age,age,Age,age,NA,2021,-0.018188,1.85e-4,-0.01855,-0.017826,121845
CPS,sexFemale,sex,Sex,Female,Male,2021,-0.033218,0.006657,-0.046266,-0.02017,121845
CPS,race_includehispBlack,race_includehisp,Race/Ethnicity,Black,White,2021,-0.205218,0.010599,-0.225991,-0.184444,121845
CPS,race_includehispAIAN,race_includehisp,Race/Ethnicity,AIAN,White,2021,-0.231773,0.034118,-0.298643,-0.164904,121845
CPS,race_includehispAsian,race_includehisp,Race/Ethnicity,Asian,White,2021,-0.029419,0.012421,-0.053765,-0.005073,121845
CPS,race_includehispHispanic,race_includehisp,Race/Ethnicity,Hispanic,White,2021,-0.081233,0.009834,-0.100509,-0.061958,121845
CPS,race_includehispOther,race_includehisp,Race/Ethnicity,Other,White,2021,-0.143195,0.026847,-0.195815,-0.090575,121845
CPS,educ_3catHS_SomeColl,educ_3cat,Education,HS_SomeColl,LT_HS,2021,0.247752,0.012276,0.223691,0.271813,121845
CPS,educ_3catBA_plus,educ_3cat,Education,BA_plus,LT_HS,2021,0.583125,0.01278,0.558076,0.608174,121845
CPS,age,age,Age,age,NA,2022,-0.018217,1.91e-4,-0.018591,-0.017843,114158
CPS,sexFemale,sex,Sex,Female,Male,2022,-0.031392,0.006886,-0.044888,-0.017895,114158
CPS,race_includehispBlack,race_includehisp,Race/Ethnicity,Black,White,2022,-0.180049,0.011101,-0.201806,-0.158292,114158
CPS,race_includehispAIAN,race_includehisp,Race/Ethnicity,AIAN,White,2022,-0.324106,0.036234,-0.395123,-0.253088,114158
CPS,race_includehispAsian,race_includehisp,Race/Ethnicity,Asian,White,2022,-0.048091,0.012428,-0.07245,-0.023731,114158
CPS,race_includehispHispanic,race_includehisp,Race/Ethnicity,Hispanic,White,2022,-0.059681,0.009972,-0.079225,-0.040137,114158
CPS,race_includehispOther,race_includehisp,Race/Ethnicity,Other,White,2022,-0.230955,0.030247,-0.290238,-0.171672,114158
CPS,educ_3catHS_SomeColl,educ_3cat,Education,HS_SomeColl,LT_HS,2022,0.275556,0.012441,0.251173,0.29994,114158
CPS,educ_3catBA_plus,educ_3cat,Education,BA_plus,LT_HS,2022,0.613117,0.013032,0.587573,0.63866,114158
CPS,age,age,Age,age,NA,2023,-0.017713,1.92e-4,-0.018089,-0.017337,110008
CPS,sexFemale,sex,Sex,Female,Male,2023,-0.032032,0.006967,-0.045688,-0.018376,110008
CPS,race_includehispBlack,race_includehisp,Race/Ethnicity,Black,White,2023,-0.143223,0.011225,-0.165223,-0.121222,110008
CPS,race_includehispAIAN,race_includehisp,Race/Ethnicity,AIAN,White,2023,-0.249248,0.034414,-0.3167,-0.181797,110008
CPS,race_includehispAsian,race_includehisp,Race/Ethnicity,Asian,White,2023,-0.075153,0.012354,-0.099367,-0.050938,110008
CPS,race_includehispHispanic,race_includehisp,Race/Ethnicity,Hispanic,White,2023,-0.078005,0.010068,-0.097737,-0.058272,110008
CPS,race_includehispOther,race_includehisp,Race/Ethnicity,Other,White,2023,-0.11133,0.027475,-0.165181,-0.057478,110008
CPS,educ_3catHS_SomeColl,educ_3cat,Education,HS_SomeColl,LT_HS,2023,0.238097,0.012642,0.213319,0.262875,110008
CPS,educ_3catBA_plus,educ_3cat,Education,BA_plus,LT_HS,2023,0.557327,0.013169,0.531517,0.583138,110008
CPS,age,age,Age,age,NA,2024,-0.017928,1.93e-4,-0.018306,-0.017551,109367
CPS,sexFemale,sex,Sex,Female,Male,2024,-0.043704,0.006965,-0.057356,-0.030052,109367
CPS,race_includehispBlack,race_includehisp,Race/Ethnicity,Black,White,2024,-0.154576,0.011482,-0.17708,-0.132072,109367
CPS,race_includehispAIAN,race_includehisp,Race/Ethnicity,AIAN,White,2024,-0.151329,0.036457,-0.222785,-0.079873,109367
CPS,race_includehispAsian,race_includehisp,Race/Ethnicity,Asian,White,2024,-0.076464,0.012373,-0.100715,-0.052213,109367
CPS,race_includehispHispanic,race_includehisp,Race/Ethnicity,Hispanic,White,2024,-0.068316,0.00984,-0.087602,-0.049029,109367
CPS,race_includehispOther,race_includehisp,Race/Ethnicity,Other,White,2024,-0.114701,0.027301,-0.168209,-0.061192,109367
CPS,educ_3catHS_SomeColl,educ_3cat,Education,HS_SomeColl,LT_HS,2024,0.226268,0.012693,0.20139,0.251147,109367
CPS,educ_3catBA_plus,educ_3cat,Education,BA_plus,LT_HS,2024,0.556049,0.013233,0.530113,0.581986,109367
CPS,age,age,Age,age,NA,2025,-0.017713,1.93e-4,-0.018091,-0.017336,108044
CPS,sexFemale,sex,Sex,Female,Male,2025,-0.039639,0.007019,-0.053396,-0.025882,108044
CPS,race_includehispBlack,race_includehisp,Race/Ethnicity,Black,White,2025,-0.172502,0.011494,-0.19503,-0.149973,108044
CPS,race_includehispAIAN,race_includehisp,Race/Ethnicity,AIAN,White,2025,-0.214989,0.036754,-0.287026,-0.142953,108044
CPS,race_includehispAsian,race_includehisp,Race/Ethnicity,Asian,White,2025,-0.030543,0.012562,-0.055165,-0.005921,108044
CPS,race_includehispHispanic,race_includehisp,Race/Ethnicity,Hispanic,White,2025,-0.073432,0.010162,-0.093349,-0.053516,108044
CPS,race_includehispOther,race_includehisp,Race/Ethnicity,Other,White,2025,-0.137448,0.027367,-0.191086,-0.083809,108044
CPS,educ_3catHS_SomeColl,educ_3cat,Education,HS_SomeColl,LT_HS,2025,0.210392,0.012978,0.184955,0.235829,108044
CPS,educ_3catBA_plus,educ_3cat,Education,BA_plus,LT_HS,2025,0.556512,0.01345,0.53015,0.582874,108044
NHANES,age,age,Age,age,NA,1999.5,-0.013642,0.001164,-0.016179,-0.011106,5441
NHANES,sexFemale,sex,Sex,Female,Male,1999.5,-0.118537,0.028232,-0.180048,-0.057025,5441
NHANES,age,age,Age,age,NA,2001.5,-0.010454,0.001096,-0.012822,-0.008086,5990
NHANES,sexFemale,sex,Sex,Female,Male,2001.5,-0.084303,0.032905,-0.155391,-0.013215,5990
NHANES,age,age,Age,age,NA,2003.5,-0.012634,0.00165,-0.0162,-0.009069,5616
NHANES,sexFemale,sex,Sex,Female,Male,2003.5,-0.032412,0.039975,-0.118773,0.053949,5616
NHANES,age,age,Age,age,NA,2005.5,-0.008624,9.46e-4,-0.010669,-0.00658,5558
NHANES,sexFemale,sex,Sex,Female,Male,2005.5,-0.047719,0.044983,-0.144899,0.049461,5558
NHANES,age,age,Age,age,NA,2007.5,-0.010633,9.05e-4,-0.012575,-0.008691,6225
NHANES,sexFemale,sex,Sex,Female,Male,2007.5,-0.049376,0.039018,-0.133062,0.03431,6225
NHANES,age,age,Age,age,NA,2009.5,-0.00845,0.001004,-0.010604,-0.006296,6525
NHANES,sexFemale,sex,Sex,Female,Male,2009.5,-0.042272,0.022568,-0.090676,0.006133,6525
NHANES,age,age,Age,age,NA,2011.5,-0.008612,0.001007,-0.010758,-0.006467,5862
NHANES,sexFemale,sex,Sex,Female,Male,2011.5,-0.014274,0.037626,-0.094473,0.065924,5862
NHANES,age,age,Age,age,NA,2013.5,-0.006838,0.001039,-0.009082,-0.004593,6108
NHANES,sexFemale,sex,Sex,Female,Male,2013.5,-0.057256,0.027886,-0.1175,0.002989,6108
NHANES,age,age,Age,age,NA,2015.5,-0.004882,0.001198,-0.007469,-0.002294,5982
NHANES,sexFemale,sex,Sex,Female,Male,2015.5,0.021956,0.036951,-0.057871,0.101784,5982
NHANES,age,age,Age,age,NA,2017.5,-0.007063,0.0016,-0.01052,-0.003607,5849
NHANES,sexFemale,sex,Sex,Female,Male,2017.5,-0.005074,0.031428,-0.07297,0.062821,5849
NHANES,age,age,Age,age,NA,2018.5,-0.006476,0.001142,-0.008839,-0.004114,9683
NHANES,sexFemale,sex,Sex,Female,Male,2018.5,0.002614,0.023252,-0.045486,0.050714,9683
NHANES,age,age,Age,age,NA,2022,-0.009545,0.001096,-0.011913,-0.007177,8150
NHANES,sexFemale,sex,Sex,Female,Male,2022,-0.057871,0.026504,-0.115129,-6.13e-4,8150
GSS,age,age,Age,age,NA,1972,-0.013951,0.001306,-0.016512,-0.01139,1585
GSS,sexFemale,sex,Sex,Female,Male,1972,-0.060782,0.040455,-0.140133,0.018569,1585
GSS,race_includehispBlack,race_includehisp,Race/Ethnicity,Black,White,1972,-0.236026,0.056034,-0.345935,-0.126118,1585
GSS,race_includehispOther,race_includehisp,Race/Ethnicity,Other,White,1972,-0.293622,0.453251,-1.182658,0.595415,1585
GSS,educ_3catHS_SomeColl,educ_3cat,Education,HS_SomeColl,LT_HS,1972,0.227287,0.047359,0.134393,0.32018,1585
GSS,educ_3catBA_plus,educ_3cat,Education,BA_plus,LT_HS,1972,0.538187,0.064711,0.411259,0.665115,1585
GSS,age,age,Age,age,NA,1973,-0.01228,0.001452,-0.015128,-0.009431,1482
GSS,sexFemale,sex,Sex,Female,Male,1973,-0.108957,0.047231,-0.201604,-0.016309,1482
GSS,race_includehispBlack,race_includehisp,Race/Ethnicity,Black,White,1973,-0.200922,0.067101,-0.332546,-0.069298,1482
GSS,race_includehispOther,race_includehisp,Race/Ethnicity,Other,White,1973,0.405586,0.192456,0.02807,0.783102,1482
GSS,educ_3catHS_SomeColl,educ_3cat,Education,HS_SomeColl,LT_HS,1973,0.355782,0.056058,0.245821,0.465744,1482
GSS,educ_3catBA_plus,educ_3cat,Education,BA_plus,LT_HS,1973,0.574374,0.073792,0.429626,0.719122,1482
GSS,age,age,Age,age,NA,1974,-0.013959,0.00136,-0.016626,-0.011292,1473
GSS,sexFemale,sex,Sex,Female,Male,1974,-0.159699,0.044399,-0.246792,-0.072607,1473
GSS,race_includehispBlack,race_includehisp,Race/Ethnicity,Black,White,1974,-0.299782,0.06795,-0.433072,-0.166492,1473
GSS,race_includehispOther,race_includehisp,Race/Ethnicity,Other,White,1974,0.23867,0.203011,-0.159553,0.636892,1473
GSS,educ_3catHS_SomeColl,educ_3cat,Education,HS_SomeColl,LT_HS,1974,0.356486,0.05375,0.25105,0.461921,1473
GSS,educ_3catBA_plus,educ_3cat,Education,BA_plus,LT_HS,1974,0.470716,0.067051,0.33919,0.602242,1473
GSS,age,age,Age,age,NA,1975,-0.011919,0.001418,-0.014699,-0.009138,1484
GSS,sexFemale,sex,Sex,Female,Male,1975,-0.081881,0.045125,-0.170397,0.006635,1484
GSS,race_includehispBlack,race_includehisp,Race/Ethnicity,Black,White,1975,-0.191249,0.075677,-0.339696,-0.042803,1484
GSS,race_includehispOther,race_includehisp,Race/Ethnicity,Other,White,1975,-0.111228,0.405478,-0.906601,0.684146,1484
GSS,educ_3catHS_SomeColl,educ_3cat,Education,HS_SomeColl,LT_HS,1975,0.311515,0.053868,0.20585,0.417181,1484
GSS,educ_3catBA_plus,educ_3cat,Education,BA_plus,LT_HS,1975,0.672994,0.07106,0.533605,0.812384,1484
GSS,age,age,Age,age,NA,1976,-0.012802,0.00138,-0.015509,-0.010096,1486
GSS,sexFemale,sex,Sex,Female,Male,1976,-0.108705,0.044995,-0.196966,-0.020445,1486
GSS,race_includehispBlack,race_includehisp,Race/Ethnicity,Black,White,1976,-0.280178,0.086239,-0.449343,-0.111014,1486
GSS,race_includehispOther,race_includehisp,Race/Ethnicity,Other,White,1976,0.089015,0.29266,-0.485058,0.663089,1486
GSS,educ_3catHS_SomeColl,educ_3cat,Education,HS_SomeColl,LT_HS,1976,0.346984,0.055591,0.237938,0.456031,1486
GSS,educ_3catBA_plus,educ_3cat,Education,BA_plus,LT_HS,1976,0.582,0.067406,0.449778,0.714222,1486
GSS,age,age,Age,age,NA,1977,-0.012733,0.001544,-0.015763,-0.009703,1514
GSS,sexFemale,sex,Sex,Female,Male,1977,-0.018366,0.045551,-0.107716,0.070984,1514
GSS,race_includehispBlack,race_includehisp,Race/Ethnicity,Black,White,1977,-0.177608,0.075884,-0.326457,-0.028758,1514
GSS,race_includehispOther,race_includehisp,Race/Ethnicity,Other,White,1977,-0.418818,0.250749,-0.910671,0.073035,1514
GSS,educ_3catHS_SomeColl,educ_3cat,Education,HS_SomeColl,LT_HS,1977,0.381706,0.057423,0.269069,0.494343,1514
GSS,educ_3catBA_plus,educ_3cat,Education,BA_plus,LT_HS,1977,0.649903,0.070418,0.511776,0.78803,1514
GSS,age,age,Age,age,NA,1980,-0.011492,0.001441,-0.01432,-0.008664,1453
GSS,sexFemale,sex,Sex,Female,Male,1980,-0.110244,0.046433,-0.201326,-0.019161,1453
GSS,race_includehispBlack,race_includehisp,Race/Ethnicity,Black,White,1980,-0.28795,0.084726,-0.454148,-0.121752,1453
GSS,race_includehispOther,race_includehisp,Race/Ethnicity,Other,White,1980,0.333838,0.17515,-0.009736,0.677413,1453
GSS,educ_3catHS_SomeColl,educ_3cat,Education,HS_SomeColl,LT_HS,1980,0.324711,0.059551,0.207896,0.441526,1453
GSS,educ_3catBA_plus,educ_3cat,Education,BA_plus,LT_HS,1980,0.502536,0.074234,0.356918,0.648154,1453
GSS,age,age,Age,age,NA,1982,-0.012251,0.001329,-0.014857,-0.009645,1837
GSS,sexFemale,sex,Sex,Female,Male,1982,0.001347,0.043641,-0.084244,0.086938,1837
GSS,race_includehispBlack,race_includehisp,Race/Ethnicity,Black,White,1982,-0.166408,0.049954,-0.264381,-0.068436,1837
GSS,race_includehispOther,race_includehisp,Race/Ethnicity,Other,White,1982,-0.042307,0.192534,-0.419916,0.335302,1837
GSS,educ_3catHS_SomeColl,educ_3cat,Education,HS_SomeColl,LT_HS,1982,0.218115,0.054625,0.110981,0.325249,1837
GSS,educ_3catBA_plus,educ_3cat,Education,BA_plus,LT_HS,1982,0.558701,0.068901,0.423567,0.693835,1837
GSS,age,age,Age,age,NA,1984,-0.009589,0.00128,-0.012099,-0.007079,1454
GSS,sexFemale,sex,Sex,Female,Male,1984,-0.066176,0.040998,-0.146597,0.014246,1454
GSS,race_includehispBlack,race_includehisp,Race/Ethnicity,Black,White,1984,-0.114493,0.070262,-0.252319,0.023332,1454
GSS,race_includehispOther,race_includehisp,Race/Ethnicity,Other,White,1984,-0.131094,0.108556,-0.344039,0.081851,1454
GSS,educ_3catHS_SomeColl,educ_3cat,Education,HS_SomeColl,LT_HS,1984,0.358082,0.054222,0.25172,0.464444,1454
GSS,educ_3catBA_plus,educ_3cat,Education,BA_plus,LT_HS,1984,0.625512,0.06532,0.497381,0.753643,1454
GSS,age,age,Age,age,NA,1985,-0.011232,0.001344,-0.013868,-0.008596,1523
GSS,sexFemale,sex,Sex,Female,Male,1985,-0.013582,0.044659,-0.101181,0.074017,1523
GSS,race_includehispBlack,race_includehisp,Race/Ethnicity,Black,White,1985,-0.181578,0.088499,-0.355171,-0.007986,1523
GSS,race_includehispOther,race_includehisp,Race/Ethnicity,Other,White,1985,-0.131807,0.126832,-0.380591,0.116977,1523
GSS,educ_3catHS_SomeColl,educ_3cat,Education,HS_SomeColl,LT_HS,1985,0.393101,0.060444,0.274538,0.511663,1523
GSS,educ_3catBA_plus,educ_3cat,Education,BA_plus,LT_HS,1985,0.610104,0.073185,0.46655,0.753659,1523
GSS,age,age,Age,age,NA,1987,-0.013518,0.00134,-0.016146,-0.01089,1796
GSS,sexFemale,sex,Sex,Female,Male,1987,-0.012768,0.041138,-0.09345,0.067915,1796
GSS,race_includehispBlack,race_includehisp,Race/Ethnicity,Black,White,1987,-0.138708,0.045,-0.226965,-0.05045,1796
GSS,race_includehispOther,race_includehisp,Race/Ethnicity,Other,White,1987,-0.08923,0.136702,-0.357343,0.178882,1796
GSS,educ_3catHS_SomeColl,educ_3cat,Education,HS_SomeColl,LT_HS,1987,0.236091,0.056175,0.125916,0.346266,1796
GSS,educ_3catBA_plus,educ_3cat,Education,BA_plus,LT_HS,1987,0.514633,0.064931,0.387285,0.641981,1796
GSS,age,age,Age,age,NA,1988,-0.011074,0.001631,-0.014274,-0.007873,972
GSS,sexFemale,sex,Sex,Female,Male,1988,-0.162345,0.051155,-0.262732,-0.061958,972
GSS,race_includehispBlack,race_includehisp,Race/Ethnicity,Black,White,1988,-0.179608,0.080366,-0.337321,-0.021896,972
GSS,race_includehispOther,race_includehisp,Race/Ethnicity,Other,White,1988,-0.18449,0.132317,-0.444153,0.075172,972
GSS,educ_3catHS_SomeColl,educ_3cat,Education,HS_SomeColl,LT_HS,1988,0.338441,0.071494,0.198139,0.478743,972
GSS,educ_3catBA_plus,educ_3cat,Education,BA_plus,LT_HS,1988,0.754881,0.081794,0.594367,0.915394,972
GSS,age,age,Age,age,NA,1989,-0.01111,0.001562,-0.014176,-0.008045,1021
GSS,sexFemale,sex,Sex,Female,Male,1989,-0.00918,0.050734,-0.108735,0.090375,1021
GSS,race_includehispBlack,race_includehisp,Race/Ethnicity,Black,White,1989,-0.215441,0.089659,-0.391378,-0.039503,1021
GSS,race_includehispOther,race_includehisp,Race/Ethnicity,Other,White,1989,-0.067968,0.123556,-0.310423,0.174487,1021
GSS,educ_3catHS_SomeColl,educ_3cat,Education,HS_SomeColl,LT_HS,1989,0.345341,0.075108,0.197956,0.492726,1021
GSS,educ_3catBA_plus,educ_3cat,Education,BA_plus,LT_HS,1989,0.587316,0.0854,0.419735,0.754898,1021
GSS,age,age,Age,age,NA,1990,-0.01145,0.001645,-0.014679,-0.008222,910
GSS,sexFemale,sex,Sex,Female,Male,1990,-0.005969,0.056036999999999997,-0.115947,0.104009,910
GSS,race_includehispBlack,race_includehisp,Race/Ethnicity,Black,White,1990,-0.097807,0.091942,-0.278251,0.082637,910
GSS,race_includehispOther,race_includehisp,Race/Ethnicity,Other,White,1990,0.153031,0.145378,-0.132288,0.438349,910
GSS,educ_3catHS_SomeColl,educ_3cat,Education,HS_SomeColl,LT_HS,1990,0.44878,0.073924,0.303697,0.593862,910
GSS,educ_3catBA_plus,educ_3cat,Education,BA_plus,LT_HS,1990,0.637682,0.087061,0.466817,0.808548,910
GSS,age,age,Age,age,NA,1991,-0.011149,0.001621,-0.01433,-0.007968,982
GSS,sexFemale,sex,Sex,Female,Male,1991,-0.120311,0.050953,-0.2203,-0.020322,982
GSS,race_includehispBlack,race_includehisp,Race/Ethnicity,Black,White,1991,-0.069427,0.079494,-0.225426,0.086571,982
GSS,race_includehispOther,race_includehisp,Race/Ethnicity,Other,White,1991,-0.100508,0.143407,-0.381929,0.180914,982
GSS,educ_3catHS_SomeColl,educ_3cat,Education,HS_SomeColl,LT_HS,1991,0.279826,0.077315,0.128104,0.431548,982
GSS,educ_3catBA_plus,educ_3cat,Education,BA_plus,LT_HS,1991,0.572963,0.08872,0.398859,0.747068,982
GSS,age,age,Age,age,NA,1993,-0.008635,0.001608,-0.011789000000000001,-0.00548,1065
GSS,sexFemale,sex,Sex,Female,Male,1993,-0.033382,0.051215,-0.133876,0.067112,1065
GSS,race_includehispBlack,race_includehisp,Race/Ethnicity,Black,White,1993,-0.014351,0.087982,-0.18699,0.158289,1065
GSS,race_includehispOther,race_includehisp,Race/Ethnicity,Other,White,1993,-0.143872,0.127762,-0.394569,0.106825,1065
GSS,educ_3catHS_SomeColl,educ_3cat,Education,HS_SomeColl,LT_HS,1993,0.267532,0.079723,0.1111,0.423964,1065
GSS,educ_3catBA_plus,educ_3cat,Education,BA_plus,LT_HS,1993,0.618928,0.083061,0.455946,0.781911,1065
GSS,age,age,Age,age,NA,1994,-0.010689,0.001227,-0.013096,-0.008282,1988
GSS,sexFemale,sex,Sex,Female,Male,1994,0.022818,0.037734,-0.051184,0.09682,1988
GSS,race_includehispBlack,race_includehisp,Race/Ethnicity,Black,White,1994,-0.228612,0.062052,-0.350307,-0.106918,1988
GSS,race_includehispOther,race_includehisp,Race/Ethnicity,Other,White,1994,-0.0653,0.097254,-0.256031,0.125431,1988
GSS,educ_3catHS_SomeColl,educ_3cat,Education,HS_SomeColl,LT_HS,1994,0.279582,0.054955,0.171805,0.387358,1988
GSS,educ_3catBA_plus,educ_3cat,Education,BA_plus,LT_HS,1994,0.50653,0.060866,0.387162,0.625899,1988
GSS,age,age,Age,age,NA,1996,-0.007521,0.001055,-0.009589,-0.005454,2408
GSS,sexFemale,sex,Sex,Female,Male,1996,0.015995,0.032991,-0.048699,0.080689,2408
GSS,race_includehispBlack,race_includehisp,Race/Ethnicity,Black,White,1996,-0.091254,0.049742,-0.188796,0.006288,2408
GSS,race_includehispOther,race_includehisp,Race/Ethnicity,Other,White,1996,-0.126035,0.091078,-0.304636,0.052565,2408
GSS,educ_3catHS_SomeColl,educ_3cat,Education,HS_SomeColl,LT_HS,1996,0.393888,0.054623,0.286776,0.501001,2408
GSS,educ_3catBA_plus,educ_3cat,Education,BA_plus,LT_HS,1996,0.730552,0.057679,0.617446,0.843659,2408
GSS,age,age,Age,age,NA,1998,-0.010993,9.72e-4,-0.012899,-0.009087,2807
GSS,sexFemale,sex,Sex,Female,Male,1998,0.055995,0.030819,-0.004435,0.116426,2807
GSS,race_includehispBlack,race_includehisp,Race/Ethnicity,Black,White,1998,-0.138927,0.046512,-0.230129,-0.047725,2807
GSS,race_includehispOther,race_includehisp,Race/Ethnicity,Other,White,1998,-0.24539,0.067107,-0.376974,-0.113806,2807
GSS,educ_3catHS_SomeColl,educ_3cat,Education,HS_SomeColl,LT_HS,1998,0.385967,0.049053,0.289782,0.482151,2807
GSS,educ_3catBA_plus,educ_3cat,Education,BA_plus,LT_HS,1998,0.640959,0.052689,0.537646,0.744272,2807
GSS,age,age,Age,age,NA,2000,-0.010738,0.001025,-0.012747,-0.008729,2303
GSS,sexFemale,sex,Sex,Female,Male,2000,-0.074476,0.033295,-0.139768,-0.009185,2303
GSS,race_includehispBlack,race_includehisp,Race/Ethnicity,Black,White,2000,-0.186351,0.051354,-0.287056,-0.085645,2303
GSS,race_includehispHispanic,race_includehisp,Race/Ethnicity,Hispanic,White,2000,-0.077402,0.061511,-0.198024,0.04322,2303
GSS,race_includehispOther,race_includehisp,Race/Ethnicity,Other,White,2000,-0.098243,0.092489,-0.279614,0.083128,2303
GSS,educ_3catHS_SomeColl,educ_3cat,Education,HS_SomeColl,LT_HS,2000,0.388588,0.051675,0.287254,0.489922,2303
GSS,educ_3catBA_plus,educ_3cat,Education,BA_plus,LT_HS,2000,0.66298,0.057119,0.550969,0.774991,2303
GSS,age,age,Age,age,NA,2002,-0.008509,0.001181,-0.010825,-0.006193,1838
GSS,sexFemale,sex,Sex,Female,Male,2002,0.036947,0.039889,-0.041285,0.115179,1838
GSS,race_includehispBlack,race_includehisp,Race/Ethnicity,Black,White,2002,-0.171612,0.061027,-0.291302,-0.051921,1838
GSS,race_includehispHispanic,race_includehisp,Race/Ethnicity,Hispanic,White,2002,-0.03035,0.075912,-0.179235,0.118534,1838
GSS,race_includehispOther,race_includehisp,Race/Ethnicity,Other,White,2002,-0.28742,0.165184,-0.611388,0.036548,1838
GSS,educ_3catHS_SomeColl,educ_3cat,Education,HS_SomeColl,LT_HS,2002,0.315452,0.063723,0.190475,0.440429,1838
GSS,educ_3catBA_plus,educ_3cat,Education,BA_plus,LT_HS,2002,0.607073,0.070103,0.469582,0.744564,1838
GSS,age,age,Age,age,NA,2004,-0.008032,0.001392,-0.010763,-0.0053,1350
GSS,sexFemale,sex,Sex,Female,Male,2004,0.005161,0.045696,-0.084483,0.094805,1350
GSS,race_includehispBlack,race_includehisp,Race/Ethnicity,Black,White,2004,-0.164085,0.066303,-0.294155,-0.034016,1350
GSS,race_includehispHispanic,race_includehisp,Race/Ethnicity,Hispanic,White,2004,-0.236756,0.087775,-0.408946,-0.064565,1350
GSS,race_includehispOther,race_includehisp,Race/Ethnicity,Other,White,2004,-0.169856,0.137874,-0.440327,0.100615,1350
GSS,educ_3catHS_SomeColl,educ_3cat,Education,HS_SomeColl,LT_HS,2004,0.476934,0.078466,0.323004,0.630864,1350
GSS,educ_3catBA_plus,educ_3cat,Education,BA_plus,LT_HS,2004,0.761949,0.081087,0.602879,0.92102,1350
GSS,age,age,Age,age,NA,2006,-0.010915,9.39e-4,-0.012757,-0.009073,3501
GSS,sexFemale,sex,Sex,Female,Male,2006,-0.04046,0.030115,-0.099504,0.018584,3501
GSS,race_includehispBlack,race_includehisp,Race/Ethnicity,Black,White,2006,-0.194427,0.047907,-0.288356,-0.100498,3501
GSS,race_includehispHispanic,race_includehisp,Race/Ethnicity,Hispanic,White,2006,-0.123158,0.046015,-0.213377,-0.032939,3501
GSS,race_includehispOther,race_includehisp,Race/Ethnicity,Other,White,2006,-0.325,0.094684,-0.510641,-0.139359,3501
GSS,educ_3catHS_SomeColl,educ_3cat,Education,HS_SomeColl,LT_HS,2006,0.377958,0.049268,0.28136100000000003,0.474556,3501
GSS,educ_3catBA_plus,educ_3cat,Education,BA_plus,LT_HS,2006,0.689647,0.053808,0.58415,0.795145,3501
GSS,age,age,Age,age,NA,2008,-0.010014,0.001403,-0.012766,-0.007262,1346
GSS,sexFemale,sex,Sex,Female,Male,2008,-0.03148,0.047201,-0.124077,0.061116,1346
GSS,race_includehispBlack,race_includehisp,Race/Ethnicity,Black,White,2008,-0.162057,0.079533,-0.31808,-0.006033,1346
GSS,race_includehispHispanic,race_includehisp,Race/Ethnicity,Hispanic,White,2008,-0.096181,0.077065,-0.247362,0.054999,1346
GSS,race_includehispOther,race_includehisp,Race/Ethnicity,Other,White,2008,-0.047773,0.096003,-0.236106,0.14056,1346
GSS,educ_3catHS_SomeColl,educ_3cat,Education,HS_SomeColl,LT_HS,2008,0.525932,0.077843,0.373225,0.678638,1346
GSS,educ_3catBA_plus,educ_3cat,Education,BA_plus,LT_HS,2008,0.708815,0.083433,0.545142,0.872488,1346
GSS,age,age,Age,age,NA,2010,-0.008671,0.001558,-0.011728,-0.005614,1276
GSS,sexFemale,sex,Sex,Female,Male,2010,-0.052511,0.052052,-0.154627,0.049606,1276
GSS,race_includehispBlack,race_includehisp,Race/Ethnicity,Black,White,2010,-0.055954,0.085394,-0.223482,0.111574,1276
GSS,race_includehispHispanic,race_includehisp,Race/Ethnicity,Hispanic,White,2010,-0.238342,0.09747,-0.429562,-0.047123,1276
GSS,race_includehispOther,race_includehisp,Race/Ethnicity,Other,White,2010,-0.230125,0.133697,-0.492417,0.032166,1276
GSS,educ_3catHS_SomeColl,educ_3cat,Education,HS_SomeColl,LT_HS,2010,0.313844,0.087513,0.142158,0.48553,1276
GSS,educ_3catBA_plus,educ_3cat,Education,BA_plus,LT_HS,2010,0.618519,0.093157,0.43576,0.801278,1276
GSS,age,age,Age,age,NA,2012,-0.008839,0.001643,-0.012061,-0.005616,1301
GSS,sexFemale,sex,Sex,Female,Male,2012,-0.049973,0.054266,-0.156432,0.056487,1301
GSS,race_includehispBlack,race_includehisp,Race/Ethnicity,Black,White,2012,-0.086013,0.079183,-0.241353,0.069328,1301
GSS,race_includehispHispanic,race_includehisp,Race/Ethnicity,Hispanic,White,2012,-0.017377,0.081055,-0.176391,0.141637,1301
GSS,race_includehispOther,race_includehisp,Race/Ethnicity,Other,White,2012,0.087378,0.146234,-0.199503,0.374259,1301
GSS,educ_3catHS_SomeColl,educ_3cat,Education,HS_SomeColl,LT_HS,2012,0.241178,0.094307,0.056166,0.42619,1301
GSS,educ_3catBA_plus,educ_3cat,Education,BA_plus,LT_HS,2012,0.497594,0.099261,0.302863,0.692325,1301
GSS,age,age,Age,age,NA,2014,-0.007577,0.00132,-0.010166,-0.004988,1703
GSS,sexFemale,sex,Sex,Female,Male,2014,0.051165,0.042842,-0.032864,0.135194,1703
GSS,race_includehispBlack,race_includehisp,Race/Ethnicity,Black,White,2014,-0.035369,0.062859,-0.158658,0.08792,1703
GSS,race_includehispHispanic,race_includehisp,Race/Ethnicity,Hispanic,White,2014,-0.003155,0.06521,-0.131055,0.124745,1703
GSS,race_includehispOther,race_includehisp,Race/Ethnicity,Other,White,2014,-0.00682,0.097084,-0.197237,0.183597,1703
GSS,educ_3catHS_SomeColl,educ_3cat,Education,HS_SomeColl,LT_HS,2014,0.531104,0.070241,0.393335,0.668873,1703
GSS,educ_3catBA_plus,educ_3cat,Education,BA_plus,LT_HS,2014,0.889526,0.075772,0.740909,1.038144,1703
GSS,age,age,Age,age,NA,2016,-0.003472,0.001258,-0.00594,-0.001005,1874
GSS,sexFemale,sex,Sex,Female,Male,2016,-0.007829,0.041922,-0.090048,0.074389,1874
GSS,race_includehispBlack,race_includehisp,Race/Ethnicity,Black,White,2016,0.02521,0.057605,-0.087766,0.138187,1874
GSS,race_includehispHispanic,race_includehisp,Race/Ethnicity,Hispanic,White,2016,0.157641,0.067346,0.025559,0.289723,1874
GSS,race_includehispOther,race_includehisp,Race/Ethnicity,Other,White,2016,-0.121141,0.089389,-0.296455,0.054173,1874
GSS,educ_3catHS_SomeColl,educ_3cat,Education,HS_SomeColl,LT_HS,2016,0.340739,0.076545,0.190616,0.490862,1874
GSS,educ_3catBA_plus,educ_3cat,Education,BA_plus,LT_HS,2016,0.747929,0.080967,0.589134,0.906724,1874
GSS,age,age,Age,age,NA,2018,-0.004465,0.001268,-0.006953,-0.001977,1567
GSS,sexFemale,sex,Sex,Female,Male,2018,0.020637,0.043468,-0.064624,0.105898,1567
GSS,race_includehispBlack,race_includehisp,Race/Ethnicity,Black,White,2018,-0.035973,0.061044,-0.155711,0.083765,1567
GSS,race_includehispHispanic,race_includehisp,Race/Ethnicity,Hispanic,White,2018,0.091864,0.070919,-0.047243,0.230971,1567
GSS,race_includehispOther,race_includehisp,Race/Ethnicity,Other,White,2018,-0.180141,0.100736,-0.377732,0.017451,1567
GSS,educ_3catHS_SomeColl,educ_3cat,Education,HS_SomeColl,LT_HS,2018,0.193682,0.081431,0.033956,0.353408,1567
GSS,educ_3catBA_plus,educ_3cat,Education,BA_plus,LT_HS,2018,0.587422,0.085969,0.418794,0.75605,1567
GSS,age,age,Age,age,NA,2021,-0.002433,9.27e-4,-0.00425,-6.15e-4,3643
GSS,sexFemale,sex,Sex,Female,Male,2021,-0.018622,0.030125,-0.077686,0.040442,3643
GSS,race_includehispBlack,race_includehisp,Race/Ethnicity,Black,White,2021,-0.066814,0.047805,-0.160542,0.026914,3643
GSS,race_includehispHispanic,race_includehisp,Race/Ethnicity,Hispanic,White,2021,-0.001582,0.050895,-0.101367,0.098204,3643
GSS,race_includehispOther,race_includehisp,Race/Ethnicity,Other,White,2021,0.00834,0.054804,-0.099109,0.115789,3643
GSS,educ_3catHS_SomeColl,educ_3cat,Education,HS_SomeColl,LT_HS,2021,0.21573,0.066511,0.085328,0.346132,3643
GSS,educ_3catBA_plus,educ_3cat,Education,BA_plus,LT_HS,2021,0.512322,0.066064,0.382796,0.641849,3643
GSS,age,age,Age,age,NA,2022,-0.005601,0.001157,-0.007869,-0.003334,3302
GSS,sexFemale,sex,Sex,Female,Male,2022,-0.041148,0.040501,-0.120558,0.038262,3302
GSS,race_includehispBlack,race_includehisp,Race/Ethnicity,Black,White,2022,-0.0716,0.060589,-0.190395,0.047196,3302
GSS,race_includehispHispanic,race_includehisp,Race/Ethnicity,Hispanic,White,2022,0.029992,0.064406,-0.096289,0.156272,3302
GSS,race_includehispOther,race_includehisp,Race/Ethnicity,Other,White,2022,-0.049382,0.093523,-0.232751,0.133988,3302
GSS,educ_3catHS_SomeColl,educ_3cat,Education,HS_SomeColl,LT_HS,2022,-0.009537,0.077464,-0.161418,0.142345,3302
GSS,educ_3catBA_plus,educ_3cat,Education,BA_plus,LT_HS,2022,0.303309,0.079736,0.146972,0.45964699999999997,3302
GSS,age,age,Age,age,NA,2024,-0.00527,0.001073,-0.007374,-0.003166,3132
GSS,sexFemale,sex,Sex,Female,Male,2024,0.024315,0.036379,-0.047014,0.095645,3132
GSS,race_includehispBlack,race_includehisp,Race/Ethnicity,Black,White,2024,-0.046304,0.052224,-0.148702,0.056093,3132
GSS,race_includehispHispanic,race_includehisp,Race/Ethnicity,Hispanic,White,2024,-0.061994,0.056483,-0.172741,0.048753,3132
GSS,race_includehispOther,race_includehisp,Race/Ethnicity,Other,White,2024,-0.153079,0.084316,-0.3184,0.012242,3132
GSS,educ_3catHS_SomeColl,educ_3cat,Education,HS_SomeColl,LT_HS,2024,0.256809,0.075705,0.108373,0.405245,3132
GSS,educ_3catBA_plus,educ_3cat,Education,BA_plus,LT_HS,2024,0.548879,0.077776,0.396382,0.701375,3132
