model,max_rhat,min_neff,converged
M1,1.0027787383867577,2208,TRUE
M2,1.001765760983744,2311,TRUE
M3,1.0019364464153593,1816,TRUE
M4,1.003248339009653,2033,TRUE
