"period","age_slope","interaction","ci_10","ci_90","significant"
"1995",-0.0211930093777619,0,-0.0222432592282763,-0.0201186630696436,"ref"
"1999",-0.0213226999232332,-0.000129690545471297,-0.000998778261053976,0.00076121625567581,""
"2003",-0.0214411533852318,-0.000248144007469962,-0.00109228342513515,0.000599145032213641,""
"2007",-0.0218419300091961,-0.000648920631434195,-0.00150068604083886,0.000196934363329761,""
"2011",-0.0229943392642375,-0.00180132988647562,-0.00266434372379984,-0.000921474326607311,"*"
"2015",-0.0243966440449097,-0.00320363466714785,-0.00410648729612026,-0.00229746445678196,"*"
"2019",-0.0223064982952192,-0.00111348891745729,-0.00203516748464832,-0.000165228244171828,"*"
"2023",-0.0222339294851055,-0.00104092010734365,-0.00205049799510952,1.77004696252461e-05,""
