"parameter","mean","sd","n_eff","Rhat"
"(Intercept)",4.44186144655327,0.0627839857792706,4305,1.00018282970649
"age",-0.0146659525692001,0.00118971579538736,4578,1.0005647025063
"scale(age_squared)",-0.121088362950136,0.0194310312471431,5662,1.0003066330019
"lnWt",-0.0120811865200147,0.0028974560587327,20048,0.999872096359791
"sigma",1.02738173472698,0.00160044805467922,17957,0.999859875964294
"Sigma[cohort_4yr:(Intercept),(Intercept)]",0.00468307792880998,0.00184379098787779,2443,1.00132155925113
"Sigma[period_4yr:(Intercept),(Intercept)]",0.000355312111313149,0.000450415088095579,3374,1.00027113251276
"mean_PPD",3.68132578459437,0.00324531800038514,12130,1.00022732443128
"log-posterior",-288685.243083604,6.41893915779999,2045,1.00191300390503
