survey,outcome,age_pct,period_pct,cohort_pct,residual_pct,r2_marginal,r2_conditional,pc_ratio,pattern
GSS,Continuous SRH,5.373806806346057,0.10129400520762888,2.0467021047241007,92.4781970837222,0.05373806806346057,0.07521802916277787,0.05,Cohort dominates
GSS,Fair/Poor (Binary),5.748102294887785,0.22452918148710752,2.4513928706223425,91.57597565300276,0.05748102294887784,0.08424024346997235,0.09,Cohort dominates
NHANES,Continuous SRH,5.442608206161007,0.46071735744781583,0.25401039545624654,93.84266404093492,0.05442608206161007,0.06157335959065069,1.81,Period dominates
NHANES,Fair/Poor (Binary),7.078707006098342,0.38535524111071695,0.18695932284617417,92.34897842994476,0.07078707006098342,0.07651021570055233,2.06,Period dominates
MEPS,Continuous SRH,8.096781539073193,0.4254034809046202,0.5922464207078973,90.8855685593143,0.08096781539073193,0.09114431440685712,0.72,Cohort dominates
MEPS,Fair/Poor (Binary),10.479965507216887,0.6826529913598461,0.360936166046828,88.47644533537644,0.10479965507216887,0.11523554664623564,1.89,Period dominates
BRFSS,Continuous SRH,5.921027941481554,0.1233411079229725,1.272173067212465,92.683457883383,0.05921027941481553,0.0731654211661699,0.1,Cohort dominates
BRFSS,Fair/Poor (Binary),8.874699135789003,0.16986762935632352,1.8560177312666268,89.09941550358805,0.08874699135789003,0.10900584496411954,0.09,Cohort dominates
