survey,outcome,age_pct,period_pct,cohort_pct,residual_pct,r2_marginal,r2_conditional,period_var,cohort_var
GSS,continuous,5.373806806346057,0.10129400520762888,2.0467021047241007,92.47819708372221,0.05373806806346057,0.07521802916277787,7.124540509800993e-4,0.014395533108511728
GSS,binary,5.748102294887785,0.22452918148710754,2.4513928706223425,91.57597565300276,0.057481022948877844,0.08424024346997235,0.008066213807622768,0.08806632122362831
NHANES,continuous,5.442608206161007,0.46071735744781583,0.25401039545624654,93.84266404093493,0.05442608206161007,0.061573359590650696,0.005315157815182847,0.0029304416617293976
NHANES,binary,7.078707006098342,0.38535524111071695,0.18695932284617417,92.34897842994476,0.07078707006098342,0.07651021570055233,0.013728012474377644,0.006660295858013434
MEPS,continuous,8.096781539073193,0.42540348090462027,0.5922464207078973,90.8855685593143,0.08096781539073193,0.09114431440685711,0.004577797890906898,0.0063732069372080345
MEPS,binary,10.479965507216889,0.6826529913598461,0.360936166046828,88.47644533537644,0.10479965507216889,0.11523554664623563,0.025383460130450133,0.013420887180523223
BRFSS,continuous,5.921027941481554,0.1233411079229725,1.272173067212465,92.68345788338301,0.059210279414815534,0.0731654211661699,0.0015067998564924805,0.015541535400399245
BRFSS,binary,8.874699135789003,0.16986762935632352,1.8560177312666268,89.09941550358805,0.08874699135789003,0.10900584496411954,0.006272118594872305,0.06853079288150296
