term,estimate,std_error,ci_lower_90,ci_upper_90,n_eff,Rhat
(Intercept),4.391375095092088,0.11800425921420236,4.19949589073601,4.591181241985347,1771,1.0001449719588127
age,-0.025615870814211135,0.0021989221992749462,-0.029325794285679267,-0.02213402729476938,1874,0.9995031334429746
scale(age_squared),0.2874141604124599,0.041683402698465884,0.22073069184874788,0.35713100180152824,1907,0.9996676480232368
lnWt,0.015296113250017318,0.0018733556784339296,0.012210803799676966,0.018337440474881388,5617,0.9993114848556375
sigma,1.0319571911099021,0.003644756727179395,1.0259429600494547,1.0379855507174516,6633,0.9995040140711158
mean_PPD,3.293886658200924,0.00721204442930387,3.2820279922396067,3.3058517449044813,3868,1.00007880732294
log-posterior,-58888.30725037579,22.68855073395439,-58926.08315811696,-58851.105096908366,1024,1.0049071848675055
