period,estimate,std_error,ci_lower_90,ci_upper_90
1999,0.049915179373460516,0.05429260983461243,-0.03228255887260715,0.13440892913972768
2003,0.010488526298614546,0.05461179337101151,-0.07488170149337973,0.0939260249816191
2007,-0.07838949085364255,0.05441407760422713,-0.1689411035371382,0.0030332533329797727
2011,-0.044915236727356214,0.05419871563847848,-0.13197868896672008,0.036135216217979216
2015,-0.07108746019522837,0.05272244928525232,-0.1551522064926077,0.006088952683387981
2019,0.13034530337221809,0.057037511004601776,0.0439593992917301,0.22127160161486073
NA,0.015696998318713466,0.021963553812371344,0.002861470189263482,0.0498390871482316
