component,variance,pct_of_total,sd
psu:strata,0.02394931014739876,2.1608712523293776,0.15475564657678492
strata,0.0026315335325017455,0.23743502944035413,0.05129847495298223
cohort_4yr,0.0010423764518315355,0.09405036282903166,0.03228585529038275
period_4yr,0.015696998318713466,1.4162909998664244,0.12528766227651256
Residual,1.0649970920594642,96.09135235553481,1.0319869631247598
Total,1.1083173105099098,100,1.052766503318713
