model,max_rhat,min_neff,converged
M1,1.0015680458608,1823,TRUE
M2,1.003138287550424,2030,TRUE
M3,1.0016634378976124,2266,TRUE
M4,1.002305470786632,2505,TRUE
