"parameter","mean","sd","n_eff","Rhat"
"(Intercept)",3.70565987988036,0.0636229476871309,3762,1.00084369161137
"age",-0.0170781618935301,0.00126918387294806,5309,1.00012484449713
"scale(age_squared)",0.120787080903352,0.0208984547830805,6392,1.0003807554707
"lnWt",0.039397230832068,0.00691161403618515,20038,0.999985432724759
"sigma",0.807251117257096,0.00235435319821107,14754,0.999705865636459
"Sigma[cohort_4yr:(Intercept),(Intercept)]",0.0156795812204456,0.00481679454733064,1709,1.00199252301426
"Sigma[period_4yr:(Intercept),(Intercept)]",0.000933057567336376,0.000583653418067926,3270,1.00052116107671
"mean_PPD",2.97180076401803,0.00474281205228804,11949,1.00033080185464
"log-posterior",-69506.4916564013,7.07114122753101,2075,1.00199987128195
