"Component","Full GSS (1971-2024)","Restricted GSS (1971-2014)"
"Period",0.139630346081024,0.169049104276798
"Cohort",2.34642044484599,1.1254208476883
"Residual",97.513949209073,98.7055300480349
