"parameter","mean","sd","n_eff","Rhat"
"(Intercept)",3.57074302280986,0.0723290699198326,5432,1.00020280305204
"age",-0.0132523114905706,0.00155445469537733,5863,1.0000672864204
"scale(age_squared)",0.0325238920515214,0.0263527601159467,6881,1.00022067389562
"lnWt",0.0564258550458666,0.00906819701654318,25566,0.999813623577575
"sigma",0.816915756013984,0.00275802447955605,18987,0.999879573963804
"Sigma[cohort_4yr:(Intercept),(Intercept)]",0.00760896926549162,0.00278988246287973,2598,1.00215259616597
"Sigma[period_4yr:(Intercept),(Intercept)]",0.00114294083092843,0.000806969949391938,3724,1.00046071953898
"mean_PPD",3.00096295987326,0.00551737589814586,12077,0.999796487108421
"log-posterior",-53589.8006922063,6.68514645941332,2184,1.00150148365552
