"component","variance","pct_of_total","sd","model"
"Cohort",0.0152623757380227,2.28833532358987,0.123540988089066,"M1: Base"
"Period",0.000752798809774039,0.1128694600062,0.0274371793334162,"M1: Base"
"Residual",0.65094895351013,97.5987952164039,0.806814076172528,"M1: Base"
"Cohort",0.0153150074678294,2.29808014040055,0.123753817992939,"M2: Period Smooth"
"Residual",0.65111116273353,97.7019198595995,0.806914594448217,"M2: Period Smooth"
"Period",0.000674518249687746,0.103483435036965,0.0259714891696211,"M3: Cohort Smooth"
"Residual",0.651138256854662,99.896516564963,0.806931382990315,"M3: Cohort Smooth"
